{"type":"FeatureCollection","features":[{"type":"Feature","properties":{"name":"EVANSDALE"},"geometry":{"type":"MultiPolygon","coordinates":[[[[-113.4797,53.61523],[-113.47624,53.61561],[-113.47448,53.61582],[-113.47318,53.6159],[-113.46742,53.61591],[-113.46743,53.61054],[-113.46744,53.60692],[-113.46962,53.60691],[-113.47023,53.6069],[-113.47086,53.60686],[-113.47159,53.60677],[-113.47225,53.60665],[-113.47373,53.60637],[-113.47642,53.6059],[-113.47673,53.60585],[-113.47791,53.60577],[-113.48101,53.60577],[-113.48174,53.60581],[-113.48244,53.60592],[-113.4851,53.60631],[-113.4885,53.60679],[-113.48893,53.60682],[-113.49168,53.60678],[-113.49171,53.60811],[-113.49171,53.61275],[-113.49179,53.61403],[-113.48967,53.61402],[-113.48907,53.61404],[-113.48794,53.61419],[-113.48601,53.61444],[-113.4797,53.61523]]]]}},{"type":"Feature","properties":{"name":"NORTHMOUNT"},"geometry":{"type":"MultiPolygon","coordinates":[[[[-113.4851,53.60631],[-113.48244,53.60592],[-113.48174,53.60581],[-113.48101,53.60577],[-113.47791,53.60577],[-113.47673,53.60585],[-113.47642,53.6059],[-113.47373,53.60637],[-113.47225,53.60665],[-113.47159,53.60677],[-113.47086,53.60686],[-113.47023,53.6069],[-113.46962,53.60691],[-113.46744,53.60692],[-113.46747,53.60374],[-113.46749,53.60105],[-113.4674,53.59966],[-113.47112,53.59961],[-113.47464,53.59956],[-113.48091,53.59949],[-113.48506,53.5995],[-113.49207,53.5995],[-113.49182,53.60176],[-113.49168,53.60678],[-113.48893,53.60682],[-113.4885,53.60679],[-113.4851,53.60631]]]]}},{"type":"Feature","properties":{"name":"PRINCE RUPERT"},"geometry":{"type":"MultiPolygon","coordinates":[[[[-113.51741,53.56463],[-113.51231,53.56248],[-113.51079,53.56184],[-113.50842,53.56082],[-113.50657,53.56003],[-113.50391,53.5589],[-113.50659,53.5589],[-113.50843,53.55889],[-113.51024,53.55889],[-113.51215,53.55889],[-113.5158,53.55888],[-113.5213,53.55889],[-113.52685,53.55888],[-113.5293,53.55888],[-113.5309,53.55889],[-113.5309,53.56233],[-113.53091,53.56597],[-113.53091,53.57014],[-113.53095,53.57031],[-113.53072,53.57029],[-113.53051,53.57025],[-113.52994,53.57001],[-113.52856,53.56937],[-113.52648,53.56849],[-113.52119,53.56625],[-113.51965,53.56559],[-113.51741,53.56463]]]]}},{"type":"Feature","properties":{"name":"SPRUCE AVENUE"},"geometry":{"type":"MultiPolygon","coordinates":[[[[-113.51231,53.56248],[-113.50837,53.56414],[-113.50562,53.56532],[-113.50305,53.56639],[-113.5029,53.56706],[-113.50292,53.57036],[-113.50107,53.57036],[-113.49926,53.57036],[-113.4974,53.57036],[-113.49552,53.57036],[-113.49372,53.57037],[-113.49203,53.57038],[-113.49182,53.56991],[-113.49182,53.56885],[-113.4918,53.56732],[-113.4918,53.56578],[-113.49178,53.56424],[-113.49176,53.5627],[-113.49175,53.56103],[-113.49173,53.55947],[-113.49185,53.55902],[-113.49371,53.55889],[-113.49555,53.55889],[-113.50106,53.5589],[-113.50299,53.5589],[-113.50391,53.5589],[-113.50657,53.56003],[-113.50842,53.56082],[-113.51079,53.56184],[-113.51231,53.56248]]]]}},{"type":"Feature","properties":{"name":"WESTWOOD"},"geometry":{"type":"MultiPolygon","coordinates":[[[[-113.49226,53.57662],[-113.49226,53.57532],[-113.49227,53.57354],[-113.49227,53.57195],[-113.49228,53.57091],[-113.49203,53.57038],[-113.49372,53.57037],[-113.49552,53.57036],[-113.4974,53.57036],[-113.49926,53.57036],[-113.50107,53.57036],[-113.50292,53.57036],[-113.50295,53.57083],[-113.50311,53.57195],[-113.50313,53.57354],[-113.50327,53.57379],[-113.50345,53.57399],[-113.50388,53.57432],[-113.5045,53.57475],[-113.50484,53.57513],[-113.5049,53.57538],[-113.50492,53.57563],[-113.50491,53.57671],[-113.50491,53.5783],[-113.50489,53.57944],[-113.50511,53.58139],[-113.49649,53.58153],[-113.49213,53.58148],[-113.49226,53.58085],[-113.49227,53.57944],[-113.49226,53.5783],[-113.49226,53.57662]]]]}},{"type":"Feature","properties":{"name":"HIGH PARK"},"geometry":{"type":"MultiPolygon","coordinates":[[[[-113.57798,53.55362],[-113.57798,53.55355],[-113.57797,53.5526],[-113.57797,53.55106],[-113.57983,53.55104],[-113.58159,53.55105],[-113.58335,53.55105],[-113.58509,53.55105],[-113.58687,53.55105],[-113.58862,53.55108],[-113.59036,53.55111],[-113.59044,53.5514],[-113.59043,53.55262],[-113.59041,53.55416],[-113.59042,53.55596],[-113.5904,53.55893],[-113.58724,53.55891],[-113.58419,53.55889],[-113.58116,53.55889],[-113.57964,53.55889],[-113.57797,53.55889],[-113.57799,53.55585],[-113.57798,53.55416],[-113.57798,53.55362]]]]}},{"type":"Feature","properties":{"name":"MCQUEEN"},"geometry":{"type":"MultiPolygon","coordinates":[[[[-113.56573,53.55153],[-113.56582,53.55098],[-113.56922,53.55106],[-113.57797,53.55106],[-113.57797,53.5526],[-113.57798,53.55355],[-113.57798,53.55416],[-113.57799,53.55585],[-113.57797,53.55889],[-113.57268,53.55884],[-113.56568,53.55882],[-113.56569,53.55623],[-113.56571,53.55415],[-113.56573,53.55153]]]]}},{"type":"Feature","properties":{"name":"HIGHLANDS"},"geometry":{"type":"MultiPolygon","coordinates":[[[[-113.43677,53.56293],[-113.438,53.56264],[-113.43771,53.56193],[-113.43785,53.5619],[-113.43898,53.56162],[-113.43943,53.56229],[-113.44168,53.5656],[-113.44266,53.56703],[-113.44363,53.56847],[-113.44461,53.56991],[-113.44487,53.57037],[-113.44455,53.57037],[-113.44297,53.57036],[-113.44145,53.57036],[-113.43989,53.57037],[-113.43815,53.57037],[-113.43647,53.57037],[-113.4353,53.57037],[-113.43378,53.57037],[-113.43303,53.57036],[-113.43225,53.57037],[-113.42765,53.57036],[-113.42611,53.57036],[-113.42459,53.57036],[-113.42154,53.57035],[-113.42001,53.57035],[-113.41839,53.57035],[-113.4184,53.56946],[-113.41839,53.56857],[-113.41839,53.56767],[-113.41839,53.56726],[-113.41839,53.56678],[-113.41839,53.56589],[-113.41839,53.56559],[-113.42002,53.5654],[-113.42155,53.56524],[-113.42307,53.56509],[-113.42582,53.5648],[-113.42902,53.56446],[-113.4294,53.5644],[-113.43158,53.56361],[-113.43396,53.56273],[-113.43449,53.56263],[-113.43491,53.56259],[-113.43544,53.56257],[-113.43581,53.56253],[-113.43606,53.56255],[-113.43634,53.56263],[-113.43655,53.56275],[-113.43677,53.56293]]]]}},{"type":"Feature","properties":{"name":"ELMWOOD"},"geometry":{"type":"MultiPolygon","coordinates":[[[[-113.61532,53.51955],[-113.61079,53.51956],[-113.60883,53.51954],[-113.60545,53.51953],[-113.60288,53.51952],[-113.59961,53.51952],[-113.59665,53.51949],[-113.59668,53.51685],[-113.59672,53.51517],[-113.59672,53.51192],[-113.60339,53.51207],[-113.6119,53.5121],[-113.61525,53.51211],[-113.61532,53.51955]]]]}},{"type":"Feature","properties":{"name":"THORNCLIFF"},"geometry":{"type":"MultiPolygon","coordinates":[[[[-113.61532,53.51955],[-113.61525,53.51211],[-113.62991,53.51217],[-113.63005,53.51489],[-113.63043,53.51706],[-113.63058,53.51836],[-113.63064,53.51914],[-113.6306,53.52012],[-113.63047,53.52129],[-113.62732,53.52089],[-113.62371,53.52031],[-113.62176,53.51997],[-113.62027,53.51978],[-113.6188,53.51965],[-113.6168,53.51954],[-113.61532,53.51955]]]]}},{"type":"Feature","properties":{"name":"CASSELMAN"},"geometry":{"type":"MultiPolygon","coordinates":[[[[-113.43047,53.60685],[-113.43047,53.60698],[-113.43046,53.60918],[-113.43054,53.60918],[-113.43053,53.61059],[-113.43053,53.61124],[-113.43048,53.61135],[-113.43046,53.61319],[-113.43045,53.6138],[-113.43036,53.61399],[-113.43052,53.61413],[-113.43052,53.6149],[-113.43052,53.61568],[-113.43052,53.61585],[-113.42466,53.61584],[-113.41822,53.61582],[-113.4182,53.61368],[-113.41813,53.61291],[-113.41802,53.61233],[-113.41797,53.61204],[-113.41784,53.61149],[-113.41717,53.60961],[-113.41709,53.60913],[-113.4171,53.60876],[-113.41722,53.60803],[-113.41763,53.60691],[-113.41989,53.60688],[-113.42282,53.60689],[-113.42367,53.60689],[-113.42568,53.60689],[-113.4293,53.6069],[-113.43004,53.60689],[-113.43047,53.60685]]]]}},{"type":"Feature","properties":{"name":"GLENGARRY"},"geometry":{"type":"MultiPolygon","coordinates":[[[[-113.49192,53.59677],[-113.49207,53.5995],[-113.48506,53.5995],[-113.48091,53.59949],[-113.47464,53.59956],[-113.47112,53.59961],[-113.4674,53.59966],[-113.46736,53.59772],[-113.46733,53.59686],[-113.46731,53.59532],[-113.46727,53.5944],[-113.46726,53.59318],[-113.46724,53.59221],[-113.46821,53.59221],[-113.46907,53.59221],[-113.46993,53.5922],[-113.4706,53.5922],[-113.47086,53.59214],[-113.47263,53.59213],[-113.47284,53.59219],[-113.47598,53.59217],[-113.4762,53.5921],[-113.47971,53.59208],[-113.48097,53.59206],[-113.48123,53.59214],[-113.48193,53.59215],[-113.4876,53.59211],[-113.48781,53.59209],[-113.48888,53.59207],[-113.49195,53.59205],[-113.49197,53.59319],[-113.4919,53.59327],[-113.49189,53.59461],[-113.49192,53.59677]]]]}},{"type":"Feature","properties":{"name":"QUEEN ALEXANDRA"},"geometry":{"type":"MultiPolygon","coordinates":[[[[-113.51204,53.5181],[-113.50934,53.5181],[-113.50631,53.51809],[-113.49757,53.51807],[-113.49757,53.51708],[-113.49758,53.51613],[-113.49758,53.51519],[-113.49759,53.51424],[-113.49759,53.51329],[-113.49759,53.51234],[-113.49759,53.51175],[-113.49766,53.51166],[-113.49766,53.50926],[-113.49766,53.50836],[-113.49766,53.50738],[-113.49766,53.50637],[-113.50054,53.50637],[-113.5026,53.50637],[-113.50274,53.50635],[-113.50442,53.50634],[-113.50442,53.50658],[-113.50631,53.50657],[-113.51202,53.50657],[-113.51203,53.50752],[-113.51203,53.50847],[-113.51203,53.50942],[-113.51204,53.51037],[-113.51204,53.51132],[-113.51204,53.51226],[-113.51204,53.51293],[-113.51204,53.51324],[-113.51204,53.51407],[-113.51204,53.51426],[-113.51204,53.51521],[-113.51204,53.51615],[-113.51204,53.5171],[-113.51204,53.5181]]]]}},{"type":"Feature","properties":{"name":"NORTH GLENORA"},"geometry":{"type":"MultiPolygon","coordinates":[[[[-113.5498,53.55098],[-113.5555,53.55097],[-113.56137,53.55096],[-113.56582,53.55098],[-113.56573,53.55153],[-113.56571,53.55415],[-113.56569,53.55623],[-113.56568,53.55882],[-113.55552,53.55883],[-113.55234,53.55884],[-113.5514,53.55892],[-113.55086,53.55712],[-113.55084,53.5555],[-113.55082,53.55438],[-113.55079,53.55291],[-113.5498,53.55098]]]]}},{"type":"Feature","properties":{"name":"KILDARE"},"geometry":{"type":"MultiPolygon","coordinates":[[[[-113.44693,53.60496],[-113.44605,53.60488],[-113.44536,53.60484],[-113.44281,53.60484],[-113.44283,53.60221],[-113.44294,53.59966],[-113.4462,53.59967],[-113.44906,53.59969],[-113.45546,53.59966],[-113.46243,53.59966],[-113.4674,53.59966],[-113.46749,53.60105],[-113.46747,53.60374],[-113.46744,53.60692],[-113.46482,53.60691],[-113.46332,53.60692],[-113.46032,53.60693],[-113.45883,53.60692],[-113.45647,53.60691],[-113.456,53.60688],[-113.45557,53.60683],[-113.45514,53.60676],[-113.4541,53.60653],[-113.45105,53.60588],[-113.44986,53.60562],[-113.44693,53.60496]]]]}},{"type":"Feature","properties":{"name":"ALLENDALE"},"geometry":{"type":"MultiPolygon","coordinates":[[[[-113.5026,53.50637],[-113.50054,53.50637],[-113.49766,53.50637],[-113.49766,53.50544],[-113.49766,53.50436],[-113.49765,53.50253],[-113.49766,53.50162],[-113.49766,53.49987],[-113.49764,53.49798],[-113.49932,53.49799],[-113.5008,53.49804],[-113.50226,53.49811],[-113.50256,53.49813],[-113.50289,53.49814],[-113.50441,53.49817],[-113.50934,53.49818],[-113.5119,53.49822],[-113.51199,53.49916],[-113.51198,53.50011],[-113.51199,53.50105],[-113.51199,53.50198],[-113.51199,53.50295],[-113.51199,53.5039],[-113.512,53.50484],[-113.51202,53.50562],[-113.51202,53.50657],[-113.50631,53.50657],[-113.50442,53.50658],[-113.50442,53.50634],[-113.50274,53.50635],[-113.5026,53.50637]]]]}},{"type":"Feature","properties":{"name":"PARKALLEN"},"geometry":{"type":"MultiPolygon","coordinates":[[[[-113.52294,53.5039],[-113.52299,53.50636],[-113.52459,53.50811],[-113.52359,53.50844],[-113.52296,53.50847],[-113.51994,53.50847],[-113.5166,53.50847],[-113.51203,53.50847],[-113.51203,53.50752],[-113.51202,53.50657],[-113.51202,53.50562],[-113.512,53.50484],[-113.51199,53.5039],[-113.51199,53.50295],[-113.51199,53.50198],[-113.51199,53.50105],[-113.51198,53.50011],[-113.51199,53.49916],[-113.5119,53.49822],[-113.51365,53.4982],[-113.51655,53.4982],[-113.51986,53.49819],[-113.52269,53.49772],[-113.52291,53.49829],[-113.52294,53.5039]]]]}},{"type":"Feature","properties":{"name":"PRINCE CHARLES"},"geometry":{"type":"MultiPolygon","coordinates":[[[[-113.53121,53.58096],[-113.53112,53.58083],[-113.53111,53.57784],[-113.53111,53.57781],[-113.53111,53.57775],[-113.53075,53.57765],[-113.53075,53.57512],[-113.53071,53.57211],[-113.53095,53.57194],[-113.53095,53.57031],[-113.53247,53.57032],[-113.53415,53.57031],[-113.53591,53.57031],[-113.53771,53.57032],[-113.53949,53.57032],[-113.54119,53.57031],[-113.54124,53.5705],[-113.54125,53.57194],[-113.54125,53.57353],[-113.54125,53.57511],[-113.54126,53.57668],[-113.54126,53.57775],[-113.54125,53.57926],[-113.54125,53.5806],[-113.53773,53.58062],[-113.53596,53.58063],[-113.53417,53.58064],[-113.5327,53.58064],[-113.53121,53.58096]]]]}},{"type":"Feature","properties":{"name":"WOODCROFT"},"geometry":{"type":"MultiPolygon","coordinates":[[[[-113.5657,53.56909],[-113.56581,53.56934],[-113.56579,53.57037],[-113.56138,53.57031],[-113.558,53.5703],[-113.55634,53.57029],[-113.55465,53.57029],[-113.55127,53.57028],[-113.54938,53.57028],[-113.54946,53.56843],[-113.54947,53.56738],[-113.54947,53.56683],[-113.54952,53.5663],[-113.54968,53.56594],[-113.55028,53.56522],[-113.55129,53.56404],[-113.5514,53.56381],[-113.55145,53.56356],[-113.55144,53.56324],[-113.55142,53.56049],[-113.5514,53.55892],[-113.55234,53.55884],[-113.55552,53.55883],[-113.56568,53.55882],[-113.5658,53.55936],[-113.56583,53.56049],[-113.56586,53.56288],[-113.56584,53.56522],[-113.56572,53.56581],[-113.5657,53.56909]]]]}},{"type":"Feature","properties":{"name":"LEE RIDGE"},"geometry":{"type":"MultiPolygon","coordinates":[[[[-113.43915,53.47434],[-113.43914,53.47386],[-113.43909,53.47329],[-113.43899,53.47266],[-113.43882,53.47196],[-113.43866,53.47147],[-113.43837,53.47065],[-113.43721,53.46813],[-113.43599,53.46545],[-113.4424,53.46509],[-113.44462,53.46497],[-113.44626,53.46491],[-113.45055,53.46485],[-113.45048,53.46829],[-113.45055,53.46885],[-113.45071,53.46939],[-113.45099,53.4699],[-113.45146,53.4704],[-113.45196,53.47086],[-113.4526,53.47128],[-113.45363,53.47191],[-113.45172,53.47298],[-113.45098,53.47331],[-113.45029,53.47355],[-113.44956,53.47376],[-113.44849,53.47399],[-113.44744,53.47413],[-113.44644,53.47419],[-113.43915,53.47434]]]]}},{"type":"Feature","properties":{"name":"HILLVIEW"},"geometry":{"type":"MultiPolygon","coordinates":[[[[-113.43915,53.47434],[-113.43504,53.47443],[-113.43426,53.47441],[-113.43358,53.47439],[-113.43232,53.47428],[-113.43109,53.4741],[-113.43026,53.47394],[-113.42922,53.47369],[-113.42847,53.47346],[-113.42788,53.47325],[-113.42731,53.47303],[-113.42602,53.47251],[-113.42504,53.47214],[-113.42374,53.47172],[-113.42191,53.47121],[-113.41988,53.47076],[-113.41862,53.4705],[-113.41693,53.47022],[-113.41593,53.47011],[-113.41637,53.46945],[-113.41675,53.469],[-113.41707,53.46866],[-113.41749,53.46831],[-113.41883,53.46721],[-113.41918,53.46689],[-113.41955,53.46644],[-113.42004,53.46572],[-113.42042,53.46506],[-113.42449,53.46531],[-113.42771,53.4654],[-113.43201,53.46548],[-113.43599,53.46545],[-113.43721,53.46813],[-113.43837,53.47065],[-113.43866,53.47147],[-113.43882,53.47196],[-113.43899,53.47266],[-113.43909,53.47329],[-113.43914,53.47386],[-113.43915,53.47434]]]]}},{"type":"Feature","properties":{"name":"IDYLWYLDE"},"geometry":{"type":"MultiPolygon","coordinates":[[[[-113.44306,53.52205],[-113.44305,53.52117],[-113.44303,53.52005],[-113.44304,53.51917],[-113.44294,53.51903],[-113.44296,53.51821],[-113.44306,53.51804],[-113.44906,53.51804],[-113.45208,53.518],[-113.45511,53.518],[-113.45516,53.52003],[-113.45518,53.52214],[-113.45518,53.52257],[-113.45526,53.52285],[-113.45548,53.52315],[-113.45747,53.52526],[-113.45229,53.52526],[-113.4518,53.52519],[-113.44909,53.5252],[-113.4429,53.52523],[-113.44306,53.52469],[-113.44306,53.52332],[-113.44305,53.52243],[-113.44306,53.52205]]]]}},{"type":"Feature","properties":{"name":"OTTEWELL"},"geometry":{"type":"MultiPolygon","coordinates":[[[[-113.42662,53.53973],[-113.42631,53.53984],[-113.42321,53.54072],[-113.42107,53.54118],[-113.41855,53.54118],[-113.41855,53.53745],[-113.41858,53.53395],[-113.41862,53.53035],[-113.41866,53.52675],[-113.41862,53.52477],[-113.41858,53.52288],[-113.41859,53.52139],[-113.41979,53.52204],[-113.42058,53.52237],[-113.42286,53.52309],[-113.42492,53.52373],[-113.42935,53.52503],[-113.42987,53.52513],[-113.43044,53.52518],[-113.43148,53.52519],[-113.43682,53.52522],[-113.43986,53.52523],[-113.4429,53.52523],[-113.44287,53.52685],[-113.44287,53.52777],[-113.44288,53.53051],[-113.44289,53.53231],[-113.44291,53.53398],[-113.44292,53.5353],[-113.44294,53.53753],[-113.43781,53.53751],[-113.43686,53.53751],[-113.43322,53.53755],[-113.43144,53.53778],[-113.43012,53.53815],[-113.4269,53.5396],[-113.42662,53.53973]]]]}},{"type":"Feature","properties":{"name":"YORK"},"geometry":{"type":"MultiPolygon","coordinates":[[[[-113.4293,53.6069],[-113.42568,53.60689],[-113.42367,53.60689],[-113.42282,53.60689],[-113.41989,53.60688],[-113.41763,53.60691],[-113.41839,53.60508],[-113.41856,53.60439],[-113.41851,53.60379],[-113.41826,53.6034],[-113.41778,53.60298],[-113.4169,53.60233],[-113.41956,53.60006],[-113.42117,53.59878],[-113.42203,53.59903],[-113.42349,53.59938],[-113.42451,53.5995],[-113.42634,53.59951],[-113.43058,53.59952],[-113.43515,53.59951],[-113.43885,53.59961],[-113.44294,53.59966],[-113.44283,53.60221],[-113.44281,53.60484],[-113.44025,53.60485],[-113.43882,53.60484],[-113.43733,53.60484],[-113.43529,53.60484],[-113.43493,53.60487],[-113.4346,53.60494],[-113.43435,53.60502],[-113.43251,53.60598],[-113.43139,53.60658],[-113.43107,53.60672],[-113.43077,53.60679],[-113.43047,53.60685],[-113.43004,53.60689],[-113.4293,53.6069]]]]}},{"type":"Feature","properties":{"name":"CALLINGWOOD SOUTH"},"geometry":{"type":"MultiPolygon","coordinates":[[[[-113.61545,53.50467],[-113.61544,53.50048],[-113.61547,53.4976],[-113.61764,53.49757],[-113.61923,53.4975],[-113.62102,53.49735],[-113.62939,53.49636],[-113.63027,53.49938],[-113.63077,53.50098],[-113.63116,53.50302],[-113.62891,53.50324],[-113.62728,53.50347],[-113.62299,53.50424],[-113.62116,53.50447],[-113.61952,53.50461],[-113.61838,53.50466],[-113.61545,53.50467]]]]}},{"type":"Feature","properties":{"name":"EMPIRE PARK"},"geometry":{"type":"MultiPolygon","coordinates":[[[[-113.49897,53.48824],[-113.49765,53.48815],[-113.49491,53.48813],[-113.49491,53.48555],[-113.49494,53.48385],[-113.495,53.48311],[-113.49556,53.48047],[-113.49797,53.48049],[-113.50022,53.48061],[-113.50427,53.48117],[-113.51122,53.48237],[-113.51681,53.48306],[-113.51672,53.4882],[-113.51401,53.48821],[-113.51097,53.48825],[-113.50795,53.48825],[-113.50615,53.48826],[-113.50437,53.48826],[-113.50282,53.48825],[-113.50032,53.48825],[-113.49897,53.48824]]]]}},{"type":"Feature","properties":{"name":"MEADOWLARK PARK"},"geometry":{"type":"MultiPolygon","coordinates":[[[[-113.59033,53.52667],[-113.59032,53.52492],[-113.59033,53.5231],[-113.59032,53.52128],[-113.59035,53.51946],[-113.5917,53.51946],[-113.59665,53.51949],[-113.59961,53.51952],[-113.60288,53.51952],[-113.60281,53.52249],[-113.60281,53.52374],[-113.60277,53.52672],[-113.60273,53.52835],[-113.6027,53.5316],[-113.59734,53.53157],[-113.59383,53.53155],[-113.59208,53.53154],[-113.59035,53.53153],[-113.59034,53.52917],[-113.59034,53.52762],[-113.59033,53.52667]]]]}},{"type":"Feature","properties":{"name":"SUMMERLEA"},"geometry":{"type":"MultiPolygon","coordinates":[[[[-113.63039,53.52857],[-113.62914,53.5286],[-113.62799,53.5287],[-113.62696,53.52885],[-113.6258,53.52916],[-113.62461,53.52956],[-113.62336,53.53014],[-113.62178,53.53086],[-113.62086,53.53116],[-113.61986,53.53143],[-113.61884,53.53162],[-113.61793,53.53168],[-113.61709,53.53171],[-113.61516,53.53169],[-113.61536,53.52486],[-113.61532,53.51955],[-113.6168,53.51954],[-113.6188,53.51965],[-113.62027,53.51978],[-113.62176,53.51997],[-113.62371,53.52031],[-113.62732,53.52089],[-113.63047,53.52129],[-113.62999,53.52375],[-113.62993,53.52467],[-113.62993,53.5255],[-113.62997,53.52632],[-113.63008,53.52703],[-113.63039,53.52857]]]]}},{"type":"Feature","properties":{"name":"GROVENOR"},"geometry":{"type":"MultiPolygon","coordinates":[[[[-113.56751,53.54005],[-113.56826,53.54005],[-113.56891,53.54023],[-113.56957,53.54005],[-113.57038,53.54019],[-113.57255,53.54103],[-113.57255,53.54115],[-113.57255,53.54126],[-113.57266,53.54131],[-113.57376,53.54131],[-113.57385,53.54137],[-113.57406,53.54157],[-113.57411,53.54199],[-113.57427,53.5421],[-113.57474,53.54214],[-113.57596,53.54211],[-113.5766,53.54205],[-113.57805,53.54174],[-113.57807,53.54328],[-113.57808,53.54402],[-113.5781,53.54636],[-113.57809,53.54861],[-113.57799,53.5495],[-113.57797,53.55106],[-113.56922,53.55106],[-113.56582,53.55098],[-113.56576,53.54879],[-113.56577,53.5486],[-113.56575,53.54778],[-113.56575,53.54673],[-113.56575,53.54631],[-113.56573,53.54567],[-113.56573,53.54401],[-113.56571,53.54292],[-113.56569,53.5421],[-113.56569,53.54124],[-113.56567,53.54038],[-113.56567,53.53974],[-113.56688,53.53974],[-113.56713,53.53979],[-113.56739,53.53989],[-113.56751,53.54005]]]]}},{"type":"Feature","properties":{"name":"BRITANNIA YOUNGSTOWN"},"geometry":{"type":"MultiPolygon","coordinates":[[[[-113.59037,53.54951],[-113.59037,53.54871],[-113.59035,53.54796],[-113.59033,53.5464],[-113.59034,53.54486],[-113.59031,53.54331],[-113.59033,53.5413],[-113.59208,53.54129],[-113.59382,53.5413],[-113.59561,53.54129],[-113.59738,53.54129],[-113.59918,53.54129],[-113.60091,53.5413],[-113.60267,53.5413],[-113.60453,53.54129],[-113.60603,53.54129],[-113.60753,53.54129],[-113.60929,53.54128],[-113.61284,53.54128],[-113.61487,53.54129],[-113.61489,53.54242],[-113.61507,53.54307],[-113.61543,53.5435],[-113.61492,53.54379],[-113.61387,53.54498],[-113.61267,53.54632],[-113.61099,53.54844],[-113.60891,53.55127],[-113.60282,53.5513],[-113.5957,53.55131],[-113.59363,53.55128],[-113.59118,53.55111],[-113.59036,53.55111],[-113.59037,53.54951]]]]}},{"type":"Feature","properties":{"name":"GLENWOOD"},"geometry":{"type":"MultiPolygon","coordinates":[[[[-113.61525,53.53753],[-113.61502,53.5378],[-113.61498,53.53929],[-113.61487,53.54129],[-113.61284,53.54128],[-113.60929,53.54128],[-113.60753,53.54129],[-113.60603,53.54129],[-113.60453,53.54129],[-113.60267,53.5413],[-113.60091,53.5413],[-113.59918,53.54129],[-113.59738,53.54129],[-113.59561,53.54129],[-113.59382,53.5413],[-113.59208,53.54129],[-113.59033,53.5413],[-113.5903,53.54026],[-113.59029,53.53921],[-113.59031,53.53773],[-113.59031,53.53749],[-113.59031,53.53618],[-113.59033,53.53463],[-113.59034,53.53309],[-113.59035,53.53153],[-113.59208,53.53154],[-113.59383,53.53155],[-113.59734,53.53157],[-113.6027,53.5316],[-113.60726,53.53162],[-113.6106,53.53165],[-113.61516,53.53169],[-113.61522,53.53567],[-113.61525,53.53753]]]]}},{"type":"Feature","properties":{"name":"PARKVIEW"},"geometry":{"type":"MultiPolygon","coordinates":[[[[-113.55946,53.52172],[-113.55948,53.52126],[-113.55826,53.52125],[-113.55762,53.52114],[-113.55588,53.5208],[-113.55483,53.52057],[-113.55469,53.52045],[-113.55425,53.51947],[-113.55427,53.5193],[-113.55436,53.51915],[-113.55454,53.51904],[-113.55478,53.51895],[-113.55624,53.51873],[-113.55639,53.51863],[-113.55642,53.51849],[-113.55617,53.51766],[-113.55604,53.51733],[-113.55606,53.5166],[-113.55778,53.51686],[-113.55847,53.51701],[-113.55882,53.51715],[-113.55909,53.51733],[-113.55933,53.51755],[-113.55944,53.51773],[-113.55948,53.51793],[-113.55947,53.51937],[-113.56259,53.51938],[-113.56571,53.51937],[-113.57027,53.51935],[-113.57488,53.51936],[-113.5763,53.51936],[-113.57791,53.51943],[-113.57788,53.52126],[-113.57788,53.52309],[-113.57791,53.52488],[-113.57794,53.52669],[-113.57794,53.52841],[-113.57796,53.52997],[-113.578,53.53152],[-113.57627,53.53152],[-113.57627,53.53078],[-113.57612,53.53078],[-113.57288,53.53004],[-113.57258,53.52997],[-113.57163,53.52976],[-113.56916,53.52863],[-113.56603,53.52863],[-113.56574,53.52863],[-113.56557,53.52863],[-113.56557,53.52854],[-113.5644,53.52854],[-113.56399,53.52902],[-113.56338,53.52935],[-113.56277,53.52922],[-113.56192,53.52837],[-113.56006,53.52806],[-113.55946,53.52815],[-113.55908,53.52798],[-113.55936,53.52777],[-113.55901,53.52754],[-113.55971,53.52715],[-113.55978,53.52701],[-113.55949,53.52573],[-113.55942,53.52557],[-113.55921,53.52525],[-113.55876,53.52474],[-113.5574,53.52363],[-113.55652,53.52291],[-113.55628,53.52271],[-113.55614,53.52253],[-113.55612,53.52249],[-113.55578,53.52256],[-113.55488,53.52219],[-113.55434,53.52159],[-113.55623,53.52166],[-113.5568,53.52201],[-113.55832,53.52182],[-113.55933,53.52182],[-113.55946,53.52172]]]]}},{"type":"Feature","properties":{"name":"BEACON HEIGHTS"},"geometry":{"type":"MultiPolygon","coordinates":[[[[-113.39992,53.57671],[-113.39839,53.57672],[-113.39692,53.57673],[-113.39475,53.57672],[-113.39475,53.57663],[-113.39408,53.57663],[-113.39408,53.57509],[-113.39369,53.57509],[-113.39369,53.57354],[-113.3937,53.57277],[-113.39371,53.57192],[-113.39371,53.57038],[-113.39687,53.57037],[-113.39994,53.57037],[-113.40148,53.57037],[-113.40302,53.57037],[-113.40455,53.57036],[-113.4061,53.57036],[-113.40762,53.57035],[-113.40917,53.57036],[-113.41071,53.57036],[-113.41225,53.57036],[-113.41378,53.57035],[-113.41533,53.57035],[-113.41686,53.57035],[-113.41839,53.57035],[-113.41839,53.57189],[-113.41839,53.57352],[-113.41838,53.57507],[-113.41838,53.5767],[-113.41685,53.5767],[-113.41531,53.5767],[-113.41377,53.5767],[-113.41224,53.5767],[-113.4107,53.5767],[-113.40916,53.57671],[-113.40763,53.57671],[-113.40607,53.57671],[-113.40453,53.57671],[-113.403,53.57671],[-113.40146,53.57671],[-113.39992,53.57671]]]]}},{"type":"Feature","properties":{"name":"ALDERGROVE"},"geometry":{"type":"MultiPolygon","coordinates":[[[[-113.65209,53.5195],[-113.65209,53.52111],[-113.65209,53.52128],[-113.64911,53.52135],[-113.647,53.5214],[-113.64409,53.52147],[-113.63713,53.5216],[-113.63359,53.52153],[-113.63047,53.52129],[-113.6306,53.52012],[-113.63064,53.51914],[-113.63058,53.51836],[-113.63043,53.51706],[-113.63005,53.51489],[-113.62991,53.51217],[-113.65207,53.5122],[-113.65208,53.51266],[-113.65208,53.51296],[-113.65209,53.5195]]]]}},{"type":"Feature","properties":{"name":"EASTWOOD"},"geometry":{"type":"MultiPolygon","coordinates":[[[[-113.45821,53.57123],[-113.45907,53.57048],[-113.45919,53.57038],[-113.46092,53.57039],[-113.46253,53.57039],[-113.46402,53.5704],[-113.46553,53.5704],[-113.46731,53.57039],[-113.4688,53.57039],[-113.46908,53.57039],[-113.47029,53.57039],[-113.47085,53.57039],[-113.47179,53.57039],[-113.47262,53.57039],[-113.4733,53.57039],[-113.4744,53.57039],[-113.4748,53.57039],[-113.47619,53.57039],[-113.47673,53.57039],[-113.47796,53.57039],[-113.47796,53.57196],[-113.47796,53.57355],[-113.47796,53.57514],[-113.47797,53.57672],[-113.47619,53.57672],[-113.47442,53.57672],[-113.47264,53.57673],[-113.47264,53.57829],[-113.47263,53.57984],[-113.47263,53.58132],[-113.47231,53.58133],[-113.47174,53.58139],[-113.47085,53.58159],[-113.46995,53.58183],[-113.46996,53.58142],[-113.46923,53.58142],[-113.46908,53.58144],[-113.46731,53.58139],[-113.4673,53.57984],[-113.46731,53.57829],[-113.46731,53.57673],[-113.4655,53.57673],[-113.46182,53.57673],[-113.45998,53.57672],[-113.45918,53.57672],[-113.45999,53.57514],[-113.45952,53.57516],[-113.45802,53.57516],[-113.45653,53.57516],[-113.45652,53.57357],[-113.45637,53.57346],[-113.45566,53.57346],[-113.45821,53.57123]]]]}},{"type":"Feature","properties":{"name":"LAUDERDALE"},"geometry":{"type":"MultiPolygon","coordinates":[[[[-113.49195,53.58907],[-113.49201,53.58594],[-113.49196,53.58477],[-113.49372,53.58476],[-113.49429,53.58476],[-113.49549,53.58481],[-113.49656,53.58482],[-113.49726,53.58488],[-113.49901,53.58489],[-113.50427,53.58493],[-113.50843,53.58496],[-113.5086,53.58489],[-113.51024,53.5849],[-113.51655,53.58493],[-113.51656,53.58746],[-113.51654,53.58959],[-113.51653,53.59016],[-113.51662,53.59038],[-113.51661,53.59119],[-113.51658,53.59213],[-113.51507,53.59213],[-113.51359,53.59214],[-113.50841,53.59211],[-113.50825,53.59206],[-113.50659,53.59205],[-113.50398,53.59204],[-113.50075,53.59204],[-113.49899,53.59203],[-113.49725,53.59202],[-113.49658,53.59206],[-113.49547,53.59205],[-113.49369,53.59206],[-113.49195,53.59205],[-113.49198,53.58959],[-113.49195,53.58907]]]]}},{"type":"Feature","properties":{"name":"ROSSLYN"},"geometry":{"type":"MultiPolygon","coordinates":[[[[-113.49192,53.59677],[-113.49189,53.59461],[-113.4919,53.59327],[-113.49197,53.59319],[-113.49195,53.59205],[-113.49369,53.59206],[-113.49547,53.59205],[-113.49658,53.59206],[-113.49725,53.59202],[-113.49899,53.59203],[-113.50075,53.59204],[-113.50398,53.59204],[-113.50659,53.59205],[-113.50825,53.59206],[-113.50841,53.59211],[-113.51359,53.59214],[-113.51507,53.59213],[-113.51658,53.59213],[-113.51665,53.59492],[-113.5167,53.59707],[-113.5167,53.5984],[-113.51671,53.59945],[-113.51217,53.59944],[-113.50665,53.59944],[-113.50428,53.59944],[-113.50076,53.59943],[-113.49767,53.59944],[-113.4955,53.59945],[-113.49207,53.5995],[-113.49192,53.59677]]]]}},{"type":"Feature","properties":{"name":"KILLARNEY"},"geometry":{"type":"MultiPolygon","coordinates":[[[[-113.49195,53.58907],[-113.49198,53.58959],[-113.49195,53.59205],[-113.48888,53.59207],[-113.48781,53.59209],[-113.4876,53.59211],[-113.48193,53.59215],[-113.48123,53.59214],[-113.48097,53.59206],[-113.47971,53.59208],[-113.4762,53.5921],[-113.47598,53.59217],[-113.47284,53.59219],[-113.47263,53.59213],[-113.47086,53.59214],[-113.4706,53.5922],[-113.46993,53.5922],[-113.46907,53.59221],[-113.46821,53.59221],[-113.46724,53.59221],[-113.46718,53.58914],[-113.46718,53.58696],[-113.46725,53.58605],[-113.4673,53.58485],[-113.46909,53.58487],[-113.47087,53.58486],[-113.47262,53.58484],[-113.47442,53.58483],[-113.47619,53.58481],[-113.47796,53.58481],[-113.47965,53.5848],[-113.48116,53.5848],[-113.48286,53.5848],[-113.4845,53.58483],[-113.48606,53.58485],[-113.48744,53.58485],[-113.48815,53.58484],[-113.48889,53.5848],[-113.48989,53.58476],[-113.49044,53.58478],[-113.49196,53.58477],[-113.49201,53.58594],[-113.49195,53.58907]]]]}},{"type":"Feature","properties":{"name":"JASPER PARK"},"geometry":{"type":"MultiPolygon","coordinates":[[[[-113.59033,53.52667],[-113.58841,53.5267],[-113.58681,53.5267],[-113.58504,53.5267],[-113.58329,53.52671],[-113.58155,53.52671],[-113.57979,53.5267],[-113.57794,53.52669],[-113.57791,53.52488],[-113.57788,53.52309],[-113.57788,53.52126],[-113.57791,53.51943],[-113.5798,53.51945],[-113.58242,53.51944],[-113.58506,53.51945],[-113.58683,53.51945],[-113.59035,53.51946],[-113.59032,53.52128],[-113.59033,53.5231],[-113.59032,53.52492],[-113.59033,53.52667]]]]}},{"type":"Feature","properties":{"name":"RICHFIELD"},"geometry":{"type":"MultiPolygon","coordinates":[[[[-113.45661,53.46515],[-113.45832,53.46525],[-113.46006,53.4653],[-113.4665,53.46532],[-113.46648,53.4686],[-113.46642,53.47412],[-113.46187,53.47412],[-113.45892,53.47408],[-113.45792,53.47392],[-113.45693,53.47366],[-113.45624,53.47342],[-113.45561,53.47312],[-113.45455,53.47249],[-113.45363,53.47191],[-113.4526,53.47128],[-113.45196,53.47086],[-113.45146,53.4704],[-113.45099,53.4699],[-113.45071,53.46939],[-113.45055,53.46885],[-113.45048,53.46829],[-113.45055,53.46485],[-113.45266,53.46492],[-113.45661,53.46515]]]]}},{"type":"Feature","properties":{"name":"GREENVIEW"},"geometry":{"type":"MultiPolygon","coordinates":[[[[-113.41937,53.47697],[-113.41916,53.47701],[-113.41838,53.47693],[-113.41771,53.47684],[-113.41731,53.47696],[-113.41684,53.47614],[-113.41596,53.4746],[-113.4156,53.47367],[-113.41542,53.47286],[-113.41542,53.47193],[-113.4156,53.47097],[-113.41593,53.47011],[-113.41693,53.47022],[-113.41862,53.4705],[-113.41988,53.47076],[-113.42191,53.47121],[-113.42374,53.47172],[-113.42504,53.47214],[-113.42602,53.47251],[-113.42731,53.47303],[-113.42788,53.47325],[-113.42847,53.47346],[-113.42922,53.47369],[-113.43026,53.47394],[-113.43109,53.4741],[-113.43232,53.47428],[-113.43358,53.47439],[-113.43426,53.47441],[-113.43504,53.47443],[-113.43915,53.47434],[-113.43919,53.47534],[-113.43932,53.47596],[-113.43965,53.47654],[-113.44021,53.47715],[-113.43975,53.47718],[-113.43803,53.47736],[-113.43671,53.47772],[-113.4366,53.47791],[-113.43588,53.47815],[-113.43509,53.478],[-113.4348,53.4783],[-113.43374,53.47822],[-113.43335,53.47785],[-113.43332,53.47782],[-113.43182,53.4781],[-113.43164,53.47813],[-113.43166,53.4782],[-113.43167,53.47835],[-113.43163,53.47848],[-113.43154,53.47867],[-113.43139,53.4788],[-113.43153,53.47886],[-113.43201,53.47912],[-113.43212,53.47939],[-113.43196,53.47967],[-113.43162,53.47988],[-113.43094,53.47992],[-113.43079,53.47993],[-113.43077,53.48012],[-113.43068,53.48027],[-113.43051,53.4804],[-113.4303,53.4805],[-113.43006,53.48056],[-113.42975,53.48058],[-113.42938,53.48055],[-113.42906,53.48057],[-113.4287,53.48067],[-113.42838,53.48068],[-113.42809,53.48061],[-113.42787,53.48049],[-113.42774,53.48034],[-113.42771,53.48021],[-113.42774,53.48001],[-113.42773,53.47981],[-113.42756,53.4795],[-113.42752,53.47933],[-113.42757,53.47912],[-113.4277,53.47896],[-113.4276,53.47888],[-113.42715,53.4788],[-113.4273,53.4784],[-113.42603,53.47807],[-113.42587,53.47817],[-113.42526,53.479],[-113.42461,53.47907],[-113.42446,53.47906],[-113.42441,53.47923],[-113.42427,53.47938],[-113.42432,53.47947],[-113.42445,53.47978],[-113.42443,53.48007],[-113.4242,53.48036],[-113.42357,53.48031],[-113.423,53.48021],[-113.42265,53.48],[-113.4226,53.47975],[-113.42277,53.47944],[-113.42289,53.4794],[-113.4227,53.47923],[-113.42235,53.4786],[-113.42222,53.47846],[-113.42204,53.47833],[-113.421,53.47785],[-113.41997,53.47731],[-113.41966,53.47712],[-113.41952,53.47695],[-113.41937,53.47697]]]]}},{"type":"Feature","properties":{"name":"SHERBROOKE"},"geometry":{"type":"MultiPolygon","coordinates":[[[[-113.55513,53.57826],[-113.55691,53.58105],[-113.55572,53.58104],[-113.54777,53.58101],[-113.54288,53.58069],[-113.54125,53.5806],[-113.54125,53.57926],[-113.54126,53.57775],[-113.54126,53.57668],[-113.54125,53.57511],[-113.54125,53.57353],[-113.54125,53.57194],[-113.54124,53.5705],[-113.54119,53.57031],[-113.54453,53.57032],[-113.54622,53.57032],[-113.54938,53.57028],[-113.54947,53.57076],[-113.54967,53.57131],[-113.54992,53.57179],[-113.55147,53.57353],[-113.55261,53.57483],[-113.5534,53.57576],[-113.55431,53.57704],[-113.55513,53.57826]]]]}},{"type":"Feature","properties":{"name":"DOVERCOURT"},"geometry":{"type":"MultiPolygon","coordinates":[[[[-113.56569,53.57897],[-113.5657,53.58072],[-113.5658,53.58118],[-113.55691,53.58105],[-113.55513,53.57826],[-113.55431,53.57704],[-113.5534,53.57576],[-113.55261,53.57483],[-113.55147,53.57353],[-113.54992,53.57179],[-113.54967,53.57131],[-113.54947,53.57076],[-113.54938,53.57028],[-113.55127,53.57028],[-113.55465,53.57029],[-113.55634,53.57029],[-113.558,53.5703],[-113.56138,53.57031],[-113.56579,53.57037],[-113.56581,53.57156],[-113.56571,53.57197],[-113.56569,53.57355],[-113.5657,53.57676],[-113.56569,53.57833],[-113.56569,53.57897]]]]}},{"type":"Feature","properties":{"name":"CAPILANO"},"geometry":{"type":"MultiPolygon","coordinates":[[[[-113.41152,53.55838],[-113.41184,53.55812],[-113.41194,53.55805],[-113.41069,53.55749],[-113.41051,53.55739],[-113.41033,53.55729],[-113.41018,53.55717],[-113.41005,53.55705],[-113.40998,53.55697],[-113.40976,53.55667],[-113.41106,53.55634],[-113.41022,53.55516],[-113.41021,53.55512],[-113.4102,53.55507],[-113.41021,53.55503],[-113.41024,53.55499],[-113.41029,53.55494],[-113.41035,53.55491],[-113.41043,53.55488],[-113.41051,53.55486],[-113.41151,53.55481],[-113.41153,53.55405],[-113.41212,53.55409],[-113.41265,53.5541],[-113.41295,53.55411],[-113.41485,53.55411],[-113.41485,53.55333],[-113.41488,53.55322],[-113.41492,53.55311],[-113.41498,53.55301],[-113.41552,53.55228],[-113.41651,53.55227],[-113.41854,53.55227],[-113.41854,53.55141],[-113.41895,53.5514],[-113.4192,53.5514],[-113.41945,53.55139],[-113.41967,53.55136],[-113.4199,53.55132],[-113.42019,53.55124],[-113.42046,53.55115],[-113.42181,53.55069],[-113.42343,53.55022],[-113.42448,53.54998],[-113.42599,53.54969],[-113.42713,53.54954],[-113.42784,53.54946],[-113.42856,53.54939],[-113.43083,53.54932],[-113.43124,53.5493],[-113.43276,53.5493],[-113.43584,53.54932],[-113.43579,53.55151],[-113.43582,53.55217],[-113.43581,53.55234],[-113.43577,53.55249],[-113.43573,53.55264],[-113.43568,53.55279],[-113.43562,53.55294],[-113.43555,53.55309],[-113.43548,53.55324],[-113.43538,53.55339],[-113.43529,53.55354],[-113.43519,53.55367],[-113.43507,53.55382],[-113.43493,53.55395],[-113.4348,53.55408],[-113.43465,53.55421],[-113.4345,53.55434],[-113.43299,53.55551],[-113.43233,53.55604],[-113.43201,53.55626],[-113.43171,53.55644],[-113.43134,53.55661],[-113.43101,53.55672],[-113.43066,53.55682],[-113.43029,53.55691],[-113.42996,53.55696],[-113.42956,53.557],[-113.42914,53.55702],[-113.42857,53.55704],[-113.4272,53.55708],[-113.42719,53.55759],[-113.42787,53.55759],[-113.42797,53.55759],[-113.42807,53.5576],[-113.42817,53.55761],[-113.42826,53.55763],[-113.42836,53.55765],[-113.42845,53.55768],[-113.42853,53.55771],[-113.42861,53.55775],[-113.42868,53.55779],[-113.42875,53.55783],[-113.42881,53.55788],[-113.42886,53.55793],[-113.4289,53.55798],[-113.42893,53.55804],[-113.42896,53.5581],[-113.42897,53.55815],[-113.42898,53.55822],[-113.42898,53.55829],[-113.42896,53.55835],[-113.42894,53.55842],[-113.4289,53.55848],[-113.42885,53.55854],[-113.42879,53.55859],[-113.42872,53.55864],[-113.42854,53.55877],[-113.42833,53.55889],[-113.42813,53.559],[-113.42791,53.5591],[-113.42771,53.5592],[-113.4275,53.55929],[-113.4273,53.55936],[-113.42709,53.55944],[-113.42681,53.55954],[-113.42652,53.55963],[-113.42622,53.55971],[-113.42592,53.55979],[-113.42561,53.55985],[-113.42529,53.55991],[-113.42497,53.55996],[-113.42465,53.56],[-113.42432,53.56003],[-113.42417,53.56004],[-113.42406,53.56005],[-113.42394,53.56005],[-113.42383,53.56004],[-113.42372,53.56002],[-113.42361,53.55999],[-113.42351,53.55996],[-113.42342,53.55992],[-113.42334,53.55987],[-113.42324,53.55979],[-113.42316,53.5597],[-113.42312,53.5596],[-113.42311,53.55949],[-113.42311,53.55904],[-113.42311,53.55851],[-113.41852,53.5585],[-113.41838,53.5586],[-113.41838,53.55895],[-113.41823,53.55895],[-113.41772,53.55895],[-113.41768,53.55892],[-113.41273,53.55892],[-113.41268,53.55891],[-113.41152,53.55838]]]]}},{"type":"Feature","properties":{"name":"ALBERTA AVENUE"},"geometry":{"type":"MultiPolygon","coordinates":[[[[-113.49226,53.57662],[-113.49042,53.57663],[-113.48887,53.57662],[-113.48733,53.57663],[-113.48578,53.57662],[-113.48423,53.57662],[-113.48122,53.57662],[-113.47962,53.57662],[-113.47797,53.57672],[-113.47796,53.57514],[-113.47796,53.57355],[-113.47796,53.57196],[-113.47796,53.57039],[-113.47823,53.57039],[-113.47822,53.5689],[-113.4782,53.56736],[-113.47818,53.56582],[-113.47816,53.56275],[-113.47814,53.56103],[-113.47923,53.56103],[-113.47964,53.56109],[-113.48264,53.56056],[-113.48413,53.56043],[-113.48639,53.56024],[-113.487,53.56005],[-113.48861,53.5595],[-113.48951,53.55919],[-113.49012,53.55914],[-113.49185,53.55902],[-113.49173,53.55947],[-113.49175,53.56103],[-113.49176,53.5627],[-113.49178,53.56424],[-113.4918,53.56578],[-113.4918,53.56732],[-113.49182,53.56885],[-113.49182,53.56991],[-113.49203,53.57038],[-113.49228,53.57091],[-113.49227,53.57195],[-113.49227,53.57354],[-113.49226,53.57532],[-113.49226,53.57662]]]]}},{"type":"Feature","properties":{"name":"DELTON"},"geometry":{"type":"MultiPolygon","coordinates":[[[[-113.47619,53.57672],[-113.47797,53.57672],[-113.47962,53.57662],[-113.48122,53.57662],[-113.48423,53.57662],[-113.48578,53.57662],[-113.48733,53.57663],[-113.48887,53.57662],[-113.49042,53.57663],[-113.49226,53.57662],[-113.49226,53.5783],[-113.49227,53.57944],[-113.49226,53.58085],[-113.49213,53.58148],[-113.48951,53.58145],[-113.48667,53.58136],[-113.47797,53.58132],[-113.47295,53.58131],[-113.47263,53.58132],[-113.47263,53.57984],[-113.47264,53.57829],[-113.47264,53.57673],[-113.47442,53.57672],[-113.47619,53.57672]]]]}},{"type":"Feature","properties":{"name":"MINCHAU"},"geometry":{"type":"MultiPolygon","coordinates":[[[[-113.40599,53.46916],[-113.40586,53.46848],[-113.4042,53.46846],[-113.40352,53.46779],[-113.40354,53.4677],[-113.40321,53.46766],[-113.40244,53.46747],[-113.40202,53.46732],[-113.40159,53.46713],[-113.40109,53.46676],[-113.39988,53.46582],[-113.3997,53.46568],[-113.39936,53.46578],[-113.39885,53.46589],[-113.39696,53.46616],[-113.39668,53.46578],[-113.39654,53.46546],[-113.39639,53.46502],[-113.39634,53.4648],[-113.3953,53.46484],[-113.39505,53.46491],[-113.39507,53.46505],[-113.39496,53.46516],[-113.39432,53.46545],[-113.3938,53.46545],[-113.39385,53.46348],[-113.39891,53.46369],[-113.40672,53.46403],[-113.41552,53.46467],[-113.41689,53.46478],[-113.4183,53.46489],[-113.41971,53.46501],[-113.42042,53.46506],[-113.42004,53.46572],[-113.41955,53.46644],[-113.41918,53.46689],[-113.41883,53.46721],[-113.41749,53.46831],[-113.41707,53.46866],[-113.41675,53.469],[-113.41637,53.46945],[-113.41593,53.47011],[-113.4156,53.47097],[-113.41542,53.47193],[-113.41542,53.47286],[-113.4156,53.47367],[-113.41596,53.4746],[-113.41684,53.47614],[-113.41613,53.47618],[-113.41567,53.47616],[-113.41525,53.4761],[-113.41367,53.4757],[-113.41333,53.47561],[-113.41287,53.47544],[-113.41281,53.47538],[-113.41284,53.47531],[-113.4131,53.47509],[-113.41328,53.47482],[-113.4134,53.47453],[-113.41342,53.47436],[-113.41342,53.47417],[-113.41332,53.47378],[-113.41316,53.47324],[-113.41315,53.47295],[-113.41322,53.47248],[-113.41192,53.4723],[-113.41179,53.47099],[-113.41043,53.47091],[-113.41012,53.47036],[-113.40998,53.47036],[-113.40949,53.46994],[-113.40939,53.46978],[-113.40876,53.46983],[-113.40752,53.47001],[-113.40721,53.46962],[-113.40599,53.46916]]]]}},{"type":"Feature","properties":{"name":"SHERWOOD"},"geometry":{"type":"MultiPolygon","coordinates":[[[[-113.58504,53.5267],[-113.58681,53.5267],[-113.58841,53.5267],[-113.59033,53.52667],[-113.59034,53.52762],[-113.59034,53.52917],[-113.59035,53.53153],[-113.58858,53.53152],[-113.58682,53.53152],[-113.58504,53.53152],[-113.5833,53.53152],[-113.58155,53.53152],[-113.57979,53.53152],[-113.578,53.53152],[-113.57796,53.52997],[-113.57794,53.52841],[-113.57794,53.52669],[-113.57979,53.5267],[-113.58155,53.52671],[-113.58329,53.52671],[-113.58504,53.5267]]]]}},{"type":"Feature","properties":{"name":"GREENFIELD"},"geometry":{"type":"MultiPolygon","coordinates":[[[[-113.53484,53.46746],[-113.53871,53.46745],[-113.53867,53.47267],[-113.53864,53.47634],[-113.5351,53.47633],[-113.53212,53.47633],[-113.53026,53.47629],[-113.5286,53.47619],[-113.52605,53.47595],[-113.52403,53.47579],[-113.52298,53.47578],[-113.52083,53.47578],[-113.51634,53.47578],[-113.51632,53.47207],[-113.51636,53.4658],[-113.51911,53.46581],[-113.52507,53.46662],[-113.52863,53.46707],[-113.53067,53.46732],[-113.53226,53.46742],[-113.53376,53.46746],[-113.53484,53.46746]]]]}},{"type":"Feature","properties":{"name":"CALLINGWOOD NORTH"},"geometry":{"type":"MultiPolygon","coordinates":[[[[-113.61545,53.50467],[-113.61838,53.50466],[-113.61952,53.50461],[-113.62116,53.50447],[-113.62299,53.50424],[-113.62728,53.50347],[-113.62891,53.50324],[-113.63116,53.50302],[-113.63115,53.50516],[-113.63099,53.50626],[-113.63026,53.50942],[-113.62991,53.51217],[-113.61525,53.51211],[-113.61545,53.50467]]]]}},{"type":"Feature","properties":{"name":"PLEASANTVIEW"},"geometry":{"type":"MultiPolygon","coordinates":[[[[-113.51655,53.4982],[-113.51365,53.4982],[-113.5119,53.49822],[-113.50934,53.49818],[-113.50441,53.49817],[-113.50289,53.49814],[-113.50256,53.49813],[-113.50226,53.49811],[-113.5008,53.49804],[-113.49932,53.49799],[-113.49764,53.49798],[-113.49765,53.49703],[-113.49764,53.49608],[-113.49765,53.49513],[-113.49766,53.49364],[-113.49759,53.49329],[-113.49733,53.49299],[-113.49645,53.49243],[-113.49494,53.49141],[-113.49491,53.48813],[-113.49765,53.48815],[-113.49897,53.48824],[-113.50032,53.48825],[-113.50282,53.48825],[-113.50437,53.48826],[-113.50615,53.48826],[-113.50795,53.48825],[-113.51097,53.48825],[-113.51401,53.48821],[-113.51672,53.4882],[-113.51676,53.49061],[-113.51678,53.49408],[-113.51675,53.49662],[-113.51655,53.49691],[-113.51655,53.4982]]]]}},{"type":"Feature","properties":{"name":"LENDRUM PLACE"},"geometry":{"type":"MultiPolygon","coordinates":[[[[-113.52269,53.49772],[-113.51986,53.49819],[-113.51655,53.4982],[-113.51655,53.49691],[-113.51675,53.49662],[-113.51678,53.49408],[-113.51676,53.49061],[-113.51672,53.4882],[-113.51828,53.48822],[-113.52,53.48825],[-113.52273,53.48825],[-113.52402,53.48826],[-113.52569,53.48826],[-113.52733,53.48826],[-113.52882,53.48826],[-113.52883,53.49257],[-113.52884,53.49495],[-113.52885,53.49683],[-113.52885,53.49742],[-113.52868,53.49743],[-113.52569,53.49774],[-113.52372,53.49773],[-113.52358,53.49752],[-113.52269,53.49772]]]]}},{"type":"Feature","properties":{"name":"MEYONOHK"},"geometry":{"type":"MultiPolygon","coordinates":[[[[-113.46635,53.45886],[-113.45989,53.45887],[-113.45681,53.45884],[-113.45369,53.4587],[-113.44806,53.45847],[-113.4481,53.45588],[-113.44814,53.45326],[-113.45678,53.45218],[-113.45853,53.452],[-113.45994,53.45189],[-113.46163,53.45182],[-113.4664,53.45185],[-113.46635,53.45886]]]]}},{"type":"Feature","properties":{"name":"KAMEYOSEK"},"geometry":{"type":"MultiPolygon","coordinates":[[[[-113.43459,53.46213],[-113.43432,53.46102],[-113.43422,53.45991],[-113.4343,53.45839],[-113.44151,53.4584],[-113.44806,53.45847],[-113.44806,53.45954],[-113.44813,53.45999],[-113.44833,53.46045],[-113.44859,53.46084],[-113.44981,53.46214],[-113.45013,53.46255],[-113.45038,53.46298],[-113.45052,53.46343],[-113.45056,53.46379],[-113.45055,53.46485],[-113.44626,53.46491],[-113.44462,53.46497],[-113.4424,53.46509],[-113.43599,53.46545],[-113.43459,53.46213]]]]}},{"type":"Feature","properties":{"name":"TIPASKAN"},"geometry":{"type":"MultiPolygon","coordinates":[[[[-113.45661,53.46515],[-113.45266,53.46492],[-113.45055,53.46485],[-113.45056,53.46379],[-113.45052,53.46343],[-113.45038,53.46298],[-113.45013,53.46255],[-113.44981,53.46214],[-113.44859,53.46084],[-113.44833,53.46045],[-113.44813,53.45999],[-113.44806,53.45954],[-113.44806,53.45847],[-113.45369,53.4587],[-113.45681,53.45884],[-113.45989,53.45887],[-113.46635,53.45886],[-113.46644,53.4627],[-113.4665,53.46532],[-113.46006,53.4653],[-113.45832,53.46525],[-113.45661,53.46515]]]]}},{"type":"Feature","properties":{"name":"MILL WOODS PARK"},"geometry":{"type":"MultiPolygon","coordinates":[[[[-113.44393,53.45354],[-113.44814,53.45326],[-113.4481,53.45588],[-113.44806,53.45847],[-113.44151,53.4584],[-113.4343,53.45839],[-113.4347,53.45357],[-113.43924,53.45365],[-113.44393,53.45354]]]]}},{"type":"Feature","properties":{"name":"WESTBROOK ESTATES"},"geometry":{"type":"MultiPolygon","coordinates":[[[[-113.55222,53.47458],[-113.55083,53.47458],[-113.55067,53.47458],[-113.55044,53.47408],[-113.54331,53.47407],[-113.54331,53.47303],[-113.54097,53.47266],[-113.53867,53.47267],[-113.53871,53.46745],[-113.53871,53.46508],[-113.53885,53.46212],[-113.53882,53.46184],[-113.53916,53.46184],[-113.54674,53.46185],[-113.54619,53.46316],[-113.54642,53.46389],[-113.54754,53.46443],[-113.54977,53.46466],[-113.551,53.46439],[-113.55098,53.46449],[-113.55055,53.46553],[-113.55057,53.46614],[-113.55132,53.46703],[-113.55332,53.46737],[-113.55332,53.46797],[-113.55483,53.46888],[-113.55647,53.46913],[-113.55713,53.46894],[-113.55787,53.46879],[-113.5582,53.46937],[-113.55829,53.46983],[-113.55799,53.47016],[-113.5575,53.47053],[-113.5558,53.47002],[-113.55595,53.46969],[-113.55599,53.46959],[-113.55462,53.46936],[-113.55365,53.46908],[-113.55274,53.46857],[-113.55253,53.46856],[-113.55223,53.46873],[-113.54975,53.46775],[-113.54954,53.46785],[-113.55149,53.46893],[-113.55601,53.47095],[-113.55684,53.47174],[-113.55545,53.47251],[-113.55357,53.47317],[-113.55255,53.47345],[-113.55222,53.47458]]]]}},{"type":"Feature","properties":{"name":"MAYFIELD"},"geometry":{"type":"MultiPolygon","coordinates":[[[[-113.59882,53.55893],[-113.59425,53.55892],[-113.5904,53.55893],[-113.59042,53.55596],[-113.59041,53.55416],[-113.59043,53.55262],[-113.59044,53.5514],[-113.59036,53.55111],[-113.59118,53.55111],[-113.59363,53.55128],[-113.5957,53.55131],[-113.60282,53.5513],[-113.60891,53.55127],[-113.60842,53.55194],[-113.60517,53.55595],[-113.60379,53.55774],[-113.60321,53.5582],[-113.60244,53.55857],[-113.60156,53.55881],[-113.60063,53.5589],[-113.59882,53.55893]]]]}},{"type":"Feature","properties":{"name":"MICHAELS PARK"},"geometry":{"type":"MultiPolygon","coordinates":[[[[-113.45208,53.47861],[-113.45219,53.47956],[-113.45239,53.48127],[-113.45256,53.48235],[-113.45327,53.48482],[-113.45113,53.48494],[-113.44266,53.48497],[-113.4427,53.48028],[-113.4426,53.47961],[-113.44233,53.47907],[-113.44186,53.47855],[-113.44021,53.47715],[-113.43965,53.47654],[-113.43932,53.47596],[-113.43919,53.47534],[-113.43915,53.47434],[-113.44644,53.47419],[-113.44744,53.47413],[-113.44849,53.47399],[-113.44956,53.47376],[-113.45099,53.47587],[-113.4513,53.47638],[-113.45157,53.47689],[-113.45189,53.47774],[-113.452,53.47818],[-113.45208,53.47861]]]]}},{"type":"Feature","properties":{"name":"MCKERNAN"},"geometry":{"type":"MultiPolygon","coordinates":[[[[-113.52298,53.51592],[-113.52075,53.51554],[-113.51662,53.51485],[-113.51502,53.51457],[-113.51204,53.51407],[-113.51204,53.51324],[-113.51204,53.51293],[-113.51204,53.51226],[-113.51204,53.51132],[-113.51204,53.51037],[-113.51203,53.50942],[-113.51203,53.50847],[-113.5166,53.50847],[-113.51994,53.50847],[-113.52296,53.50847],[-113.52359,53.50844],[-113.52459,53.50811],[-113.52518,53.50842],[-113.52588,53.50943],[-113.52596,53.50989],[-113.52599,53.51224],[-113.52884,53.51224],[-113.52884,53.51321],[-113.53166,53.51319],[-113.53188,53.51336],[-113.53199,53.51348],[-113.53206,53.51362],[-113.53205,53.51415],[-113.53204,53.51462],[-113.53174,53.51462],[-113.53114,53.51463],[-113.53115,53.51509],[-113.53115,53.51545],[-113.5315,53.51586],[-113.53133,53.51623],[-113.53129,53.51632],[-113.53201,53.51644],[-113.53156,53.51741],[-113.52883,53.51696],[-113.52568,53.51652],[-113.52431,53.51626],[-113.52308,53.51628],[-113.52298,53.51592]]]]}},{"type":"Feature","properties":{"name":"DECHENE"},"geometry":{"type":"MultiPolygon","coordinates":[[[[-113.63997,53.4862],[-113.64145,53.48563],[-113.64233,53.48534],[-113.64309,53.48512],[-113.64578,53.48451],[-113.64555,53.48518],[-113.64408,53.48756],[-113.64382,53.4879],[-113.64353,53.4882],[-113.64319,53.4885],[-113.64163,53.48968],[-113.64135,53.48992],[-113.64111,53.49018],[-113.6409,53.49045],[-113.64071,53.49071],[-113.64044,53.49125],[-113.64027,53.49171],[-113.64016,53.49217],[-113.64017,53.49413],[-113.64017,53.49553],[-113.63733,53.49554],[-113.63476,53.49572],[-113.62939,53.49636],[-113.62912,53.49546],[-113.62901,53.49477],[-113.62916,53.49351],[-113.62953,53.49243],[-113.63004,53.49154],[-113.63074,53.49069],[-113.63154,53.4899],[-113.63234,53.48929],[-113.63326,53.48878],[-113.63428,53.48832],[-113.63997,53.4862]]]]}},{"type":"Feature","properties":{"name":"ATHLONE"},"geometry":{"type":"MultiPolygon","coordinates":[[[[-113.55645,53.59231],[-113.55604,53.59231],[-113.55581,53.59223],[-113.55349,53.59221],[-113.54887,53.5922],[-113.54426,53.59219],[-113.54117,53.59219],[-113.54118,53.59004],[-113.54117,53.58915],[-113.54119,53.58758],[-113.54118,53.58602],[-113.54118,53.58497],[-113.54117,53.58375],[-113.54133,53.58375],[-113.54219,53.58375],[-113.5535,53.58375],[-113.5535,53.58384],[-113.5535,53.58408],[-113.55356,53.58407],[-113.55362,53.58407],[-113.55368,53.58406],[-113.55375,53.58406],[-113.55381,53.58406],[-113.55387,53.58406],[-113.5542,53.58405],[-113.55636,53.584],[-113.55654,53.58397],[-113.55689,53.58407],[-113.56198,53.58925],[-113.56196,53.58999],[-113.56294,53.59099],[-113.56271,53.59144],[-113.56232,53.59219],[-113.56254,53.59219],[-113.56236,53.5923],[-113.55979,53.59231],[-113.55979,53.59229],[-113.55975,53.5922],[-113.55945,53.5922],[-113.55942,53.59229],[-113.55942,53.59231],[-113.55672,53.59231],[-113.55673,53.59229],[-113.55673,53.59227],[-113.55674,53.59225],[-113.55675,53.59223],[-113.55675,53.59222],[-113.55676,53.5922],[-113.5565,53.5922],[-113.55649,53.59222],[-113.55648,53.59223],[-113.55648,53.59225],[-113.55647,53.59227],[-113.55646,53.59229],[-113.55645,53.59231]]]]}},{"type":"Feature","properties":{"name":"MILL WOODS TOWN CENTRE"},"geometry":{"type":"MultiPolygon","coordinates":[[[[-113.42058,53.45679],[-113.42008,53.45476],[-113.42427,53.45421],[-113.4277,53.45376],[-113.42988,53.45356],[-113.43189,53.4535],[-113.4347,53.45357],[-113.4343,53.45839],[-113.43175,53.45839],[-113.43045,53.45847],[-113.4287,53.45879],[-113.42699,53.45916],[-113.4262,53.45929],[-113.42549,53.45937],[-113.42436,53.45942],[-113.42264,53.45941],[-113.4209,53.45931],[-113.42087,53.45854],[-113.42058,53.45679]]]]}},{"type":"Feature","properties":{"name":"BELLEVUE"},"geometry":{"type":"MultiPolygon","coordinates":[[[[-113.44936,53.56542],[-113.45179,53.56893],[-113.45236,53.56955],[-113.45267,53.56993],[-113.45291,53.57036],[-113.45216,53.57036],[-113.45125,53.57037],[-113.45068,53.57037],[-113.44963,53.57038],[-113.44916,53.57038],[-113.448,53.57038],[-113.44658,53.57038],[-113.44609,53.57038],[-113.44487,53.57037],[-113.44461,53.56991],[-113.44363,53.56847],[-113.44266,53.56703],[-113.44168,53.5656],[-113.43943,53.56229],[-113.43898,53.56162],[-113.44053,53.56125],[-113.44169,53.56053],[-113.44207,53.56044],[-113.4425,53.56021],[-113.44267,53.56017],[-113.44684,53.56309],[-113.44814,53.56398],[-113.44909,53.56503],[-113.44936,53.56542]]]]}},{"type":"Feature","properties":{"name":"FULTON PLACE"},"geometry":{"type":"MultiPolygon","coordinates":[[[[-113.42795,53.54119],[-113.42935,53.54118],[-113.42935,53.54313],[-113.42996,53.54321],[-113.4303,53.54327],[-113.43053,53.54332],[-113.43084,53.5434],[-113.43112,53.54349],[-113.43145,53.5436],[-113.43249,53.54405],[-113.43425,53.54506],[-113.43609,53.54609],[-113.43622,53.54617],[-113.43636,53.54628],[-113.43646,53.54639],[-113.43654,53.54651],[-113.43659,53.54662],[-113.43663,53.54675],[-113.43665,53.54687],[-113.43664,53.54743],[-113.43664,53.54808],[-113.43652,53.54845],[-113.43584,53.54932],[-113.43276,53.5493],[-113.43124,53.5493],[-113.43083,53.54932],[-113.42856,53.54939],[-113.42784,53.54946],[-113.42713,53.54954],[-113.42599,53.54969],[-113.42448,53.54998],[-113.42343,53.55022],[-113.42181,53.55069],[-113.42046,53.55115],[-113.42019,53.55124],[-113.4199,53.55132],[-113.41967,53.55136],[-113.41945,53.55139],[-113.4192,53.5514],[-113.41895,53.5514],[-113.41854,53.55141],[-113.41856,53.54744],[-113.41857,53.5447],[-113.41856,53.54259],[-113.41855,53.54118],[-113.42107,53.54118],[-113.42342,53.54118],[-113.42795,53.54119]]]]}},{"type":"Feature","properties":{"name":"RIO TERRACE"},"geometry":{"type":"MultiPolygon","coordinates":[[[[-113.58989,53.50276],[-113.58991,53.50277],[-113.58992,53.50277],[-113.58993,53.50278],[-113.58994,53.50278],[-113.59006,53.50284],[-113.59007,53.50284],[-113.59008,53.50285],[-113.59009,53.50285],[-113.59009,53.50285],[-113.5901,53.50285],[-113.59011,53.50285],[-113.59012,53.50285],[-113.59013,53.50285],[-113.59014,53.50285],[-113.59014,53.50285],[-113.59015,53.50285],[-113.59016,53.50285],[-113.59017,53.50285],[-113.59018,53.50284],[-113.59018,53.50284],[-113.59019,53.50284],[-113.5902,53.50284],[-113.5902,53.50283],[-113.59021,53.50283],[-113.59021,53.50282],[-113.59022,53.50282],[-113.59022,53.50281],[-113.59022,53.50281],[-113.59022,53.5028],[-113.59022,53.5028],[-113.59023,53.50279],[-113.59022,53.50348],[-113.59038,53.50348],[-113.59038,53.50373],[-113.59037,53.50705],[-113.59037,53.50789],[-113.59036,53.5091],[-113.59036,53.50985],[-113.59035,53.51154],[-113.59017,53.51155],[-113.58837,53.51158],[-113.58602,53.51175],[-113.58571,53.51187],[-113.58541,53.51191],[-113.58069,53.5119],[-113.57964,53.51157],[-113.57959,53.51162],[-113.57852,53.51127],[-113.57804,53.51127],[-113.57804,53.51083],[-113.57804,53.51075],[-113.57804,53.5089],[-113.57804,53.50753],[-113.57938,53.50711],[-113.58117,53.50681],[-113.58115,53.50666],[-113.5812,53.50652],[-113.58134,53.50642],[-113.58131,53.50633],[-113.58106,53.50613],[-113.58095,53.5059],[-113.58138,53.50583],[-113.58206,53.50554],[-113.58251,53.50564],[-113.58295,53.50566],[-113.58364,53.50536],[-113.58448,53.50542],[-113.58468,53.50528],[-113.5887,53.50396],[-113.58853,53.50377],[-113.58853,53.50366],[-113.58899,53.50366],[-113.58899,53.50355],[-113.58902,53.5035],[-113.58909,53.50327],[-113.58926,53.50314],[-113.58931,53.50312],[-113.58938,53.50304],[-113.58949,53.50295],[-113.58959,53.50272],[-113.58963,53.50284],[-113.58974,53.50293],[-113.58989,53.50276]]]]}},{"type":"Feature","properties":{"name":"ORMSBY PLACE"},"geometry":{"type":"MultiPolygon","coordinates":[[[[-113.65489,53.49769],[-113.65495,53.49781],[-113.65531,53.49846],[-113.65539,53.5021],[-113.65451,53.5022],[-113.65451,53.50307],[-113.64844,53.50317],[-113.6441,53.50316],[-113.64134,53.50296],[-113.63969,53.50294],[-113.63384,53.50287],[-113.63116,53.50302],[-113.63077,53.50098],[-113.63027,53.49938],[-113.62939,53.49636],[-113.63476,53.49572],[-113.63733,53.49554],[-113.64017,53.49553],[-113.64611,53.49552],[-113.64839,53.49544],[-113.65135,53.49512],[-113.6521,53.49504],[-113.6521,53.49591],[-113.65385,53.49583],[-113.65489,53.49769]]]]}},{"type":"Feature","properties":{"name":"BROWN INDUSTRIAL"},"geometry":{"type":"MultiPolygon","coordinates":[[[[-113.57739,53.58366],[-113.57728,53.58366],[-113.57718,53.58367],[-113.57675,53.58369],[-113.57632,53.58371],[-113.57589,53.58373],[-113.57546,53.58374],[-113.57503,53.58374],[-113.5746,53.58374],[-113.5597,53.58375],[-113.55912,53.58375],[-113.55894,53.58375],[-113.55829,53.5828],[-113.55691,53.58105],[-113.5658,53.58118],[-113.56756,53.58124],[-113.57796,53.58129],[-113.57811,53.58333],[-113.57811,53.5836],[-113.57799,53.58361],[-113.57787,53.58362],[-113.57775,53.58363],[-113.57763,53.58364],[-113.57751,53.58365],[-113.57739,53.58366]]]]}},{"type":"Feature","properties":{"name":"OLESKIW"},"geometry":{"type":"MultiPolygon","coordinates":[[[[-113.60292,53.49147],[-113.60289,53.49148],[-113.60287,53.49145],[-113.60247,53.491],[-113.60177,53.49035],[-113.60206,53.49018],[-113.60344,53.49012],[-113.60431,53.4899],[-113.60456,53.48992],[-113.60512,53.48986],[-113.60531,53.48978],[-113.60573,53.48987],[-113.60585,53.48973],[-113.60598,53.48972],[-113.6063,53.48986],[-113.60631,53.49004],[-113.60654,53.49031],[-113.60688,53.49029],[-113.60686,53.49019],[-113.60694,53.49002],[-113.60722,53.49004],[-113.60755,53.4899],[-113.60781,53.48986],[-113.60785,53.48967],[-113.60803,53.48957],[-113.60803,53.48964],[-113.60886,53.48964],[-113.609,53.48982],[-113.60996,53.48982],[-113.60996,53.4933],[-113.61188,53.4933],[-113.61256,53.49407],[-113.61513,53.49546],[-113.61543,53.49559],[-113.61543,53.49736],[-113.61547,53.4976],[-113.61544,53.50048],[-113.61545,53.50467],[-113.61106,53.50464],[-113.61014,53.50464],[-113.60951,53.50469],[-113.60902,53.50479],[-113.60853,53.50493],[-113.60822,53.50511],[-113.6077,53.50505],[-113.60738,53.50496],[-113.60707,53.50493],[-113.60692,53.50489],[-113.60729,53.50489],[-113.60705,53.5047],[-113.60642,53.50457],[-113.60576,53.50451],[-113.60568,53.50437],[-113.60522,53.50403],[-113.60493,53.50388],[-113.60468,53.50387],[-113.60471,53.50376],[-113.60424,53.50349],[-113.60467,53.50353],[-113.60506,53.50372],[-113.60552,53.50376],[-113.6061,53.50399],[-113.60703,53.50385],[-113.60749,53.50361],[-113.60799,53.50361],[-113.60873,53.50357],[-113.61022,53.50374],[-113.61057,53.50383],[-113.61088,53.50385],[-113.61106,53.50385],[-113.61124,53.50385],[-113.61208,53.50375],[-113.61239,53.5034],[-113.61302,53.50346],[-113.61305,53.50322],[-113.61237,53.50319],[-113.61194,53.50327],[-113.61179,53.50356],[-113.61124,53.50359],[-113.61087,53.50351],[-113.61045,53.50339],[-113.61009,53.5034],[-113.60988,53.50319],[-113.60921,53.50311],[-113.60912,53.50284],[-113.60905,53.50277],[-113.60875,53.50284],[-113.60843,53.50284],[-113.60756,53.50275],[-113.60722,53.50276],[-113.60658,53.50283],[-113.60631,53.5028],[-113.60538,53.50259],[-113.60492,53.50253],[-113.60425,53.5025],[-113.60396,53.50243],[-113.60372,53.50234],[-113.60354,53.50219],[-113.60343,53.50203],[-113.6034,53.50184],[-113.60345,53.50167],[-113.60335,53.50165],[-113.60286,53.50148],[-113.60286,53.50124],[-113.60285,53.50124],[-113.60276,53.50124],[-113.60277,53.50136],[-113.60212,53.50133],[-113.60172,53.50136],[-113.60145,53.50146],[-113.6013,53.50162],[-113.60101,53.50162],[-113.60088,53.50168],[-113.60067,53.50166],[-113.60051,53.50168],[-113.6004,53.50152],[-113.60005,53.50143],[-113.60005,53.50125],[-113.59982,53.50117],[-113.59955,53.50118],[-113.59943,53.50101],[-113.59908,53.50095],[-113.59887,53.50088],[-113.59865,53.50087],[-113.59847,53.50071],[-113.59857,53.50061],[-113.59837,53.50049],[-113.59845,53.49995],[-113.59834,53.49985],[-113.59814,53.49983],[-113.59789,53.49957],[-113.59767,53.49936],[-113.59731,53.49925],[-113.59724,53.49894],[-113.59705,53.49879],[-113.59683,53.49877],[-113.59639,53.4984],[-113.59587,53.49805],[-113.59591,53.49798],[-113.59652,53.49787],[-113.59693,53.49786],[-113.59732,53.49795],[-113.59762,53.49812],[-113.59777,53.49812],[-113.59781,53.49809],[-113.5976,53.49792],[-113.59749,53.4978],[-113.59687,53.49759],[-113.59711,53.49759],[-113.59693,53.49753],[-113.59682,53.49748],[-113.5967,53.49747],[-113.59643,53.4974],[-113.59633,53.4974],[-113.59633,53.49738],[-113.59659,53.49723],[-113.59673,53.49714],[-113.59684,53.49702],[-113.59671,53.49686],[-113.59648,53.4969],[-113.59628,53.49698],[-113.5962,53.49699],[-113.59595,53.497],[-113.59582,53.49702],[-113.59573,53.49705],[-113.59538,53.4972],[-113.59531,53.49728],[-113.59526,53.49728],[-113.59513,53.49732],[-113.59499,53.49739],[-113.59489,53.49747],[-113.59475,53.49757],[-113.5949,53.49757],[-113.59478,53.49774],[-113.59466,53.49782],[-113.59412,53.4979],[-113.59402,53.49793],[-113.59388,53.49802],[-113.59372,53.49804],[-113.59361,53.49809],[-113.59347,53.49819],[-113.5934,53.49823],[-113.59342,53.49814],[-113.59345,53.4981],[-113.59346,53.49804],[-113.59355,53.49796],[-113.59359,53.49785],[-113.59365,53.49778],[-113.59379,53.49766],[-113.59386,53.49757],[-113.594,53.49757],[-113.59409,53.49748],[-113.59425,53.49737],[-113.5943,53.49726],[-113.59432,53.49715],[-113.59431,53.4971],[-113.5944,53.49702],[-113.59454,53.49687],[-113.59469,53.49682],[-113.59477,53.49671],[-113.59463,53.49651],[-113.59478,53.49638],[-113.59483,53.49628],[-113.59494,53.49616],[-113.59525,53.49592],[-113.5953,53.49583],[-113.59534,53.4957],[-113.59526,53.49562],[-113.59534,53.49551],[-113.59542,53.49533],[-113.59553,53.49516],[-113.59583,53.49487],[-113.59592,53.49471],[-113.59597,53.49451],[-113.59613,53.49438],[-113.59639,53.49427],[-113.59682,53.49409],[-113.59718,53.49397],[-113.59747,53.49392],[-113.59746,53.49385],[-113.59794,53.49407],[-113.5977,53.49438],[-113.59789,53.49443],[-113.59791,53.49443],[-113.59791,53.49443],[-113.59793,53.49444],[-113.59794,53.49444],[-113.59828,53.49399],[-113.59848,53.49408],[-113.59857,53.49409],[-113.59874,53.49408],[-113.59882,53.49405],[-113.5989,53.49408],[-113.59895,53.49415],[-113.59906,53.49417],[-113.59916,53.49414],[-113.59833,53.49533],[-113.59801,53.49574],[-113.59752,53.496],[-113.59728,53.49637],[-113.59729,53.49646],[-113.59706,53.49681],[-113.597,53.49691],[-113.59735,53.4972],[-113.59762,53.49735],[-113.59794,53.49746],[-113.59837,53.49755],[-113.60177,53.49756],[-113.60208,53.49748],[-113.60209,53.49743],[-113.60209,53.49738],[-113.6021,53.49733],[-113.60211,53.49728],[-113.60212,53.49723],[-113.60213,53.49718],[-113.60214,53.49714],[-113.60215,53.4971],[-113.60217,53.49705],[-113.60218,53.49701],[-113.60219,53.49698],[-113.6022,53.49695],[-113.60222,53.49692],[-113.60223,53.49688],[-113.60225,53.49685],[-113.60226,53.49682],[-113.60228,53.49679],[-113.60229,53.49676],[-113.60231,53.49673],[-113.60233,53.4967],[-113.60234,53.49668],[-113.60236,53.49665],[-113.60238,53.49662],[-113.6024,53.49659],[-113.60242,53.49657],[-113.60243,53.49654],[-113.60245,53.49652],[-113.60247,53.49649],[-113.60249,53.49647],[-113.6025,53.49645],[-113.60252,53.49643],[-113.60253,53.49641],[-113.60255,53.4964],[-113.60257,53.49638],[-113.6026,53.49635],[-113.60265,53.49628],[-113.60269,53.49625],[-113.60273,53.49619],[-113.60278,53.49614],[-113.60282,53.49609],[-113.60285,53.49605],[-113.60289,53.496],[-113.60293,53.49595],[-113.60297,53.4959],[-113.603,53.49585],[-113.60303,53.49581],[-113.60306,53.49577],[-113.60309,53.49573],[-113.60311,53.49569],[-113.60313,53.49566],[-113.60316,53.49562],[-113.60318,53.49558],[-113.60323,53.49563],[-113.60328,53.49569],[-113.60334,53.49573],[-113.6034,53.49578],[-113.60347,53.49582],[-113.60355,53.49586],[-113.60374,53.49572],[-113.6037,53.4957],[-113.60366,53.49568],[-113.60363,53.49566],[-113.6036,53.49564],[-113.60357,53.49562],[-113.60354,53.4956],[-113.60351,53.49557],[-113.60349,53.49554],[-113.60346,53.49552],[-113.60344,53.49549],[-113.60343,53.49546],[-113.60341,53.49543],[-113.6034,53.4954],[-113.60339,53.49537],[-113.60339,53.49534],[-113.60338,53.49531],[-113.60338,53.49529],[-113.60338,53.49526],[-113.60339,53.49524],[-113.60339,53.49522],[-113.60339,53.4952],[-113.6034,53.49518],[-113.60341,53.49517],[-113.60341,53.49515],[-113.60343,53.49512],[-113.60344,53.49509],[-113.60347,53.49503],[-113.60348,53.495],[-113.6035,53.49496],[-113.60352,53.49491],[-113.60354,53.49485],[-113.60356,53.49479],[-113.60357,53.49477],[-113.60358,53.49472],[-113.60359,53.49468],[-113.60361,53.49463],[-113.60362,53.49459],[-113.60363,53.49455],[-113.60364,53.4945],[-113.60365,53.49447],[-113.60366,53.49443],[-113.60367,53.49439],[-113.60368,53.49435],[-113.60368,53.49432],[-113.60369,53.49428],[-113.6037,53.49423],[-113.6037,53.49418],[-113.60371,53.49414],[-113.60372,53.49409],[-113.60372,53.49404],[-113.60373,53.494],[-113.60373,53.49394],[-113.60373,53.49388],[-113.60374,53.49382],[-113.60374,53.49376],[-113.60374,53.49371],[-113.60374,53.49365],[-113.60374,53.49363],[-113.60373,53.49357],[-113.60373,53.49354],[-113.60373,53.4935],[-113.60373,53.49347],[-113.60373,53.49344],[-113.60372,53.49341],[-113.60372,53.49336],[-113.60371,53.49332],[-113.60371,53.49327],[-113.6037,53.49323],[-113.60369,53.49318],[-113.60369,53.49314],[-113.60368,53.4931],[-113.60367,53.49307],[-113.60367,53.49303],[-113.60366,53.493],[-113.60365,53.49296],[-113.60364,53.49293],[-113.60363,53.49289],[-113.60362,53.49285],[-113.60361,53.49281],[-113.6036,53.49277],[-113.60358,53.49273],[-113.60357,53.49268],[-113.60356,53.49264],[-113.60354,53.4926],[-113.60353,53.49256],[-113.60351,53.49252],[-113.6035,53.49248],[-113.60348,53.49244],[-113.60346,53.4924],[-113.60345,53.49236],[-113.60343,53.49233],[-113.60342,53.49229],[-113.6034,53.49225],[-113.60338,53.49222],[-113.60337,53.49218],[-113.60335,53.49215],[-113.60333,53.49212],[-113.60332,53.49209],[-113.6033,53.49206],[-113.60328,53.49203],[-113.60327,53.492],[-113.60325,53.49196],[-113.60323,53.49193],[-113.60321,53.4919],[-113.60319,53.49187],[-113.60318,53.49184],[-113.60316,53.49181],[-113.60314,53.49178],[-113.60312,53.49175],[-113.6031,53.49172],[-113.60308,53.49169],[-113.60305,53.49166],[-113.60303,53.49163],[-113.60301,53.49159],[-113.60299,53.49156],[-113.60297,53.49153],[-113.60294,53.4915],[-113.60292,53.49147]]]]}},{"type":"Feature","properties":{"name":"BELMEAD"},"geometry":{"type":"MultiPolygon","coordinates":[[[[-113.62997,53.52632],[-113.62993,53.5255],[-113.62993,53.52467],[-113.62999,53.52375],[-113.63047,53.52129],[-113.63359,53.52153],[-113.63713,53.5216],[-113.64409,53.52147],[-113.647,53.5214],[-113.64911,53.52135],[-113.65209,53.52128],[-113.65209,53.52144],[-113.65209,53.52163],[-113.65209,53.52265],[-113.6521,53.52408],[-113.6521,53.52648],[-113.65211,53.52992],[-113.64933,53.52993],[-113.64911,53.5299],[-113.64306,53.52987],[-113.64204,53.52984],[-113.64121,53.52976],[-113.64031,53.52962],[-113.63858,53.52925],[-113.63651,53.52873],[-113.63481,53.52846],[-113.6335,53.52838],[-113.63199,53.52842],[-113.63039,53.52857],[-113.63008,53.52703],[-113.62997,53.52632]]]]}},{"type":"Feature","properties":{"name":"CALDER"},"geometry":{"type":"MultiPolygon","coordinates":[[[[-113.53952,53.58392],[-113.5404,53.58392],[-113.54073,53.58392],[-113.54103,53.58392],[-113.54117,53.58392],[-113.54118,53.58497],[-113.54118,53.58602],[-113.54119,53.58758],[-113.54117,53.58915],[-113.54118,53.59004],[-113.54117,53.59219],[-113.53969,53.59218],[-113.53749,53.59218],[-113.5366,53.59218],[-113.53196,53.59217],[-113.53041,53.59216],[-113.52886,53.59216],[-113.52509,53.59215],[-113.5241,53.59215],[-113.52338,53.59215],[-113.52168,53.59215],[-113.51995,53.59216],[-113.51826,53.59214],[-113.51658,53.59213],[-113.51661,53.59119],[-113.51662,53.59038],[-113.51653,53.59016],[-113.51654,53.58959],[-113.51656,53.58746],[-113.51655,53.58493],[-113.51827,53.58493],[-113.51997,53.58493],[-113.52167,53.58493],[-113.52339,53.58494],[-113.52509,53.58494],[-113.52681,53.58494],[-113.52886,53.58495],[-113.5304,53.58496],[-113.53197,53.58496],[-113.53349,53.58496],[-113.53505,53.58496],[-113.53597,53.58496],[-113.53597,53.58393],[-113.53774,53.58392],[-113.53804,53.58392],[-113.53937,53.58392],[-113.53952,53.58392]]]]}},{"type":"Feature","properties":{"name":"RHATIGAN RIDGE"},"geometry":{"type":"MultiPolygon","coordinates":[[[[-113.60403,53.47671],[-113.60544,53.47737],[-113.60534,53.47746],[-113.60455,53.47781],[-113.60357,53.4777],[-113.60348,53.4777],[-113.60342,53.47771],[-113.60288,53.47773],[-113.60232,53.47793],[-113.60137,53.47826],[-113.60091,53.47823],[-113.60076,53.47826],[-113.60055,53.47841],[-113.59985,53.47858],[-113.59934,53.47866],[-113.59874,53.47869],[-113.59577,53.47875],[-113.59357,53.47879],[-113.5933,53.47879],[-113.59305,53.47876],[-113.59288,53.47901],[-113.59272,53.47915],[-113.59252,53.47924],[-113.59238,53.47926],[-113.59172,53.47944],[-113.59172,53.47947],[-113.59142,53.47961],[-113.59034,53.47991],[-113.59021,53.47995],[-113.5902,53.48013],[-113.58962,53.48023],[-113.5897,53.48036],[-113.58887,53.48054],[-113.58887,53.47999],[-113.58675,53.47924],[-113.58387,53.47724],[-113.58366,53.47712],[-113.58304,53.47747],[-113.58208,53.47812],[-113.58122,53.47784],[-113.58027,53.47763],[-113.57885,53.47737],[-113.57819,53.47724],[-113.57732,53.47702],[-113.57502,53.47639],[-113.58152,53.46848],[-113.58464,53.46922],[-113.58921,53.47031],[-113.59086,53.47074],[-113.59222,53.4712],[-113.59404,53.4721],[-113.59852,53.47448],[-113.60097,53.47578],[-113.60272,53.47578],[-113.60275,53.47579],[-113.60298,53.47579],[-113.60327,53.47606],[-113.60334,53.47611],[-113.60364,53.47622],[-113.60382,53.47644],[-113.60403,53.47671]]]]}},{"type":"Feature","properties":{"name":"RAMSAY HEIGHTS"},"geometry":{"type":"MultiPolygon","coordinates":[[[[-113.58779,53.48317],[-113.58727,53.48317],[-113.58626,53.48536],[-113.58619,53.48558],[-113.58618,53.48559],[-113.58615,53.48559],[-113.58612,53.48559],[-113.58607,53.48561],[-113.58604,53.48561],[-113.58604,53.48562],[-113.58603,53.48562],[-113.58602,53.48562],[-113.58601,53.48562],[-113.586,53.48562],[-113.58598,53.48562],[-113.58596,53.48561],[-113.58595,53.48561],[-113.58594,53.48561],[-113.58594,53.48561],[-113.58593,53.48562],[-113.58591,53.48563],[-113.5859,53.48564],[-113.58589,53.48564],[-113.58587,53.48566],[-113.58585,53.48568],[-113.58582,53.4857],[-113.5858,53.48572],[-113.58578,53.48574],[-113.58577,53.48575],[-113.58576,53.48575],[-113.58575,53.48577],[-113.58575,53.48577],[-113.58575,53.48578],[-113.58575,53.48578],[-113.58571,53.48583],[-113.5857,53.48583],[-113.5857,53.48584],[-113.5857,53.48585],[-113.5857,53.48585],[-113.58569,53.48587],[-113.58568,53.48588],[-113.58566,53.4859],[-113.58566,53.48591],[-113.58565,53.48592],[-113.58565,53.48593],[-113.58565,53.48594],[-113.58565,53.48595],[-113.58565,53.48596],[-113.58565,53.48597],[-113.58565,53.48597],[-113.58565,53.48598],[-113.58565,53.48599],[-113.58565,53.48599],[-113.58565,53.486],[-113.58566,53.48602],[-113.58566,53.48603],[-113.58566,53.48603],[-113.58567,53.48604],[-113.58567,53.48604],[-113.58567,53.48604],[-113.58568,53.48605],[-113.58569,53.48605],[-113.58573,53.48608],[-113.58573,53.48608],[-113.58575,53.48609],[-113.58575,53.48609],[-113.58576,53.48609],[-113.58577,53.48609],[-113.58578,53.4861],[-113.58579,53.4861],[-113.5858,53.4861],[-113.58581,53.48611],[-113.58582,53.48611],[-113.58583,53.48612],[-113.58585,53.48613],[-113.58586,53.48613],[-113.58587,53.48614],[-113.58589,53.48614],[-113.5859,53.48615],[-113.58593,53.48616],[-113.58595,53.48617],[-113.58596,53.48617],[-113.58598,53.48618],[-113.58599,53.48618],[-113.58601,53.48619],[-113.58594,53.48642],[-113.58586,53.48759],[-113.58496,53.4876],[-113.58493,53.4876],[-113.58512,53.48781],[-113.58514,53.48798],[-113.58502,53.48817],[-113.58511,53.48831],[-113.58501,53.48839],[-113.58497,53.48859],[-113.58497,53.48877],[-113.58498,53.48892],[-113.58577,53.48892],[-113.58576,53.48905],[-113.586,53.49033],[-113.58552,53.49034],[-113.58408,53.49034],[-113.58249,53.49034],[-113.58259,53.48918],[-113.58102,53.48918],[-113.58077,53.48917],[-113.58048,53.48915],[-113.58012,53.48909],[-113.57908,53.48879],[-113.57868,53.48873],[-113.57779,53.48873],[-113.57697,53.48876],[-113.57669,53.48879],[-113.57582,53.48897],[-113.57535,53.48905],[-113.5749,53.48907],[-113.57329,53.48908],[-113.57204,53.48908],[-113.57205,53.48804],[-113.5707,53.48264],[-113.57235,53.47997],[-113.57502,53.47639],[-113.57732,53.47702],[-113.57819,53.47724],[-113.57885,53.47737],[-113.58027,53.47763],[-113.58122,53.47784],[-113.58208,53.47812],[-113.58304,53.47747],[-113.58366,53.47712],[-113.58387,53.47724],[-113.58675,53.47924],[-113.58887,53.47999],[-113.58887,53.48054],[-113.58832,53.48066],[-113.58975,53.48129],[-113.58944,53.48151],[-113.58665,53.48299],[-113.5871,53.48299],[-113.58794,53.48299],[-113.58791,53.48301],[-113.58789,53.48302],[-113.58788,53.48303],[-113.58787,53.48304],[-113.58787,53.48305],[-113.58786,53.48305],[-113.58785,53.48307],[-113.58784,53.48309],[-113.58784,53.4831],[-113.58779,53.48317]]]]}},{"type":"Feature","properties":{"name":"MENISA"},"geometry":{"type":"MultiPolygon","coordinates":[[[[-113.4556,53.43949],[-113.45579,53.43949],[-113.4557,53.44286],[-113.45567,53.4432],[-113.45559,53.4435],[-113.45549,53.44375],[-113.45526,53.44419],[-113.4549,53.44462],[-113.45457,53.44493],[-113.4542,53.4452],[-113.45385,53.44542],[-113.45346,53.44562],[-113.4528,53.4459],[-113.45237,53.44605],[-113.45128,53.44635],[-113.45087,53.44601],[-113.45039,53.44577],[-113.4498,53.44558],[-113.44899,53.44543],[-113.44777,53.44526],[-113.4469,53.44519],[-113.44596,53.44517],[-113.44497,53.44521],[-113.44413,53.44532],[-113.44282,53.44557],[-113.43964,53.44619],[-113.4387,53.4463],[-113.43822,53.44632],[-113.43771,53.4463],[-113.43654,53.44619],[-113.43734,53.44474],[-113.43863,53.44275],[-113.43933,53.44154],[-113.43969,53.44076],[-113.44018,53.43945],[-113.4419,53.43826],[-113.44258,53.43805],[-113.44258,53.43833],[-113.44284,53.43824],[-113.44288,53.43823],[-113.44306,53.43817],[-113.44422,53.43779],[-113.44762,53.43779],[-113.44814,53.43791],[-113.44839,53.43797],[-113.44885,53.43808],[-113.44915,53.43833],[-113.44951,53.43823],[-113.45501,53.43949],[-113.4556,53.43949]]]]}},{"type":"Feature","properties":{"name":"WILD ROSE"},"geometry":{"type":"MultiPolygon","coordinates":[[[[-113.37825,53.47676],[-113.37746,53.47691],[-113.37665,53.47704],[-113.37592,53.4771],[-113.37479,53.47714],[-113.36872,53.47714],[-113.36863,53.47569],[-113.36862,53.47244],[-113.36866,53.46895],[-113.36892,53.46843],[-113.36892,53.46567],[-113.37007,53.46572],[-113.37077,53.46571],[-113.37189,53.46571],[-113.37381,53.46563],[-113.37416,53.46558],[-113.37485,53.46549],[-113.37546,53.46549],[-113.37579,53.46542],[-113.37667,53.46551],[-113.37697,53.46611],[-113.37717,53.46637],[-113.3771,53.46657],[-113.37715,53.46684],[-113.37758,53.46709],[-113.37812,53.46735],[-113.37844,53.46746],[-113.37901,53.4676],[-113.37929,53.46753],[-113.3796,53.46741],[-113.38021,53.46712],[-113.38129,53.46659],[-113.38129,53.46671],[-113.38129,53.46848],[-113.38175,53.46848],[-113.38176,53.46833],[-113.38178,53.46803],[-113.38184,53.46736],[-113.38193,53.46631],[-113.38351,53.46572],[-113.38372,53.4654],[-113.38398,53.46484],[-113.3843,53.46431],[-113.38509,53.46404],[-113.38596,53.46399],[-113.38662,53.46407],[-113.38733,53.46445],[-113.38814,53.46445],[-113.38839,53.46446],[-113.38906,53.46466],[-113.38936,53.4648],[-113.38961,53.46492],[-113.38975,53.46501],[-113.39006,53.46512],[-113.39031,53.46525],[-113.39056,53.46545],[-113.39247,53.46627],[-113.39268,53.46632],[-113.39341,53.46646],[-113.39378,53.46653],[-113.39376,53.46764],[-113.39364,53.47293],[-113.39169,53.47289],[-113.39026,53.47296],[-113.38907,53.4731],[-113.38757,53.47334],[-113.3861,53.47372],[-113.38533,53.47397],[-113.38396,53.47455],[-113.38012,53.47621],[-113.3795,53.47642],[-113.3789,53.4766],[-113.37825,53.47676]]]]}},{"type":"Feature","properties":{"name":"CRESTWOOD"},"geometry":{"type":"MultiPolygon","coordinates":[[[[-113.5675,53.5386],[-113.56563,53.53795],[-113.56558,53.53758],[-113.56073,53.53735],[-113.56044,53.53727],[-113.56021,53.53717],[-113.56011,53.53724],[-113.55906,53.53756],[-113.55736,53.53756],[-113.55582,53.53741],[-113.55787,53.53631],[-113.55891,53.53598],[-113.5597,53.53587],[-113.56006,53.53551],[-113.56015,53.53531],[-113.56019,53.53512],[-113.5601,53.53464],[-113.56018,53.53444],[-113.56069,53.53367],[-113.56095,53.53222],[-113.56081,53.53202],[-113.56037,53.53199],[-113.56065,53.53042],[-113.56052,53.53006],[-113.56124,53.53016],[-113.56186,53.53018],[-113.56268,53.53023],[-113.56306,53.53028],[-113.56357,53.53046],[-113.56393,53.53078],[-113.56403,53.53102],[-113.56414,53.5314],[-113.56429,53.53158],[-113.56441,53.53158],[-113.56461,53.5312],[-113.56461,53.53001],[-113.56557,53.53],[-113.56571,53.52999],[-113.56572,53.52962],[-113.56587,53.52962],[-113.56968,53.52963],[-113.57035,53.52986],[-113.57106,53.53002],[-113.5717,53.53052],[-113.57258,53.53052],[-113.57288,53.53043],[-113.57542,53.53087],[-113.57612,53.53102],[-113.57627,53.53102],[-113.57627,53.53152],[-113.578,53.53152],[-113.57799,53.53307],[-113.57799,53.53462],[-113.57798,53.53617],[-113.57798,53.53772],[-113.57803,53.53926],[-113.57804,53.54125],[-113.57626,53.54124],[-113.57557,53.54123],[-113.57452,53.54075],[-113.5728,53.53995],[-113.57256,53.53992],[-113.57115,53.5395],[-113.57102,53.53909],[-113.57061,53.53909],[-113.56929,53.53895],[-113.56897,53.53892],[-113.56784,53.5387],[-113.5675,53.5386]]]]}},{"type":"Feature","properties":{"name":"LARKSPUR"},"geometry":{"type":"MultiPolygon","coordinates":[[[[-113.37825,53.47676],[-113.3789,53.4766],[-113.3795,53.47642],[-113.38012,53.47621],[-113.38396,53.47455],[-113.38533,53.47397],[-113.3861,53.47372],[-113.38757,53.47334],[-113.38907,53.4731],[-113.39026,53.47296],[-113.39169,53.47289],[-113.39364,53.47293],[-113.39369,53.48045],[-113.39371,53.48308],[-113.39372,53.48477],[-113.39378,53.48753],[-113.39244,53.4874],[-113.39113,53.48708],[-113.38175,53.48434],[-113.38175,53.48401],[-113.38173,53.48307],[-113.38127,53.48307],[-113.38081,53.48307],[-113.38082,53.4837],[-113.38082,53.48407],[-113.37521,53.48243],[-113.36883,53.48197],[-113.36872,53.47714],[-113.37479,53.47714],[-113.37592,53.4771],[-113.37665,53.47704],[-113.37746,53.47691],[-113.37825,53.47676]]]]}},{"type":"Feature","properties":{"name":"WEINLOS"},"geometry":{"type":"MultiPolygon","coordinates":[[[[-113.42088,53.46202],[-113.42078,53.46357],[-113.42067,53.46424],[-113.42042,53.46506],[-113.41971,53.46501],[-113.4183,53.46489],[-113.41689,53.46478],[-113.41552,53.46467],[-113.40672,53.46403],[-113.40634,53.46239],[-113.40628,53.46168],[-113.4063,53.46124],[-113.40642,53.46073],[-113.4067,53.46005],[-113.40701,53.45946],[-113.40734,53.45903],[-113.408,53.4583],[-113.40846,53.45769],[-113.40864,53.45737],[-113.40885,53.45683],[-113.40901,53.4562],[-113.40908,53.45536],[-113.41106,53.45547],[-113.41198,53.45548],[-113.41313,53.45545],[-113.41494,53.45535],[-113.41639,53.45522],[-113.42008,53.45476],[-113.42058,53.45679],[-113.42087,53.45854],[-113.4209,53.45931],[-113.42088,53.46202]]]]}},{"type":"Feature","properties":{"name":"QUESNELL HEIGHTS"},"geometry":{"type":"MultiPolygon","coordinates":[[[[-113.57667,53.50811],[-113.57731,53.50784],[-113.57758,53.50786],[-113.57768,53.50811],[-113.57768,53.5088],[-113.57773,53.5089],[-113.57776,53.5089],[-113.57804,53.5089],[-113.57804,53.51075],[-113.57804,53.51083],[-113.57804,53.51127],[-113.5765,53.51127],[-113.57486,53.51066],[-113.57205,53.51097],[-113.56941,53.51028],[-113.56914,53.5099],[-113.5691,53.50955],[-113.5686,53.50821],[-113.568,53.50781],[-113.5691,53.50783],[-113.56971,53.50774],[-113.57038,53.5077],[-113.57079,53.50765],[-113.57119,53.50763],[-113.5716,53.50762],[-113.57199,53.50784],[-113.57239,53.50791],[-113.57274,53.50791],[-113.57309,53.50786],[-113.57346,53.50774],[-113.57384,53.50769],[-113.5742,53.50754],[-113.57458,53.5075],[-113.57538,53.50744],[-113.57578,53.50756],[-113.57636,53.50751],[-113.57619,53.50808],[-113.5764,53.50806],[-113.57643,53.50806],[-113.57646,53.50806],[-113.57649,53.50806],[-113.57652,53.50806],[-113.57654,53.50807],[-113.57657,53.50807],[-113.5766,53.50808],[-113.57662,53.50809],[-113.57665,53.5081],[-113.57667,53.50811]]]]}},{"type":"Feature","properties":{"name":"NORWESTER INDUSTRIAL"},"geometry":{"type":"MultiPolygon","coordinates":[[[[-113.60253,53.56654],[-113.60258,53.56465],[-113.60272,53.56407],[-113.60279,53.56359],[-113.60278,53.56303],[-113.60645,53.56304],[-113.61062,53.56303],[-113.61524,53.56303],[-113.61523,53.56744],[-113.61526,53.57044],[-113.61131,53.57043],[-113.60896,53.57043],[-113.60282,53.57044],[-113.60276,53.56959],[-113.60256,53.56862],[-113.60256,53.56811],[-113.60253,53.56654]]]]}},{"type":"Feature","properties":{"name":"BLUE QUILL ESTATES"},"geometry":{"type":"MultiPolygon","coordinates":[[[[-113.54485,53.4613],[-113.54113,53.4613],[-113.53911,53.4613],[-113.53876,53.4613],[-113.53875,53.46112],[-113.53861,53.46067],[-113.53829,53.46012],[-113.53746,53.45917],[-113.53472,53.45624],[-113.53436,53.45566],[-113.53422,53.45514],[-113.53402,53.45397],[-113.53528,53.45395],[-113.53681,53.45405],[-113.53799,53.45428],[-113.53926,53.45467],[-113.53939,53.45451],[-113.53944,53.45446],[-113.53993,53.45446],[-113.54007,53.45439],[-113.54028,53.45439],[-113.54044,53.45436],[-113.54067,53.4542],[-113.54082,53.45418],[-113.541,53.45413],[-113.54107,53.4542],[-113.54089,53.45429],[-113.54085,53.45438],[-113.54087,53.45448],[-113.5409,53.45453],[-113.54103,53.45462],[-113.54103,53.45479],[-113.54119,53.45492],[-113.54112,53.45513],[-113.54128,53.45541],[-113.54263,53.4558],[-113.54325,53.45625],[-113.54384,53.45639],[-113.54464,53.45652],[-113.54443,53.45664],[-113.54444,53.45695],[-113.54435,53.45693],[-113.54439,53.45797],[-113.54439,53.45806],[-113.54484,53.45821],[-113.54515,53.45839],[-113.5454,53.45866],[-113.54553,53.45891],[-113.54554,53.45926],[-113.5463,53.45925],[-113.54748,53.45919],[-113.54912,53.45918],[-113.5492,53.45933],[-113.54916,53.45962],[-113.54876,53.46009],[-113.54691,53.46009],[-113.54691,53.46017],[-113.54667,53.46067],[-113.54678,53.46096],[-113.54485,53.4613]]]]}},{"type":"Feature","properties":{"name":"GARSIDE INDUSTRIAL"},"geometry":{"type":"MultiPolygon","coordinates":[[[[-113.59041,53.56654],[-113.59041,53.57042],[-113.58725,53.57041],[-113.58357,53.57043],[-113.58114,53.57041],[-113.57802,53.57042],[-113.57795,53.56779],[-113.57794,53.56528],[-113.57796,53.56422],[-113.57804,53.56316],[-113.58115,53.56317],[-113.58421,53.56318],[-113.58725,53.56319],[-113.59004,53.56317],[-113.59041,53.56307],[-113.59039,53.56559],[-113.59041,53.56654]]]]}},{"type":"Feature","properties":{"name":"ALBERTA PARK INDUSTRIAL"},"geometry":{"type":"MultiPolygon","coordinates":[[[[-113.59041,53.56654],[-113.59039,53.56559],[-113.59041,53.56307],[-113.59715,53.56305],[-113.60278,53.56303],[-113.60279,53.56359],[-113.60272,53.56407],[-113.60258,53.56465],[-113.60253,53.56654],[-113.60256,53.56811],[-113.60256,53.56862],[-113.60276,53.56959],[-113.60282,53.57044],[-113.59716,53.57042],[-113.59041,53.57042],[-113.59041,53.56654]]]]}},{"type":"Feature","properties":{"name":"MILLER"},"geometry":{"type":"MultiPolygon","coordinates":[[[[-113.4171,53.60876],[-113.41709,53.60913],[-113.41717,53.60961],[-113.41784,53.61149],[-113.41797,53.61204],[-113.41802,53.61233],[-113.41813,53.61291],[-113.4182,53.61368],[-113.41822,53.61582],[-113.41082,53.61582],[-113.40981,53.61577],[-113.40879,53.61568],[-113.40748,53.61544],[-113.40627,53.61514],[-113.40366,53.61415],[-113.40474,53.61268],[-113.41159,53.60686],[-113.41402,53.60479],[-113.4169,53.60233],[-113.41778,53.60298],[-113.41826,53.6034],[-113.41851,53.60379],[-113.41856,53.60439],[-113.41839,53.60508],[-113.41763,53.60691],[-113.41722,53.60803],[-113.4171,53.60876]]]]}},{"type":"Feature","properties":{"name":"CANORA"},"geometry":{"type":"MultiPolygon","coordinates":[[[[-113.59037,53.54951],[-113.59036,53.55111],[-113.58862,53.55108],[-113.58687,53.55105],[-113.58509,53.55105],[-113.58335,53.55105],[-113.58159,53.55105],[-113.57983,53.55104],[-113.57797,53.55106],[-113.57799,53.5495],[-113.57809,53.54861],[-113.5781,53.54636],[-113.57808,53.54402],[-113.57807,53.54328],[-113.57805,53.54174],[-113.57977,53.54131],[-113.58153,53.54127],[-113.58329,53.54128],[-113.58503,53.54129],[-113.58679,53.54129],[-113.58855,53.54129],[-113.59033,53.5413],[-113.59031,53.54331],[-113.59034,53.54486],[-113.59033,53.5464],[-113.59035,53.54796],[-113.59037,53.54871],[-113.59037,53.54951]]]]}},{"type":"Feature","properties":{"name":"FALCONER HEIGHTS"},"geometry":{"type":"MultiPolygon","coordinates":[[[[-113.58152,53.46848],[-113.58485,53.46455],[-113.58617,53.46292],[-113.58692,53.46189],[-113.58762,53.46189],[-113.58769,53.46189],[-113.59,53.46189],[-113.59,53.46134],[-113.5903,53.46134],[-113.5903,53.46183],[-113.5903,53.46189],[-113.59042,53.46189],[-113.59064,53.46189],[-113.5943,53.4619],[-113.59431,53.46228],[-113.59426,53.46273],[-113.59408,53.46325],[-113.59368,53.46404],[-113.5935,53.46479],[-113.59353,53.46531],[-113.5936,53.46573],[-113.59376,53.46616],[-113.59471,53.46807],[-113.59533,53.46931],[-113.59554,53.46978],[-113.59561,53.47017],[-113.59554,53.47055],[-113.59539,53.47088],[-113.59516,53.47122],[-113.59482,53.47153],[-113.59404,53.4721],[-113.59222,53.4712],[-113.59086,53.47074],[-113.58921,53.47031],[-113.58464,53.46922],[-113.58152,53.46848]]]]}},{"type":"Feature","properties":{"name":"WELLINGTON"},"geometry":{"type":"MultiPolygon","coordinates":[[[[-113.55645,53.59231],[-113.55646,53.59229],[-113.55647,53.59227],[-113.55648,53.59225],[-113.55648,53.59223],[-113.55649,53.59222],[-113.5565,53.5922],[-113.55676,53.5922],[-113.55675,53.59222],[-113.55675,53.59223],[-113.55674,53.59225],[-113.55673,53.59227],[-113.55673,53.59229],[-113.55672,53.59231],[-113.55942,53.59231],[-113.55942,53.59229],[-113.55945,53.5922],[-113.55975,53.5922],[-113.55979,53.59229],[-113.55979,53.59231],[-113.56236,53.5923],[-113.56254,53.59219],[-113.56255,53.59219],[-113.56418,53.59332],[-113.56426,53.59915],[-113.56426,53.59945],[-113.56242,53.59947],[-113.56193,53.59948],[-113.56043,53.59948],[-113.55893,53.59947],[-113.55499,53.59946],[-113.55349,53.59945],[-113.55119,53.59945],[-113.5506,53.59945],[-113.54975,53.59945],[-113.54888,53.59944],[-113.54734,53.59944],[-113.54116,53.59941],[-113.54117,53.59642],[-113.54118,53.59464],[-113.54118,53.59377],[-113.54117,53.59219],[-113.54426,53.59219],[-113.54887,53.5922],[-113.55349,53.59221],[-113.55581,53.59223],[-113.55604,53.59231],[-113.55645,53.59231]]]]}},{"type":"Feature","properties":{"name":"CPR IRVINE"},"geometry":{"type":"MultiPolygon","coordinates":[[[[-113.49352,53.51613],[-113.49333,53.51517],[-113.4913,53.51517],[-113.48872,53.51516],[-113.48873,53.51421],[-113.48874,53.51326],[-113.48875,53.51137],[-113.48875,53.50853],[-113.48618,53.50853],[-113.48625,53.50806],[-113.48625,53.50758],[-113.48624,53.50664],[-113.48624,53.50569],[-113.48624,53.50487],[-113.48622,53.50387],[-113.48622,53.50356],[-113.48623,53.50288],[-113.48626,53.50184],[-113.48623,53.49987],[-113.48904,53.49989],[-113.49172,53.49988],[-113.49178,53.5003],[-113.49268,53.50584],[-113.49348,53.51087],[-113.49362,53.51089],[-113.49414,53.51414],[-113.49422,53.51414],[-113.49435,53.51424],[-113.49463,53.51613],[-113.49478,53.51708],[-113.49492,53.51807],[-113.49382,53.51807],[-113.49367,53.51707],[-113.49352,53.51613]]]]}},{"type":"Feature","properties":{"name":"CORONET ADDITION INDUSTRIAL"},"geometry":{"type":"MultiPolygon","coordinates":[[[[-113.45752,53.49864],[-113.45766,53.49859],[-113.45779,53.49853],[-113.45792,53.49848],[-113.45806,53.49842],[-113.4582,53.49837],[-113.45833,53.49832],[-113.45841,53.49829],[-113.45849,53.49827],[-113.4586,53.49823],[-113.4587,53.49819],[-113.45881,53.49816],[-113.45892,53.49812],[-113.45903,53.49809],[-113.45913,53.49805],[-113.45945,53.49796],[-113.45976,53.49787],[-113.46008,53.49779],[-113.4604,53.49771],[-113.46073,53.49764],[-113.46106,53.49757],[-113.46127,53.49753],[-113.46149,53.49749],[-113.46171,53.49745],[-113.46192,53.49742],[-113.46214,53.49739],[-113.46266,53.49732],[-113.4629,53.4973],[-113.46314,53.49727],[-113.46338,53.49725],[-113.46361,53.49724],[-113.46385,53.49722],[-113.46409,53.49721],[-113.46418,53.4972],[-113.46427,53.4972],[-113.46427,53.49719],[-113.46557,53.49719],[-113.46681,53.49718],[-113.46718,53.49718],[-113.46731,53.49719],[-113.46718,53.49734],[-113.46719,53.49988],[-113.4666,53.49988],[-113.46253,53.49991],[-113.4601,53.49991],[-113.45979,53.49992],[-113.45954,53.49999],[-113.45293,53.50327],[-113.45159,53.50391],[-113.44668,53.50639],[-113.44535,53.50704],[-113.44297,53.50827],[-113.44276,53.50793],[-113.44271,53.50602],[-113.44289,53.50593],[-113.44334,53.5057],[-113.44824,53.50326],[-113.44876,53.50299],[-113.45233,53.50121],[-113.45551,53.49962],[-113.45584,53.49946],[-113.45667,53.49904],[-113.45674,53.499],[-113.45681,53.49897],[-113.45688,53.49894],[-113.45695,53.4989],[-113.45703,53.49887],[-113.4571,53.49884],[-113.45717,53.4988],[-113.45724,53.49877],[-113.45731,53.49874],[-113.45738,53.49871],[-113.45745,53.49868],[-113.45752,53.49864]]]]}},{"type":"Feature","properties":{"name":"TERRA LOSA"},"geometry":{"type":"MultiPolygon","coordinates":[[[[-113.61525,53.53753],[-113.61522,53.53567],[-113.61516,53.53169],[-113.61709,53.53171],[-113.61793,53.53168],[-113.61884,53.53162],[-113.61986,53.53143],[-113.62086,53.53116],[-113.62178,53.53086],[-113.62336,53.53014],[-113.62461,53.52956],[-113.6258,53.52916],[-113.62696,53.52885],[-113.62799,53.5287],[-113.62914,53.5286],[-113.63039,53.52857],[-113.63069,53.53021],[-113.63067,53.53064],[-113.63047,53.53115],[-113.62922,53.53322],[-113.62831,53.53451],[-113.6278,53.53545],[-113.62758,53.53603],[-113.62748,53.53658],[-113.62749,53.53779],[-113.62683,53.53791],[-113.62578,53.53796],[-113.62525,53.538],[-113.62481,53.53802],[-113.62445,53.53801],[-113.62393,53.53794],[-113.62287,53.53774],[-113.62256,53.53771],[-113.62216,53.5377],[-113.62015,53.53774],[-113.62015,53.53783],[-113.61595,53.53783],[-113.61571,53.53783],[-113.61525,53.53753]]]]}},{"type":"Feature","properties":{"name":"HIGH PARK INDUSTRIAL"},"geometry":{"type":"MultiPolygon","coordinates":[[[[-113.57804,53.56316],[-113.57811,53.56076],[-113.57811,53.56048],[-113.57797,53.55889],[-113.57964,53.55889],[-113.58116,53.55889],[-113.58419,53.55889],[-113.58724,53.55891],[-113.5904,53.55893],[-113.5904,53.56079],[-113.59041,53.56307],[-113.59004,53.56317],[-113.58725,53.56319],[-113.58421,53.56318],[-113.58115,53.56317],[-113.57804,53.56316]]]]}},{"type":"Feature","properties":{"name":"HUFF BREMNER ESTATE INDUSTRIAL"},"geometry":{"type":"MultiPolygon","coordinates":[[[[-113.57795,53.56779],[-113.57802,53.57042],[-113.57115,53.57041],[-113.56579,53.57037],[-113.56581,53.56934],[-113.5657,53.56909],[-113.56572,53.56581],[-113.56584,53.56522],[-113.56586,53.56288],[-113.56583,53.56049],[-113.5658,53.55936],[-113.56568,53.55882],[-113.57268,53.55884],[-113.57797,53.55889],[-113.57811,53.56048],[-113.57811,53.56076],[-113.57804,53.56316],[-113.57796,53.56422],[-113.57794,53.56528],[-113.57795,53.56779]]]]}},{"type":"Feature","properties":{"name":"WEST JASPER PLACE"},"geometry":{"type":"MultiPolygon","coordinates":[[[[-113.57799,53.53462],[-113.57799,53.53307],[-113.578,53.53152],[-113.57979,53.53152],[-113.58155,53.53152],[-113.5833,53.53152],[-113.58504,53.53152],[-113.58682,53.53152],[-113.58858,53.53152],[-113.59035,53.53153],[-113.59034,53.53309],[-113.59033,53.53463],[-113.59031,53.53618],[-113.59031,53.53749],[-113.59031,53.53773],[-113.59029,53.53921],[-113.5903,53.54026],[-113.59033,53.5413],[-113.58855,53.54129],[-113.58679,53.54129],[-113.58503,53.54129],[-113.58329,53.54128],[-113.58153,53.54127],[-113.57977,53.54131],[-113.57805,53.54174],[-113.57804,53.54125],[-113.57803,53.53926],[-113.57798,53.53772],[-113.57798,53.53617],[-113.57799,53.53462]]]]}},{"type":"Feature","properties":{"name":"WEST MEADOWLARK PARK"},"geometry":{"type":"MultiPolygon","coordinates":[[[[-113.6153,53.52677],[-113.61516,53.53169],[-113.6106,53.53165],[-113.60726,53.53162],[-113.6027,53.5316],[-113.60273,53.52835],[-113.60277,53.52672],[-113.60281,53.52374],[-113.60281,53.52249],[-113.60288,53.51952],[-113.60545,53.51953],[-113.60883,53.51954],[-113.61079,53.51956],[-113.61532,53.51955],[-113.61536,53.52486],[-113.6153,53.52677]]]]}},{"type":"Feature","properties":{"name":"WESTVIEW VILLAGE"},"geometry":{"type":"MultiPolygon","coordinates":[[[[-113.7013,53.55588],[-113.69232,53.55596],[-113.69232,53.55594],[-113.68925,53.55597],[-113.68901,53.55592],[-113.68901,53.55177],[-113.68903,53.54848],[-113.68926,53.54848],[-113.70432,53.54851],[-113.70433,53.55452],[-113.71335,53.55441],[-113.71381,53.55441],[-113.71381,53.55526],[-113.71374,53.55526],[-113.71374,53.55557],[-113.71343,53.55555],[-113.70794,53.55579],[-113.7013,53.55587],[-113.7013,53.55588]]]]}},{"type":"Feature","properties":{"name":"ROYAL GARDENS"},"geometry":{"type":"MultiPolygon","coordinates":[[[[-113.52403,53.47579],[-113.52605,53.47595],[-113.5286,53.47619],[-113.53026,53.47629],[-113.53212,53.47633],[-113.5351,53.47633],[-113.53864,53.47634],[-113.53875,53.4766],[-113.53872,53.47789],[-113.53884,53.47838],[-113.53908,53.47879],[-113.53996,53.47953],[-113.54069,53.48013],[-113.54105,53.48074],[-113.54117,53.48138],[-113.54119,53.48305],[-113.51681,53.48306],[-113.51624,53.48105],[-113.51631,53.47804],[-113.51634,53.47578],[-113.52083,53.47578],[-113.52298,53.47578],[-113.52403,53.47579]]]]}},{"type":"Feature","properties":{"name":"TAWA"},"geometry":{"type":"MultiPolygon","coordinates":[[[[-113.42088,53.46202],[-113.4209,53.45931],[-113.42264,53.45941],[-113.42436,53.45942],[-113.42549,53.45937],[-113.4262,53.45929],[-113.42699,53.45916],[-113.4287,53.45879],[-113.43045,53.45847],[-113.43175,53.45839],[-113.4343,53.45839],[-113.43422,53.45991],[-113.43432,53.46102],[-113.43459,53.46213],[-113.43599,53.46545],[-113.43201,53.46548],[-113.42771,53.4654],[-113.42449,53.46531],[-113.42042,53.46506],[-113.42067,53.46424],[-113.42078,53.46357],[-113.42088,53.46202]]]]}},{"type":"Feature","properties":{"name":"DAVIES INDUSTRIAL WEST"},"geometry":{"type":"MultiPolygon","coordinates":[[[[-113.45752,53.49864],[-113.45745,53.49868],[-113.45738,53.49871],[-113.45731,53.49874],[-113.45724,53.49877],[-113.45717,53.4988],[-113.4571,53.49884],[-113.45703,53.49887],[-113.45695,53.4989],[-113.45688,53.49894],[-113.45681,53.49897],[-113.45674,53.499],[-113.45667,53.49904],[-113.45584,53.49946],[-113.45551,53.49962],[-113.45233,53.50121],[-113.44876,53.50299],[-113.44824,53.50326],[-113.44334,53.5057],[-113.44289,53.50593],[-113.44271,53.50602],[-113.44269,53.50503],[-113.44269,53.5015],[-113.44269,53.49784],[-113.4439,53.49755],[-113.44409,53.49751],[-113.44429,53.49746],[-113.44448,53.4974],[-113.44468,53.49735],[-113.44487,53.4973],[-113.44506,53.49724],[-113.44511,53.49722],[-113.44523,53.49719],[-113.44534,53.49715],[-113.44546,53.49711],[-113.44552,53.49709],[-113.44559,53.49707],[-113.44565,53.49704],[-113.44572,53.49702],[-113.44578,53.497],[-113.4459,53.49695],[-113.44603,53.49691],[-113.44615,53.49686],[-113.44627,53.49682],[-113.44639,53.49677],[-113.44651,53.49672],[-113.44662,53.49668],[-113.44673,53.49663],[-113.44683,53.49658],[-113.44694,53.49654],[-113.44705,53.49649],[-113.44715,53.49644],[-113.44724,53.4964],[-113.44733,53.49635],[-113.44742,53.49631],[-113.44751,53.49627],[-113.4476,53.49622],[-113.44769,53.49618],[-113.44778,53.49613],[-113.44787,53.49608],[-113.44796,53.49603],[-113.44805,53.49598],[-113.44814,53.49593],[-113.44823,53.49588],[-113.44832,53.49583],[-113.4484,53.49578],[-113.44848,53.49573],[-113.44856,53.49568],[-113.44864,53.49563],[-113.44872,53.49558],[-113.45358,53.49247],[-113.45364,53.49244],[-113.4537,53.4924],[-113.45376,53.49236],[-113.45382,53.49233],[-113.45388,53.49229],[-113.45394,53.49225],[-113.45398,53.49223],[-113.45403,53.49221],[-113.45407,53.49218],[-113.45411,53.49216],[-113.45416,53.49214],[-113.4542,53.49211],[-113.4543,53.49206],[-113.45441,53.49201],[-113.45451,53.49196],[-113.45462,53.49191],[-113.45473,53.49186],[-113.45484,53.49181],[-113.4549,53.49179],[-113.45496,53.49176],[-113.45502,53.49173],[-113.45508,53.49171],[-113.45514,53.49169],[-113.45521,53.49166],[-113.45552,53.49155],[-113.45584,53.49144],[-113.45617,53.49134],[-113.45651,53.49125],[-113.45685,53.49117],[-113.4572,53.4911],[-113.45726,53.49109],[-113.45732,53.49108],[-113.45738,53.49107],[-113.45744,53.49106],[-113.45749,53.49105],[-113.45755,53.49104],[-113.45793,53.49098],[-113.4583,53.49093],[-113.45868,53.4909],[-113.45906,53.49087],[-113.45945,53.49086],[-113.45983,53.49085],[-113.46394,53.49085],[-113.46424,53.49085],[-113.46678,53.49085],[-113.46716,53.49085],[-113.46716,53.49095],[-113.46719,53.49391],[-113.46718,53.49678],[-113.46732,53.49691],[-113.46731,53.49719],[-113.46718,53.49718],[-113.46681,53.49718],[-113.46557,53.49719],[-113.46427,53.49719],[-113.46427,53.4972],[-113.46418,53.4972],[-113.46409,53.49721],[-113.46385,53.49722],[-113.46361,53.49724],[-113.46338,53.49725],[-113.46314,53.49727],[-113.4629,53.4973],[-113.46266,53.49732],[-113.46214,53.49739],[-113.46192,53.49742],[-113.46171,53.49745],[-113.46149,53.49749],[-113.46127,53.49753],[-113.46106,53.49757],[-113.46073,53.49764],[-113.4604,53.49771],[-113.46008,53.49779],[-113.45976,53.49787],[-113.45945,53.49796],[-113.45913,53.49805],[-113.45903,53.49809],[-113.45892,53.49812],[-113.45881,53.49816],[-113.4587,53.49819],[-113.4586,53.49823],[-113.45849,53.49827],[-113.45841,53.49829],[-113.45833,53.49832],[-113.4582,53.49837],[-113.45806,53.49842],[-113.45792,53.49848],[-113.45779,53.49853],[-113.45766,53.49859],[-113.45752,53.49864]]]]}},{"type":"Feature","properties":{"name":"DOMINION INDUSTRIAL"},"geometry":{"type":"MultiPolygon","coordinates":[[[[-113.56756,53.58124],[-113.5658,53.58118],[-113.5657,53.58072],[-113.56569,53.57897],[-113.56569,53.57833],[-113.5657,53.57676],[-113.56569,53.57355],[-113.56571,53.57197],[-113.56581,53.57156],[-113.56579,53.57037],[-113.57115,53.57041],[-113.57802,53.57042],[-113.57799,53.57157],[-113.57801,53.57355],[-113.578,53.57676],[-113.57798,53.579],[-113.57796,53.58129],[-113.56756,53.58124]]]]}},{"type":"Feature","properties":{"name":"MCNAMARA INDUSTRIAL"},"geometry":{"type":"MultiPolygon","coordinates":[[[[-113.62733,53.55597],[-113.62732,53.55806],[-113.62731,53.55955],[-113.62147,53.55955],[-113.61524,53.55952],[-113.61522,53.55783],[-113.61523,53.55596],[-113.6152,53.55325],[-113.61518,53.54894],[-113.61518,53.54863],[-113.61787,53.54863],[-113.62039,53.54862],[-113.6239,53.54861],[-113.6274,53.54861],[-113.62738,53.55002],[-113.62737,53.55145],[-113.62736,53.55327],[-113.62733,53.55597]]]]}},{"type":"Feature","properties":{"name":"EDMISTON INDUSTRIAL"},"geometry":{"type":"MultiPolygon","coordinates":[[[[-113.62532,53.571],[-113.62532,53.57054],[-113.62532,53.57043],[-113.62728,53.57043],[-113.6273,53.56534],[-113.6273,53.56322],[-113.62731,53.55955],[-113.63032,53.55954],[-113.636,53.55955],[-113.63962,53.55956],[-113.63961,53.56141],[-113.6396,53.5632],[-113.64011,53.56814],[-113.63958,53.56961],[-113.63959,53.57045],[-113.64017,53.57045],[-113.63952,53.57274],[-113.63133,53.57203],[-113.62993,53.57191],[-113.62641,53.57161],[-113.62532,53.57152],[-113.62532,53.571]]]]}},{"type":"Feature","properties":{"name":"EVERGREEN"},"geometry":{"type":"MultiPolygon","coordinates":[[[[-113.35656,53.62863],[-113.35664,53.62872],[-113.35663,53.6351],[-113.35659,53.63507],[-113.35638,53.63516],[-113.3549,53.63582],[-113.35504,53.63592],[-113.34485,53.63595],[-113.34449,53.63595],[-113.34433,53.63595],[-113.34434,53.62861],[-113.35064,53.62862],[-113.35656,53.62863]]]]}},{"type":"Feature","properties":{"name":"WEST SHEFFIELD INDUSTRIAL"},"geometry":{"type":"MultiPolygon","coordinates":[[[[-113.61522,53.56135],[-113.61524,53.56303],[-113.61062,53.56303],[-113.60645,53.56304],[-113.60278,53.56303],[-113.60279,53.56079],[-113.60287,53.55908],[-113.60244,53.55857],[-113.60321,53.5582],[-113.60379,53.55774],[-113.60517,53.55595],[-113.60823,53.55596],[-113.61523,53.55596],[-113.61522,53.55783],[-113.61524,53.55952],[-113.61522,53.56135]]]]}},{"type":"Feature","properties":{"name":"WILSON INDUSTRIAL"},"geometry":{"type":"MultiPolygon","coordinates":[[[[-113.63962,53.55956],[-113.636,53.55955],[-113.63032,53.55954],[-113.62731,53.55955],[-113.62732,53.55806],[-113.62733,53.55597],[-113.62736,53.55327],[-113.62737,53.55145],[-113.62738,53.55002],[-113.6274,53.54861],[-113.63278,53.54861],[-113.63616,53.5486],[-113.63983,53.5486],[-113.63972,53.55327],[-113.63963,53.55591],[-113.63962,53.55956]]]]}},{"type":"Feature","properties":{"name":"ARMSTRONG INDUSTRIAL"},"geometry":{"type":"MultiPolygon","coordinates":[[[[-113.62532,53.57152],[-113.6223,53.57198],[-113.6153,53.57335],[-113.61526,53.57044],[-113.61523,53.56744],[-113.61524,53.56303],[-113.61522,53.56135],[-113.61524,53.55952],[-113.62147,53.55955],[-113.62731,53.55955],[-113.6273,53.56322],[-113.6273,53.56534],[-113.62728,53.57043],[-113.62532,53.57043],[-113.62532,53.57054],[-113.62532,53.571],[-113.62532,53.57152]]]]}},{"type":"Feature","properties":{"name":"MITCHELL INDUSTRIAL"},"geometry":{"type":"MultiPolygon","coordinates":[[[[-113.57799,53.57157],[-113.57802,53.57042],[-113.58114,53.57041],[-113.58357,53.57043],[-113.58725,53.57041],[-113.59041,53.57042],[-113.5904,53.57356],[-113.59037,53.57762],[-113.58943,53.57762],[-113.58899,53.57754],[-113.5886,53.57741],[-113.58807,53.577],[-113.58781,53.57687],[-113.58747,53.57679],[-113.58729,53.57677],[-113.58712,53.57677],[-113.58435,53.57677],[-113.578,53.57676],[-113.57801,53.57355],[-113.57799,53.57157]]]]}},{"type":"Feature","properties":{"name":"MCINTYRE INDUSTRIAL"},"geometry":{"type":"MultiPolygon","coordinates":[[[[-113.46647,53.48284],[-113.46664,53.48523],[-113.46675,53.48603],[-113.46704,53.48808],[-113.46708,53.48825],[-113.46712,53.48846],[-113.46714,53.4886],[-113.46715,53.48881],[-113.46716,53.49044],[-113.46729,53.49058],[-113.4673,53.49085],[-113.46716,53.49095],[-113.46716,53.49085],[-113.46678,53.49085],[-113.46424,53.49085],[-113.46394,53.49085],[-113.45983,53.49085],[-113.45945,53.49086],[-113.45906,53.49087],[-113.45868,53.4909],[-113.4583,53.49093],[-113.45793,53.49098],[-113.45755,53.49104],[-113.45749,53.49105],[-113.45744,53.49106],[-113.45738,53.49107],[-113.45732,53.49108],[-113.45726,53.49109],[-113.4572,53.4911],[-113.45685,53.49117],[-113.45651,53.49125],[-113.45617,53.49134],[-113.45584,53.49144],[-113.45552,53.49155],[-113.45521,53.49166],[-113.45514,53.49169],[-113.45511,53.4917],[-113.45505,53.49172],[-113.45502,53.49173],[-113.45496,53.49176],[-113.4549,53.49179],[-113.45484,53.49181],[-113.45473,53.49186],[-113.45462,53.49191],[-113.45451,53.49196],[-113.45441,53.49201],[-113.4543,53.49206],[-113.4542,53.49211],[-113.45416,53.49214],[-113.45411,53.49216],[-113.45407,53.49218],[-113.45403,53.49221],[-113.45398,53.49223],[-113.45394,53.49225],[-113.45388,53.49229],[-113.45382,53.49233],[-113.45376,53.49236],[-113.4537,53.4924],[-113.45364,53.49244],[-113.45358,53.49247],[-113.44872,53.49558],[-113.44864,53.49563],[-113.44856,53.49568],[-113.44848,53.49573],[-113.4484,53.49578],[-113.44832,53.49583],[-113.44823,53.49588],[-113.44814,53.49593],[-113.44805,53.49598],[-113.44796,53.49603],[-113.44787,53.49608],[-113.44778,53.49613],[-113.44769,53.49618],[-113.4476,53.49622],[-113.44751,53.49627],[-113.44742,53.49631],[-113.44733,53.49635],[-113.44724,53.4964],[-113.44715,53.49644],[-113.44705,53.49649],[-113.44694,53.49654],[-113.44683,53.49658],[-113.44673,53.49663],[-113.44662,53.49668],[-113.44651,53.49672],[-113.44639,53.49677],[-113.44627,53.49682],[-113.44615,53.49686],[-113.44603,53.49691],[-113.4459,53.49695],[-113.44578,53.497],[-113.44572,53.49702],[-113.44565,53.49704],[-113.44559,53.49707],[-113.44552,53.49709],[-113.44546,53.49711],[-113.44534,53.49715],[-113.44523,53.49719],[-113.44511,53.49722],[-113.44506,53.49724],[-113.44487,53.4973],[-113.44468,53.49735],[-113.44448,53.4974],[-113.44429,53.49746],[-113.44409,53.49751],[-113.4439,53.49755],[-113.44269,53.49784],[-113.44268,53.49491],[-113.44268,53.49268],[-113.44267,53.49044],[-113.44267,53.48802],[-113.44266,53.48497],[-113.45113,53.48494],[-113.45327,53.48482],[-113.45676,53.48443],[-113.46131,53.48374],[-113.46647,53.48284]]]]}},{"type":"Feature","properties":{"name":"YOUNGSTOWN INDUSTRIAL"},"geometry":{"type":"MultiPolygon","coordinates":[[[[-113.60517,53.55595],[-113.60842,53.55194],[-113.61099,53.54844],[-113.61267,53.54632],[-113.61387,53.54498],[-113.61492,53.54379],[-113.61543,53.5435],[-113.61588,53.54404],[-113.616,53.54439],[-113.61599,53.54477],[-113.61586,53.54524],[-113.61554,53.54632],[-113.61522,53.54737],[-113.61518,53.54863],[-113.61518,53.54894],[-113.6152,53.55325],[-113.61523,53.55596],[-113.60823,53.55596],[-113.60517,53.55595]]]]}},{"type":"Feature","properties":{"name":"INGLEWOOD"},"geometry":{"type":"MultiPolygon","coordinates":[[[[-113.54792,53.5589],[-113.54959,53.55892],[-113.5514,53.55892],[-113.55142,53.56049],[-113.55144,53.56324],[-113.55145,53.56356],[-113.5514,53.56381],[-113.55129,53.56404],[-113.55028,53.56522],[-113.54968,53.56594],[-113.54952,53.5663],[-113.54947,53.56683],[-113.54947,53.56738],[-113.54946,53.56843],[-113.54938,53.57028],[-113.54622,53.57032],[-113.54453,53.57032],[-113.54119,53.57031],[-113.53949,53.57032],[-113.53771,53.57032],[-113.53591,53.57031],[-113.53415,53.57031],[-113.53247,53.57032],[-113.53095,53.57031],[-113.53091,53.57014],[-113.53091,53.56597],[-113.5309,53.56233],[-113.5309,53.55889],[-113.53244,53.5589],[-113.53414,53.5589],[-113.53592,53.5589],[-113.5377,53.5589],[-113.53946,53.5589],[-113.54118,53.5589],[-113.54286,53.5589],[-113.54454,53.5589],[-113.54792,53.5589]]]]}},{"type":"Feature","properties":{"name":"BANNERMAN"},"geometry":{"type":"MultiPolygon","coordinates":[[[[-113.386,53.60271],[-113.38565,53.60374],[-113.38505,53.60474],[-113.38288,53.60827],[-113.37787,53.6078],[-113.37668,53.60765],[-113.37576,53.60747],[-113.37518,53.60733],[-113.37457,53.60716],[-113.37232,53.60627],[-113.37185,53.60612],[-113.37139,53.60605],[-113.3709,53.60607],[-113.37036,53.60614],[-113.37023,53.6059],[-113.37018,53.60574],[-113.37019,53.60559],[-113.37029,53.60537],[-113.37185,53.60382],[-113.37359,53.60195],[-113.37433,53.60124],[-113.37494,53.60068],[-113.37549,53.60029],[-113.37601,53.60006],[-113.37637,53.59995],[-113.37678,53.59986],[-113.37735,53.5998],[-113.37853,53.59971],[-113.37934,53.59967],[-113.38314,53.59963],[-113.38613,53.59965],[-113.38611,53.60194],[-113.386,53.60271]]]]}},{"type":"Feature","properties":{"name":"BELLE RIVE"},"geometry":{"type":"MultiPolygon","coordinates":[[[[-113.4797,53.61859],[-113.4797,53.61987],[-113.47926,53.62027],[-113.47965,53.62053],[-113.47939,53.62075],[-113.47934,53.62084],[-113.47968,53.62092],[-113.47978,53.62093],[-113.47975,53.62102],[-113.47964,53.62134],[-113.4797,53.62134],[-113.4797,53.62856],[-113.47969,53.62874],[-113.47736,53.62874],[-113.4737,53.62873],[-113.47051,53.62873],[-113.46741,53.6287],[-113.46742,53.62541],[-113.46742,53.62363],[-113.46741,53.62079],[-113.46742,53.61591],[-113.47318,53.6159],[-113.47448,53.61582],[-113.47624,53.61561],[-113.4797,53.61523],[-113.4797,53.61627],[-113.47974,53.6163],[-113.47974,53.61668],[-113.4797,53.61678],[-113.4797,53.61859]]]]}},{"type":"Feature","properties":{"name":"SKYRATTLER"},"geometry":{"type":"MultiPolygon","coordinates":[[[[-113.53048,53.45189],[-113.53056,53.45185],[-113.53113,53.45224],[-113.53225,53.45257],[-113.53424,53.45195],[-113.53404,53.45248],[-113.53397,53.45292],[-113.534,53.45334],[-113.53402,53.45397],[-113.53047,53.45398],[-113.52553,53.45398],[-113.51645,53.45395],[-113.5164,53.44879],[-113.51637,53.44668],[-113.5176,53.44668],[-113.51755,53.44675],[-113.51791,53.44704],[-113.51935,53.44745],[-113.52026,53.44752],[-113.52127,53.44791],[-113.5212,53.44799],[-113.52336,53.44856],[-113.52366,53.44859],[-113.52444,53.44858],[-113.52503,53.44872],[-113.52566,53.44902],[-113.52566,53.44892],[-113.52568,53.44893],[-113.52568,53.44882],[-113.52667,53.4491],[-113.5276,53.44874],[-113.52872,53.44962],[-113.52872,53.44982],[-113.52891,53.44995],[-113.52901,53.45002],[-113.5291,53.4501],[-113.52919,53.45018],[-113.52927,53.45026],[-113.52934,53.45034],[-113.52941,53.45043],[-113.53041,53.45178],[-113.53042,53.4518],[-113.53043,53.45182],[-113.53044,53.45184],[-113.53046,53.45185],[-113.53047,53.45187],[-113.53048,53.45189]]]]}},{"type":"Feature","properties":{"name":"BISSET"},"geometry":{"type":"MultiPolygon","coordinates":[[[[-113.39891,53.46369],[-113.39385,53.46348],[-113.39387,53.45923],[-113.3938,53.45384],[-113.39508,53.45378],[-113.39625,53.45379],[-113.39752,53.45386],[-113.39913,53.45405],[-113.40568,53.45504],[-113.4068,53.45519],[-113.40787,53.45529],[-113.40908,53.45536],[-113.40901,53.4562],[-113.40885,53.45683],[-113.40864,53.45737],[-113.40846,53.45769],[-113.408,53.4583],[-113.40734,53.45903],[-113.40701,53.45946],[-113.4067,53.46005],[-113.40642,53.46073],[-113.4063,53.46124],[-113.40628,53.46168],[-113.40634,53.46239],[-113.40672,53.46403],[-113.39891,53.46369]]]]}},{"type":"Feature","properties":{"name":"MORIN INDUSTRIAL"},"geometry":{"type":"MultiPolygon","coordinates":[[[[-113.62741,53.54331],[-113.62741,53.54133],[-113.63099,53.54132],[-113.63276,53.54131],[-113.63629,53.54128],[-113.63978,53.54123],[-113.63978,53.5433],[-113.63983,53.5465],[-113.63983,53.5486],[-113.63616,53.5486],[-113.63278,53.54861],[-113.6274,53.54861],[-113.6274,53.54528],[-113.62741,53.54331]]]]}},{"type":"Feature","properties":{"name":"PARSONS INDUSTRIAL"},"geometry":{"type":"MultiPolygon","coordinates":[[[[-113.4919,53.46346],[-113.49187,53.46455],[-113.49204,53.46522],[-113.49206,53.46774],[-113.48604,53.4677],[-113.48335,53.46769],[-113.48222,53.46764],[-113.48121,53.46751],[-113.47958,53.46723],[-113.47856,53.46699],[-113.47501,53.46588],[-113.47403,53.46564],[-113.47289,53.46545],[-113.47158,53.46534],[-113.47015,53.46527],[-113.4665,53.46532],[-113.46644,53.4627],[-113.46635,53.45886],[-113.4664,53.45185],[-113.473,53.45196],[-113.47385,53.452],[-113.4752,53.45215],[-113.47678,53.45243],[-113.47913,53.45297],[-113.48162,53.45352],[-113.48292,53.45373],[-113.48444,53.45387],[-113.48599,53.45392],[-113.48962,53.45386],[-113.49036,53.45389],[-113.49134,53.45399],[-113.49252,53.45399],[-113.49237,53.46068],[-113.49203,53.46135],[-113.49193,53.46178],[-113.4919,53.46346]]]]}},{"type":"Feature","properties":{"name":"POUNDMAKER INDUSTRIAL"},"geometry":{"type":"MultiPolygon","coordinates":[[[[-113.65309,53.55588],[-113.64391,53.5559],[-113.64378,53.5559],[-113.64361,53.5559],[-113.63991,53.5559],[-113.63963,53.55591],[-113.63972,53.55327],[-113.63983,53.54867],[-113.64541,53.54868],[-113.64551,53.54873],[-113.65204,53.54872],[-113.652,53.55274],[-113.65246,53.55407],[-113.65309,53.55588]]]]}},{"type":"Feature","properties":{"name":"EKOTA"},"geometry":{"type":"MultiPolygon","coordinates":[[[[-113.45157,53.44736],[-113.45137,53.44773],[-113.45111,53.44802],[-113.44968,53.44904],[-113.44923,53.44947],[-113.44885,53.44993],[-113.44866,53.45021],[-113.44839,53.45079],[-113.44826,53.45138],[-113.44814,53.45326],[-113.44393,53.45354],[-113.43924,53.45365],[-113.4347,53.45357],[-113.43477,53.45245],[-113.43529,53.44965],[-113.43654,53.44619],[-113.43771,53.4463],[-113.43822,53.44632],[-113.4387,53.4463],[-113.43964,53.44619],[-113.44282,53.44557],[-113.44413,53.44532],[-113.44497,53.44521],[-113.44596,53.44517],[-113.4469,53.44519],[-113.44777,53.44526],[-113.44899,53.44543],[-113.4498,53.44558],[-113.45039,53.44577],[-113.45087,53.44601],[-113.45128,53.44635],[-113.45148,53.44662],[-113.45158,53.44686],[-113.45161,53.44711],[-113.45157,53.44736]]]]}},{"type":"Feature","properties":{"name":"SATOO"},"geometry":{"type":"MultiPolygon","coordinates":[[[[-113.45157,53.44736],[-113.45161,53.44711],[-113.45158,53.44686],[-113.45148,53.44662],[-113.45128,53.44635],[-113.45237,53.44605],[-113.4528,53.4459],[-113.45346,53.44562],[-113.45385,53.44542],[-113.4542,53.4452],[-113.45457,53.44493],[-113.4549,53.44462],[-113.45526,53.44419],[-113.45549,53.44375],[-113.45559,53.4435],[-113.45567,53.4432],[-113.4557,53.44286],[-113.45579,53.43949],[-113.46037,53.43949],[-113.46655,53.43949],[-113.46647,53.448],[-113.4664,53.45185],[-113.46163,53.45182],[-113.45994,53.45189],[-113.45853,53.452],[-113.45678,53.45218],[-113.44814,53.45326],[-113.44826,53.45138],[-113.44839,53.45079],[-113.44866,53.45021],[-113.44885,53.44993],[-113.44923,53.44947],[-113.44968,53.44904],[-113.45111,53.44802],[-113.45137,53.44773],[-113.45157,53.44736]]]]}},{"type":"Feature","properties":{"name":"SHEFFIELD INDUSTRIAL"},"geometry":{"type":"MultiPolygon","coordinates":[[[[-113.59882,53.55893],[-113.60063,53.5589],[-113.60156,53.55881],[-113.60244,53.55857],[-113.60287,53.55908],[-113.60279,53.56079],[-113.60278,53.56303],[-113.59715,53.56305],[-113.59041,53.56307],[-113.5904,53.56079],[-113.5904,53.55893],[-113.59425,53.55892],[-113.59882,53.55893]]]]}},{"type":"Feature","properties":{"name":"SUNWAPTA INDUSTRIAL"},"geometry":{"type":"MultiPolygon","coordinates":[[[[-113.65204,53.5486],[-113.65204,53.54872],[-113.64551,53.54873],[-113.64541,53.54868],[-113.63983,53.54867],[-113.63983,53.5486],[-113.63983,53.5465],[-113.63978,53.5433],[-113.63978,53.54123],[-113.65166,53.54125],[-113.65212,53.54144],[-113.65204,53.5486]]]]}},{"type":"Feature","properties":{"name":"PYLYPOW INDUSTRIAL"},"geometry":{"type":"MultiPolygon","coordinates":[[[[-113.41428,53.50674],[-113.40602,53.50696],[-113.39448,53.50727],[-113.394,53.50728],[-113.39385,53.50729],[-113.39384,53.50477],[-113.39384,53.50122],[-113.39382,53.49848],[-113.39379,53.49289],[-113.39378,53.48753],[-113.40813,53.48769],[-113.40971,53.48767],[-113.41822,53.48729],[-113.41817,53.48952],[-113.41817,53.49188],[-113.41818,53.49551],[-113.41812,53.50061],[-113.41811,53.50226],[-113.41815,53.50487],[-113.41821,53.50663],[-113.41804,53.50663],[-113.41428,53.50674]]]]}},{"type":"Feature","properties":{"name":"UNIVERSITY OF ALBERTA"},"geometry":{"type":"MultiPolygon","coordinates":[[[[-113.515,53.52575],[-113.515,53.5248],[-113.51501,53.52385],[-113.51501,53.52289],[-113.5178,53.5229],[-113.52079,53.5229],[-113.52078,53.52195],[-113.52078,53.521],[-113.52077,53.52005],[-113.52076,53.5191],[-113.52075,53.5181],[-113.52102,53.51793],[-113.52117,53.51772],[-113.52163,53.51694],[-113.522,53.51664],[-113.52246,53.51642],[-113.52308,53.51628],[-113.52431,53.51626],[-113.52568,53.51652],[-113.52883,53.51696],[-113.53156,53.51741],[-113.53292,53.51764],[-113.53245,53.5186],[-113.53243,53.51871],[-113.53246,53.51979],[-113.53249,53.52291],[-113.53068,53.5229],[-113.5307,53.52481],[-113.53071,53.52637],[-113.53074,53.53089],[-113.5269,53.52997],[-113.52646,53.5299],[-113.52573,53.52982],[-113.52494,53.52972],[-113.52427,53.52957],[-113.52294,53.52903],[-113.52195,53.52876],[-113.52085,53.52838],[-113.51961,53.52773],[-113.51807,53.52675],[-113.51779,53.52665],[-113.51511,53.52589],[-113.515,53.52575]]]]}},{"type":"Feature","properties":{"name":"STONE INDUSTRIAL"},"geometry":{"type":"MultiPolygon","coordinates":[[[[-113.62741,53.54133],[-113.62741,53.54331],[-113.6274,53.54528],[-113.6274,53.54861],[-113.6239,53.54861],[-113.62039,53.54862],[-113.61787,53.54863],[-113.61518,53.54863],[-113.61522,53.54737],[-113.61554,53.54632],[-113.61586,53.54524],[-113.61599,53.54477],[-113.616,53.54439],[-113.61588,53.54404],[-113.61543,53.5435],[-113.61507,53.54307],[-113.61489,53.54242],[-113.61487,53.54129],[-113.61688,53.54129],[-113.6206,53.54135],[-113.62281,53.54136],[-113.62741,53.54133]]]]}},{"type":"Feature","properties":{"name":"CANON RIDGE"},"geometry":{"type":"MultiPolygon","coordinates":[[[[-113.3829,53.57633],[-113.38265,53.57702],[-113.38244,53.57794],[-113.38236,53.57873],[-113.38238,53.57945],[-113.38248,53.58057],[-113.38278,53.58168],[-113.38367,53.58388],[-113.38414,53.58526],[-113.38365,53.58534],[-113.38351,53.58533],[-113.3835,53.58525],[-113.38257,53.5852],[-113.38222,53.58515],[-113.38209,53.58459],[-113.38146,53.5844],[-113.38083,53.58422],[-113.38018,53.58411],[-113.37936,53.58415],[-113.37818,53.58448],[-113.37771,53.58487],[-113.37648,53.58533],[-113.37605,53.58337],[-113.37618,53.58338],[-113.37617,53.5832],[-113.37627,53.58309],[-113.37616,53.58303],[-113.37615,53.58295],[-113.37597,53.58291],[-113.37588,53.58251],[-113.37578,53.58202],[-113.37576,53.58184],[-113.37569,53.58169],[-113.37567,53.58158],[-113.37567,53.58144],[-113.37561,53.58124],[-113.37555,53.58108],[-113.37525,53.57969],[-113.37507,53.57853],[-113.37508,53.57804],[-113.37474,53.57765],[-113.37464,53.57735],[-113.37519,53.57689],[-113.37429,53.57656],[-113.37434,53.57462],[-113.37435,53.57314],[-113.37498,53.57221],[-113.38363,53.57461],[-113.38319,53.57566],[-113.3829,53.57633]]]]}},{"type":"Feature","properties":{"name":"CARLETON SQUARE INDUSTRIAL"},"geometry":{"type":"MultiPolygon","coordinates":[[[[-113.61526,53.57044],[-113.6153,53.57335],[-113.60274,53.57643],[-113.60278,53.57355],[-113.60282,53.57044],[-113.60896,53.57043],[-113.61131,53.57043],[-113.61526,53.57044]]]]}},{"type":"Feature","properties":{"name":"BLACKMUD CREEK"},"geometry":{"type":"MultiPolygon","coordinates":[[[[-113.51638,53.41639],[-113.51705,53.41656],[-113.51821,53.41709],[-113.51736,53.41797],[-113.51684,53.41887],[-113.51645,53.41997],[-113.51646,53.42104],[-113.51656,53.4248],[-113.50903,53.4248],[-113.5043,53.42483],[-113.50411,53.42465],[-113.50411,53.4222],[-113.50426,53.42214],[-113.5045,53.42199],[-113.50459,53.42164],[-113.50495,53.42168],[-113.50528,53.42153],[-113.50583,53.42107],[-113.50603,53.42099],[-113.50612,53.4209],[-113.50607,53.42077],[-113.50609,53.42063],[-113.50589,53.42039],[-113.50601,53.42026],[-113.50678,53.42042],[-113.50733,53.42042],[-113.50762,53.42036],[-113.50771,53.42033],[-113.50781,53.42025],[-113.50768,53.42006],[-113.50726,53.42021],[-113.50695,53.42019],[-113.5067,53.42007],[-113.50621,53.41991],[-113.50593,53.41987],[-113.50563,53.4199],[-113.50541,53.41994],[-113.50526,53.41994],[-113.50512,53.4197],[-113.50499,53.41965],[-113.505,53.41952],[-113.5049,53.41935],[-113.50476,53.41925],[-113.50445,53.41917],[-113.50411,53.41892],[-113.50411,53.41838],[-113.50411,53.41797],[-113.50411,53.41688],[-113.50425,53.41703],[-113.50478,53.41726],[-113.50515,53.41724],[-113.50559,53.41714],[-113.50594,53.41692],[-113.50601,53.41682],[-113.50617,53.41627],[-113.50653,53.41635],[-113.50685,53.41635],[-113.50699,53.41625],[-113.50717,53.41625],[-113.50733,53.41616],[-113.50768,53.41606],[-113.50762,53.41619],[-113.50766,53.41638],[-113.50794,53.41657],[-113.50828,53.41683],[-113.50899,53.41684],[-113.50921,53.41678],[-113.50936,53.41669],[-113.50953,53.41646],[-113.50977,53.41634],[-113.51039,53.41611],[-113.51085,53.41609],[-113.51143,53.41604],[-113.51177,53.41618],[-113.51206,53.41619],[-113.51218,53.41619],[-113.51238,53.41617],[-113.51251,53.41615],[-113.51294,53.41592],[-113.51325,53.41564],[-113.51335,53.41559],[-113.51358,53.4153],[-113.51366,53.41522],[-113.51377,53.41515],[-113.51385,53.41505],[-113.5138,53.41497],[-113.51374,53.41482],[-113.51374,53.41474],[-113.51413,53.41502],[-113.51413,53.41527],[-113.5142,53.41551],[-113.51425,53.41552],[-113.51437,53.41548],[-113.51449,53.41542],[-113.51495,53.41538],[-113.5152,53.41535],[-113.51534,53.41526],[-113.51542,53.41512],[-113.51541,53.41488],[-113.51548,53.41461],[-113.51567,53.41459],[-113.51587,53.41455],[-113.51609,53.41449],[-113.51623,53.41449],[-113.51638,53.41453],[-113.51638,53.41639]]]]}},{"type":"Feature","properties":{"name":"CALGARY TRAIL NORTH"},"geometry":{"type":"MultiPolygon","coordinates":[[[[-113.49072,53.49371],[-113.4907,53.49362],[-113.49069,53.49352],[-113.49068,53.49343],[-113.49066,53.49334],[-113.49065,53.49325],[-113.49064,53.49316],[-113.49063,53.49307],[-113.49061,53.49295],[-113.4906,53.49288],[-113.4906,53.4928],[-113.49059,53.49273],[-113.49058,53.49265],[-113.49057,53.49253],[-113.49056,53.49241],[-113.49055,53.49233],[-113.49054,53.49223],[-113.49053,53.49213],[-113.49052,53.49192],[-113.49051,53.49171],[-113.4905,53.4915],[-113.49049,53.49129],[-113.49048,53.49107],[-113.49048,53.49086],[-113.49048,53.4908],[-113.49048,53.49069],[-113.49048,53.49063],[-113.49048,53.49051],[-113.49048,53.49035],[-113.49049,53.49027],[-113.49049,53.49012],[-113.49049,53.49003],[-113.49056,53.48828],[-113.49057,53.48816],[-113.49057,53.4881],[-113.49057,53.48792],[-113.49061,53.48717],[-113.49067,53.48568],[-113.49077,53.48304],[-113.49081,53.482],[-113.49088,53.48041],[-113.49203,53.48041],[-113.49556,53.48047],[-113.495,53.48311],[-113.49494,53.48385],[-113.49491,53.48555],[-113.49491,53.48813],[-113.49494,53.49141],[-113.49645,53.49243],[-113.49733,53.49299],[-113.49759,53.49329],[-113.49766,53.49364],[-113.49765,53.49513],[-113.49764,53.49608],[-113.49765,53.49703],[-113.49764,53.49798],[-113.49766,53.49987],[-113.49401,53.49987],[-113.49172,53.49988],[-113.49111,53.49614],[-113.49072,53.49371]]]]}},{"type":"Feature","properties":{"name":"ELLERSLIE"},"geometry":{"type":"MultiPolygon","coordinates":[[[[-113.44663,53.42487],[-113.45088,53.42489],[-113.45214,53.42488],[-113.45529,53.4249],[-113.45832,53.42489],[-113.46289,53.42489],[-113.46699,53.42493],[-113.47377,53.42494],[-113.47367,53.42627],[-113.4735,53.42738],[-113.4732,53.42797],[-113.47279,53.4285],[-113.47238,53.42894],[-113.47182,53.42937],[-113.47124,53.42972],[-113.46994,53.43038],[-113.46919,53.43079],[-113.46837,53.43131],[-113.46773,53.43186],[-113.46738,53.43225],[-113.46677,53.43225],[-113.455,53.43225],[-113.44893,53.43225],[-113.44428,53.43225],[-113.44295,53.43225],[-113.44288,53.43225],[-113.44273,53.43225],[-113.44271,53.43084],[-113.44271,53.42738],[-113.44266,53.42484],[-113.44663,53.42487]]]]}},{"type":"Feature","properties":{"name":"BLACKBURNE"},"geometry":{"type":"MultiPolygon","coordinates":[[[[-113.49879,53.42807],[-113.50282,53.42878],[-113.50411,53.42979],[-113.50411,53.42929],[-113.51344,53.42929],[-113.5137,53.42943],[-113.51637,53.42943],[-113.51622,53.42956],[-113.51622,53.43168],[-113.51416,53.43168],[-113.51367,53.43179],[-113.50663,53.43329],[-113.50206,53.4334],[-113.50009,53.4324],[-113.49977,53.43223],[-113.49419,53.43224],[-113.49331,53.43224],[-113.49358,53.42488],[-113.49488,53.42474],[-113.49602,53.42474],[-113.49752,53.42475],[-113.49752,53.42501],[-113.49744,53.427],[-113.49805,53.427],[-113.49879,53.42807]]]]}},{"type":"Feature","properties":{"name":"RIVER VALLEY TERWILLEGAR"},"geometry":{"type":"MultiPolygon","coordinates":[[[[-113.59103,53.49756],[-113.58952,53.49756],[-113.5894,53.49756],[-113.58931,53.49719],[-113.58922,53.49681],[-113.58897,53.49608],[-113.58849,53.49538],[-113.5872,53.49538],[-113.58721,53.49541],[-113.58662,53.49628],[-113.58634,53.49622],[-113.5869,53.49538],[-113.58683,53.495],[-113.58663,53.49386],[-113.5856,53.49317],[-113.5854,53.49304],[-113.58599,53.49215],[-113.58657,53.49204],[-113.58552,53.49034],[-113.586,53.49033],[-113.58576,53.48905],[-113.58577,53.48892],[-113.58498,53.48892],[-113.58497,53.48877],[-113.58497,53.48859],[-113.58501,53.48839],[-113.58511,53.48831],[-113.58502,53.48817],[-113.58514,53.48798],[-113.58512,53.48781],[-113.58493,53.4876],[-113.58496,53.4876],[-113.58586,53.48759],[-113.58594,53.48642],[-113.58601,53.48619],[-113.58599,53.48618],[-113.58598,53.48618],[-113.58596,53.48617],[-113.58595,53.48617],[-113.58593,53.48616],[-113.5859,53.48615],[-113.58589,53.48614],[-113.58587,53.48614],[-113.58586,53.48613],[-113.58585,53.48613],[-113.58583,53.48612],[-113.58582,53.48611],[-113.58581,53.48611],[-113.5858,53.4861],[-113.58579,53.4861],[-113.58578,53.4861],[-113.58577,53.48609],[-113.58576,53.48609],[-113.58575,53.48609],[-113.58575,53.48609],[-113.58573,53.48608],[-113.58573,53.48608],[-113.58569,53.48605],[-113.58568,53.48605],[-113.58567,53.48604],[-113.58567,53.48604],[-113.58567,53.48604],[-113.58566,53.48603],[-113.58566,53.48603],[-113.58566,53.48602],[-113.58565,53.486],[-113.58565,53.48599],[-113.58565,53.48599],[-113.58565,53.48598],[-113.58565,53.48597],[-113.58565,53.48597],[-113.58565,53.48596],[-113.58565,53.48595],[-113.58565,53.48594],[-113.58565,53.48593],[-113.58565,53.48592],[-113.58566,53.48591],[-113.58566,53.4859],[-113.58568,53.48588],[-113.58569,53.48587],[-113.5857,53.48585],[-113.5857,53.48585],[-113.5857,53.48584],[-113.5857,53.48583],[-113.58571,53.48583],[-113.58575,53.48578],[-113.58575,53.48578],[-113.58575,53.48577],[-113.58575,53.48577],[-113.58576,53.48575],[-113.58577,53.48575],[-113.58578,53.48574],[-113.5858,53.48572],[-113.58582,53.4857],[-113.58585,53.48568],[-113.58587,53.48566],[-113.58589,53.48564],[-113.5859,53.48564],[-113.58591,53.48563],[-113.58593,53.48562],[-113.58594,53.48561],[-113.58594,53.48561],[-113.58595,53.48561],[-113.58596,53.48561],[-113.58598,53.48562],[-113.586,53.48562],[-113.58601,53.48562],[-113.58602,53.48562],[-113.58603,53.48562],[-113.58604,53.48562],[-113.58604,53.48561],[-113.58607,53.48561],[-113.58612,53.48559],[-113.58615,53.48559],[-113.58618,53.48559],[-113.58619,53.48558],[-113.58626,53.48536],[-113.58727,53.48317],[-113.58779,53.48317],[-113.58784,53.4831],[-113.58784,53.48309],[-113.58785,53.48307],[-113.58786,53.48305],[-113.58787,53.48305],[-113.58787,53.48304],[-113.58788,53.48303],[-113.58789,53.48302],[-113.58791,53.48301],[-113.58794,53.48299],[-113.5871,53.48299],[-113.58665,53.48299],[-113.58944,53.48151],[-113.58975,53.48129],[-113.58832,53.48066],[-113.5897,53.48036],[-113.58962,53.48023],[-113.5902,53.48013],[-113.59021,53.47995],[-113.59034,53.47991],[-113.59142,53.47961],[-113.59172,53.47947],[-113.59172,53.47944],[-113.59238,53.47926],[-113.59252,53.47924],[-113.59272,53.47915],[-113.59288,53.47901],[-113.59305,53.47876],[-113.5933,53.47879],[-113.59357,53.47879],[-113.59577,53.47875],[-113.59874,53.47869],[-113.59934,53.47866],[-113.59985,53.47858],[-113.60055,53.47841],[-113.60076,53.47826],[-113.60091,53.47823],[-113.60137,53.47826],[-113.60232,53.47793],[-113.60288,53.47773],[-113.60342,53.47771],[-113.60348,53.4777],[-113.60357,53.4777],[-113.60455,53.47781],[-113.60534,53.47746],[-113.60544,53.47737],[-113.60403,53.47671],[-113.60382,53.47644],[-113.60364,53.47622],[-113.60334,53.47611],[-113.60327,53.47606],[-113.60298,53.47579],[-113.60275,53.47579],[-113.60272,53.47578],[-113.60272,53.47575],[-113.60272,53.47571],[-113.60271,53.47218],[-113.60255,53.47208],[-113.6026,53.47184],[-113.60259,53.4711],[-113.6025,53.47074],[-113.60271,53.47071],[-113.60271,53.46858],[-113.60174,53.46858],[-113.6016,53.46858],[-113.60151,53.46817],[-113.60133,53.46736],[-113.60121,53.46686],[-113.6012,53.46671],[-113.60131,53.46625],[-113.60137,53.46611],[-113.60149,53.46596],[-113.60178,53.46575],[-113.60213,53.4655],[-113.60224,53.46535],[-113.60229,53.46519],[-113.60227,53.465],[-113.60214,53.46484],[-113.60191,53.46468],[-113.60163,53.46456],[-113.60136,53.46448],[-113.60155,53.46425],[-113.60153,53.46402],[-113.60159,53.46393],[-113.60183,53.46418],[-113.6022,53.46424],[-113.60234,53.4644],[-113.60275,53.46444],[-113.60292,53.46421],[-113.60272,53.4639],[-113.60253,53.46386],[-113.60346,53.46245],[-113.60365,53.46248],[-113.60394,53.46247],[-113.60459,53.46192],[-113.60257,53.46192],[-113.60256,53.46137],[-113.6046,53.46138],[-113.60457,53.46129],[-113.60458,53.46104],[-113.60454,53.46075],[-113.60452,53.46063],[-113.60458,53.46056],[-113.60465,53.46039],[-113.60469,53.46016],[-113.60497,53.46026],[-113.60517,53.46037],[-113.60532,53.46055],[-113.60553,53.46072],[-113.60576,53.4608],[-113.60643,53.4609],[-113.60643,53.46078],[-113.60629,53.46045],[-113.60624,53.46029],[-113.60618,53.45986],[-113.60615,53.45944],[-113.60623,53.45914],[-113.60561,53.45909],[-113.60615,53.45873],[-113.60615,53.45852],[-113.60502,53.45852],[-113.60493,53.45845],[-113.60497,53.45838],[-113.60518,53.45831],[-113.60553,53.45827],[-113.60571,53.45822],[-113.60579,53.45813],[-113.60551,53.45789],[-113.60547,53.45781],[-113.60552,53.45773],[-113.60566,53.45772],[-113.60579,53.45748],[-113.60554,53.45733],[-113.6052,53.45702],[-113.60483,53.45672],[-113.60472,53.45655],[-113.60442,53.45624],[-113.60475,53.45611],[-113.60726,53.45809],[-113.60945,53.46139],[-113.60912,53.46193],[-113.60923,53.46194],[-113.61048,53.46265],[-113.60997,53.46295],[-113.60823,53.46415],[-113.6073,53.46496],[-113.60623,53.46613],[-113.6056,53.46708],[-113.60532,53.46794],[-113.60521,53.46859],[-113.60522,53.46925],[-113.6054,53.47014],[-113.60574,53.47075],[-113.60616,53.47141],[-113.60663,53.47189],[-113.60801,53.47295],[-113.60886,53.47345],[-113.60961,53.47381],[-113.61064,53.47413],[-113.61281,53.47468],[-113.61504,53.47525],[-113.61656,53.4756],[-113.61745,53.47585],[-113.61891,53.47624],[-113.62052,53.47673],[-113.62149,53.47707],[-113.62264,53.47759],[-113.6237,53.4781],[-113.62481,53.47878],[-113.62534,53.47925],[-113.62588,53.47985],[-113.62631,53.48042],[-113.62656,53.48088],[-113.62727,53.48207],[-113.62768,53.48324],[-113.62777,53.48364],[-113.62785,53.48435],[-113.62764,53.4853],[-113.62725,53.48607],[-113.62616,53.48703],[-113.62552,53.48753],[-113.62413,53.4882],[-113.62269,53.48873],[-113.62153,53.48901],[-113.62004,53.4892],[-113.61829,53.48923],[-113.61646,53.48904],[-113.61463,53.48869],[-113.61288,53.48817],[-113.61198,53.48784],[-113.611,53.48742],[-113.60925,53.48654],[-113.60831,53.486],[-113.60708,53.48526],[-113.6052,53.48406],[-113.60432,53.48349],[-113.60346,53.48301],[-113.60259,53.48253],[-113.60177,53.48216],[-113.60096,53.48177],[-113.60009,53.48145],[-113.59923,53.48118],[-113.59868,53.48106],[-113.59763,53.48089],[-113.59666,53.48082],[-113.5958,53.48081],[-113.59494,53.48086],[-113.59359,53.48098],[-113.59269,53.48114],[-113.59184,53.48138],[-113.59125,53.48159],[-113.59072,53.48184],[-113.58982,53.48242],[-113.58899,53.48322],[-113.58835,53.48413],[-113.58785,53.48508],[-113.58765,53.48602],[-113.5875,53.48718],[-113.58735,53.48806],[-113.5874,53.48927],[-113.58766,53.49022],[-113.58822,53.4914],[-113.58898,53.49287],[-113.58936,53.49379],[-113.58973,53.49452],[-113.59024,53.49539],[-113.59069,53.49633],[-113.59089,53.49691],[-113.59103,53.49756]]]]}},{"type":"Feature","properties":{"name":"KINISKI GARDENS"},"geometry":{"type":"MultiPolygon","coordinates":[[[[-113.41311,53.47581],[-113.41247,53.47623],[-113.41246,53.47624],[-113.41072,53.47737],[-113.41051,53.4775],[-113.40943,53.4782],[-113.40864,53.47872],[-113.40554,53.48052],[-113.40546,53.48053],[-113.40189,53.48261],[-113.40173,53.48271],[-113.40161,53.48278],[-113.40121,53.483],[-113.39726,53.48515],[-113.395,53.48639],[-113.39377,53.48705],[-113.39372,53.48477],[-113.39371,53.48308],[-113.39369,53.48045],[-113.39364,53.47293],[-113.39376,53.46764],[-113.3938,53.46545],[-113.39432,53.46545],[-113.39496,53.46516],[-113.39507,53.46505],[-113.39505,53.46491],[-113.3953,53.46484],[-113.39634,53.4648],[-113.39639,53.46502],[-113.39654,53.46546],[-113.39668,53.46578],[-113.39696,53.46616],[-113.39885,53.46589],[-113.39936,53.46578],[-113.3997,53.46568],[-113.39988,53.46582],[-113.40109,53.46676],[-113.40159,53.46713],[-113.40202,53.46732],[-113.40244,53.46747],[-113.40321,53.46766],[-113.40354,53.4677],[-113.40352,53.46779],[-113.4042,53.46846],[-113.40586,53.46848],[-113.40599,53.46916],[-113.40721,53.46962],[-113.40752,53.47001],[-113.40876,53.46983],[-113.40939,53.46978],[-113.40949,53.46994],[-113.40998,53.47036],[-113.41012,53.47036],[-113.41043,53.47091],[-113.41179,53.47099],[-113.41192,53.4723],[-113.41322,53.47248],[-113.41315,53.47295],[-113.41316,53.47324],[-113.41332,53.47378],[-113.41342,53.47417],[-113.41342,53.47436],[-113.4134,53.47453],[-113.41328,53.47482],[-113.4131,53.47509],[-113.41284,53.47531],[-113.41281,53.47538],[-113.41287,53.47544],[-113.41333,53.47561],[-113.4134,53.47563],[-113.41329,53.4757],[-113.41311,53.47581]]]]}},{"type":"Feature","properties":{"name":"STEWART GREENS"},"geometry":{"type":"MultiPolygon","coordinates":[[[[-113.67668,53.53845],[-113.67669,53.54053],[-113.6767,53.54066],[-113.67669,53.54119],[-113.66882,53.54123],[-113.66442,53.54124],[-113.6644,53.54001],[-113.66439,53.53754],[-113.66424,53.53754],[-113.66409,53.53754],[-113.66408,53.53643],[-113.66259,53.53559],[-113.66191,53.53437],[-113.6619,53.53394],[-113.66423,53.53393],[-113.66438,53.53393],[-113.66453,53.53393],[-113.66908,53.53393],[-113.67024,53.53393],[-113.67425,53.53392],[-113.67459,53.53392],[-113.67509,53.53392],[-113.6754,53.53392],[-113.67666,53.53392],[-113.67666,53.53427],[-113.67667,53.53507],[-113.67668,53.53845]]]]}},{"type":"Feature","properties":{"name":"VIRGINIA PARK"},"geometry":{"type":"MultiPolygon","coordinates":[[[[-113.46161,53.56273],[-113.46161,53.56284],[-113.46161,53.56362],[-113.46161,53.56372],[-113.45794,53.56371],[-113.45473,53.56417],[-113.45044,53.56419],[-113.44875,53.56239],[-113.44652,53.56286],[-113.44267,53.56017],[-113.44441,53.55976],[-113.44661,53.55875],[-113.44718,53.5585],[-113.44819,53.55824],[-113.4495,53.55781],[-113.45016,53.55759],[-113.45193,53.5595],[-113.45242,53.55942],[-113.45339,53.55945],[-113.45351,53.55946],[-113.45482,53.55947],[-113.45621,53.55943],[-113.45694,53.56099],[-113.45701,53.56121],[-113.46152,53.5612],[-113.4616,53.5612],[-113.4616,53.5613],[-113.4616,53.56172],[-113.46161,53.56265],[-113.46161,53.56273]]]]}},{"type":"Feature","properties":{"name":"PLACE LARUE"},"geometry":{"type":"MultiPolygon","coordinates":[[[[-113.63538,53.53748],[-113.63986,53.53732],[-113.64943,53.53666],[-113.6518,53.53668],[-113.65176,53.53698],[-113.65166,53.53755],[-113.65166,53.53833],[-113.65166,53.54053],[-113.65166,53.54125],[-113.63978,53.54123],[-113.63629,53.54128],[-113.63276,53.54131],[-113.63099,53.54132],[-113.62741,53.54133],[-113.62281,53.54136],[-113.6206,53.54135],[-113.61688,53.54129],[-113.61487,53.54129],[-113.61498,53.53929],[-113.61502,53.5378],[-113.61525,53.53753],[-113.61571,53.53783],[-113.61595,53.53783],[-113.62015,53.53783],[-113.62015,53.53774],[-113.62216,53.5377],[-113.62256,53.53771],[-113.62287,53.53774],[-113.62393,53.53794],[-113.62445,53.53801],[-113.62481,53.53802],[-113.62525,53.538],[-113.62578,53.53796],[-113.62683,53.53791],[-113.62749,53.53779],[-113.63094,53.53764],[-113.63538,53.53748]]]]}},{"type":"Feature","properties":{"name":"LA PERLE"},"geometry":{"type":"MultiPolygon","coordinates":[[[[-113.6518,53.53668],[-113.64943,53.53666],[-113.63986,53.53732],[-113.63538,53.53748],[-113.63094,53.53764],[-113.62749,53.53779],[-113.62748,53.53658],[-113.62758,53.53603],[-113.6278,53.53545],[-113.62831,53.53451],[-113.62922,53.53322],[-113.63047,53.53115],[-113.63067,53.53064],[-113.63069,53.53021],[-113.63039,53.52857],[-113.63199,53.52842],[-113.6335,53.52838],[-113.63481,53.52846],[-113.63651,53.52873],[-113.63858,53.52925],[-113.64031,53.52962],[-113.64121,53.52976],[-113.64204,53.52984],[-113.64306,53.52987],[-113.64911,53.5299],[-113.64933,53.52993],[-113.65211,53.52992],[-113.65211,53.53007],[-113.65211,53.53033],[-113.65211,53.53214],[-113.65212,53.53364],[-113.65212,53.53369],[-113.65212,53.53395],[-113.65212,53.53403],[-113.65212,53.53645],[-113.6518,53.53668]]]]}},{"type":"Feature","properties":{"name":"CALGARY TRAIL SOUTH"},"geometry":{"type":"MultiPolygon","coordinates":[[[[-113.49486,53.46034],[-113.49487,53.46036],[-113.4952,53.46134],[-113.49383,53.46135],[-113.49356,53.46134],[-113.49336,53.46126],[-113.49308,53.46134],[-113.49446,53.46319],[-113.4953,53.46415],[-113.4958,53.46518],[-113.49599,53.46616],[-113.49619,53.46777],[-113.49588,53.46887],[-113.49565,53.47589],[-113.49559,53.47796],[-113.49556,53.48047],[-113.49203,53.48041],[-113.49088,53.48041],[-113.49115,53.47356],[-113.49173,53.47356],[-113.49204,53.47356],[-113.49206,53.46774],[-113.49204,53.46522],[-113.49187,53.46455],[-113.4919,53.46346],[-113.49193,53.46178],[-113.49203,53.46135],[-113.49237,53.46068],[-113.49249,53.45563],[-113.4935,53.45565],[-113.49507,53.45567],[-113.49504,53.4564],[-113.49503,53.45687],[-113.49501,53.45719],[-113.495,53.4575],[-113.49496,53.45848],[-113.49494,53.45901],[-113.49483,53.45901],[-113.49478,53.46027],[-113.49486,53.46034]]]]}},{"type":"Feature","properties":{"name":"LYMBURN"},"geometry":{"type":"MultiPolygon","coordinates":[[[[-113.65209,53.51031],[-113.65209,53.51176],[-113.65207,53.5122],[-113.62991,53.51217],[-113.63026,53.50942],[-113.63099,53.50626],[-113.63115,53.50516],[-113.63116,53.50302],[-113.63384,53.50287],[-113.63969,53.50294],[-113.64134,53.50296],[-113.6441,53.50316],[-113.64844,53.50317],[-113.65451,53.50307],[-113.65451,53.50333],[-113.65451,53.50366],[-113.65451,53.50389],[-113.65496,53.50389],[-113.65507,53.50394],[-113.65504,53.50454],[-113.65515,53.50465],[-113.65509,53.50523],[-113.65499,53.5057],[-113.65497,53.50577],[-113.65495,53.50598],[-113.65488,53.50652],[-113.65474,53.50688],[-113.65469,53.50688],[-113.6545,53.50723],[-113.65406,53.50723],[-113.65338,53.50851],[-113.65332,53.50887],[-113.65319,53.50887],[-113.65265,53.50986],[-113.6525,53.51031],[-113.65209,53.51031]]]]}},{"type":"Feature","properties":{"name":"WHITE INDUSTRIAL"},"geometry":{"type":"MultiPolygon","coordinates":[[[[-113.65566,53.56327],[-113.65657,53.56588],[-113.65665,53.56612],[-113.65673,53.56636],[-113.65771,53.56917],[-113.65498,53.57024],[-113.65449,53.57044],[-113.65392,53.57065],[-113.65182,53.57147],[-113.65182,53.57295],[-113.65181,53.57365],[-113.64946,53.57359],[-113.64514,53.57333],[-113.63952,53.57274],[-113.64017,53.57045],[-113.63959,53.57045],[-113.63958,53.56961],[-113.64011,53.56814],[-113.6396,53.5632],[-113.63961,53.56141],[-113.63962,53.55956],[-113.63963,53.55591],[-113.63991,53.5559],[-113.64361,53.5559],[-113.64378,53.5559],[-113.64391,53.5559],[-113.65309,53.55588],[-113.65315,53.55603],[-113.65295,53.55626],[-113.65196,53.55653],[-113.65194,53.55865],[-113.65366,53.55829],[-113.65397,53.5584],[-113.65566,53.56327]]]]}},{"type":"Feature","properties":{"name":"GARIEPY"},"geometry":{"type":"MultiPolygon","coordinates":[[[[-113.62566,53.4905],[-113.62605,53.49038],[-113.62646,53.49015],[-113.62679,53.49005],[-113.6275,53.48971],[-113.62775,53.48959],[-113.62796,53.48966],[-113.62963,53.49016],[-113.62981,53.49029],[-113.62993,53.49036],[-113.63008,53.49044],[-113.63005,53.49046],[-113.63033,53.49055],[-113.63054,53.49061],[-113.63074,53.49069],[-113.63004,53.49154],[-113.62953,53.49243],[-113.62916,53.49351],[-113.62901,53.49477],[-113.62912,53.49546],[-113.62939,53.49636],[-113.62102,53.49735],[-113.61923,53.4975],[-113.61764,53.49757],[-113.61547,53.4976],[-113.61543,53.49736],[-113.61543,53.49559],[-113.61513,53.49546],[-113.61513,53.49399],[-113.61526,53.49394],[-113.61573,53.49386],[-113.61598,53.49387],[-113.61647,53.49402],[-113.61678,53.49418],[-113.61697,53.49425],[-113.61745,53.49434],[-113.61883,53.49474],[-113.61905,53.49476],[-113.61949,53.49477],[-113.61997,53.49473],[-113.6199,53.49452],[-113.61894,53.49451],[-113.61864,53.49441],[-113.61839,53.49408],[-113.61809,53.49404],[-113.61797,53.49408],[-113.61766,53.49399],[-113.61711,53.49384],[-113.61678,53.49368],[-113.61606,53.49358],[-113.61589,53.49357],[-113.61549,53.49344],[-113.61512,53.49343],[-113.61512,53.49182],[-113.61543,53.49182],[-113.61542,53.49091],[-113.61566,53.4908],[-113.62131,53.49086],[-113.62292,53.49079],[-113.62315,53.49076],[-113.62315,53.49066],[-113.62376,53.49052],[-113.62488,53.4905],[-113.62493,53.49049],[-113.62566,53.4905]]]]}},{"type":"Feature","properties":{"name":"HOLYROOD"},"geometry":{"type":"MultiPolygon","coordinates":[[[[-113.44456,53.53753],[-113.44294,53.53753],[-113.44292,53.5353],[-113.44291,53.53398],[-113.44289,53.53231],[-113.44288,53.53051],[-113.44287,53.52777],[-113.44287,53.52685],[-113.4429,53.52523],[-113.44909,53.5252],[-113.4518,53.52519],[-113.45229,53.52526],[-113.45747,53.52526],[-113.45746,53.5268],[-113.45746,53.52773],[-113.4575,53.53177],[-113.45752,53.53287],[-113.45748,53.53307],[-113.45738,53.53323],[-113.45603,53.5349],[-113.45587,53.53545],[-113.45586,53.53569],[-113.45587,53.5359],[-113.45616,53.53752],[-113.45345,53.53753],[-113.44928,53.53753],[-113.44613,53.53753],[-113.44456,53.53753]]]]}},{"type":"Feature","properties":{"name":"HENDERSON ESTATES"},"geometry":{"type":"MultiPolygon","coordinates":[[[[-113.59196,53.46135],[-113.59396,53.46135],[-113.59421,53.46135],[-113.59444,53.46135],[-113.60065,53.46137],[-113.60256,53.46137],[-113.60257,53.46192],[-113.60459,53.46192],[-113.60394,53.46247],[-113.60365,53.46248],[-113.60346,53.46245],[-113.60253,53.46386],[-113.60272,53.4639],[-113.60292,53.46421],[-113.60275,53.46444],[-113.60234,53.4644],[-113.6022,53.46424],[-113.60183,53.46418],[-113.60159,53.46393],[-113.60153,53.46402],[-113.60155,53.46425],[-113.60136,53.46448],[-113.60163,53.46456],[-113.60191,53.46468],[-113.60214,53.46484],[-113.60227,53.465],[-113.60229,53.46519],[-113.60224,53.46535],[-113.60213,53.4655],[-113.60178,53.46575],[-113.60149,53.46596],[-113.60137,53.46611],[-113.60131,53.46625],[-113.6012,53.46671],[-113.60121,53.46686],[-113.60133,53.46736],[-113.60151,53.46817],[-113.6016,53.46858],[-113.60174,53.46858],[-113.60271,53.46858],[-113.60271,53.47071],[-113.6025,53.47074],[-113.60259,53.4711],[-113.6026,53.47184],[-113.60255,53.47208],[-113.60271,53.47218],[-113.60272,53.47571],[-113.60272,53.47575],[-113.60272,53.47578],[-113.60097,53.47578],[-113.59852,53.47448],[-113.59404,53.4721],[-113.59482,53.47153],[-113.59516,53.47122],[-113.59539,53.47088],[-113.59554,53.47055],[-113.59561,53.47017],[-113.59554,53.46978],[-113.59533,53.46931],[-113.59471,53.46807],[-113.59376,53.46616],[-113.5936,53.46573],[-113.59353,53.46531],[-113.5935,53.46479],[-113.59368,53.46404],[-113.59408,53.46325],[-113.59426,53.46273],[-113.59431,53.46228],[-113.5943,53.4619],[-113.59064,53.46189],[-113.59042,53.46189],[-113.5903,53.46189],[-113.5903,53.46183],[-113.5903,53.46134],[-113.59196,53.46135]]]]}},{"type":"Feature","properties":{"name":"EDMONTON NORTHLANDS"},"geometry":{"type":"MultiPolygon","coordinates":[[[[-113.45566,53.57346],[-113.45464,53.57435],[-113.45392,53.57434],[-113.45352,53.57434],[-113.45317,53.57434],[-113.45318,53.57368],[-113.45359,53.57271],[-113.45366,53.57239],[-113.45368,53.57198],[-113.45368,53.57037],[-113.45291,53.57036],[-113.45267,53.56993],[-113.45236,53.56955],[-113.45179,53.56893],[-113.44909,53.56503],[-113.44814,53.56398],[-113.44684,53.56309],[-113.44652,53.56286],[-113.44875,53.56239],[-113.45044,53.56419],[-113.45473,53.56417],[-113.45794,53.56371],[-113.46161,53.56372],[-113.46161,53.56362],[-113.46161,53.56284],[-113.46161,53.56273],[-113.46252,53.56274],[-113.46403,53.56274],[-113.46718,53.56274],[-113.46714,53.56283],[-113.46715,53.56342],[-113.46627,53.56419],[-113.46606,53.56437],[-113.46568,53.5647],[-113.46451,53.56572],[-113.46337,53.56672],[-113.46332,53.56676],[-113.46332,53.56677],[-113.46323,53.56684],[-113.46183,53.56807],[-113.461,53.5688],[-113.45928,53.5703],[-113.45907,53.57048],[-113.45566,53.57346]]]]}},{"type":"Feature","properties":{"name":"RICHFORD"},"geometry":{"type":"MultiPolygon","coordinates":[[[[-113.49879,53.42807],[-113.49805,53.427],[-113.49744,53.427],[-113.49752,53.42501],[-113.49752,53.42475],[-113.50035,53.42476],[-113.50062,53.42482],[-113.5043,53.42483],[-113.50903,53.4248],[-113.51656,53.4248],[-113.51655,53.4292],[-113.5166,53.42943],[-113.5137,53.42943],[-113.51344,53.42929],[-113.50411,53.42929],[-113.50411,53.42979],[-113.50282,53.42878],[-113.49879,53.42807]]]]}},{"type":"Feature","properties":{"name":"CLAREVIEW TOWN CENTRE"},"geometry":{"type":"MultiPolygon","coordinates":[[[[-113.41568,53.59732],[-113.41762,53.59773],[-113.41823,53.59788],[-113.42016,53.59848],[-113.42117,53.59878],[-113.41956,53.60006],[-113.4169,53.60233],[-113.41402,53.60479],[-113.41159,53.60686],[-113.40674,53.60686],[-113.40381,53.60685],[-113.40319,53.60685],[-113.39592,53.60684],[-113.39624,53.60394],[-113.39635,53.60286],[-113.39654,53.60061],[-113.39655,53.60025],[-113.39648,53.59993],[-113.3962,53.5992],[-113.40021,53.59856],[-113.40283,53.59814],[-113.4063,53.59758],[-113.40815,53.5973],[-113.40972,53.59712],[-113.41152,53.59703],[-113.41339,53.59707],[-113.41568,53.59732]]]]}},{"type":"Feature","properties":{"name":"GLENORA"},"geometry":{"type":"MultiPolygon","coordinates":[[[[-113.54867,53.54304],[-113.54959,53.54304],[-113.55031,53.54304],[-113.55031,53.54252],[-113.54991,53.54235],[-113.54979,53.54224],[-113.54977,53.54209],[-113.54985,53.54195],[-113.55,53.54187],[-113.55028,53.54184],[-113.55059,53.54188],[-113.55293,53.5425],[-113.55357,53.54263],[-113.55433,53.54263],[-113.55448,53.5429],[-113.55464,53.54304],[-113.55533,53.54304],[-113.55513,53.54238],[-113.55506,53.54226],[-113.55491,53.54214],[-113.55463,53.54204],[-113.55346,53.54194],[-113.55141,53.54117],[-113.5512,53.54101],[-113.55112,53.54081],[-113.55122,53.5406],[-113.55141,53.54043],[-113.55105,53.54025],[-113.55058,53.5399],[-113.55045,53.53964],[-113.55053,53.53945],[-113.55077,53.53932],[-113.55128,53.53928],[-113.55199,53.5393],[-113.55304,53.5389],[-113.55342,53.53883],[-113.5539,53.53887],[-113.55425,53.539],[-113.55436,53.53894],[-113.55443,53.53894],[-113.55502,53.53894],[-113.55518,53.53901],[-113.55517,53.53941],[-113.55556,53.53925],[-113.55598,53.53919],[-113.55632,53.5392],[-113.55667,53.53927],[-113.5597,53.54014],[-113.55997,53.54018],[-113.56019,53.54018],[-113.56043,53.54015],[-113.56066,53.54006],[-113.56136,53.5397],[-113.56204,53.53945],[-113.56424,53.53916],[-113.56566,53.53947],[-113.56567,53.53974],[-113.56567,53.54038],[-113.56569,53.54124],[-113.56569,53.5421],[-113.56571,53.54292],[-113.56573,53.54401],[-113.56573,53.54567],[-113.56575,53.54631],[-113.56575,53.54673],[-113.56575,53.54778],[-113.56577,53.5486],[-113.56576,53.54879],[-113.56582,53.55098],[-113.56137,53.55096],[-113.5555,53.55097],[-113.5498,53.55098],[-113.54863,53.54945],[-113.54944,53.54945],[-113.54969,53.54945],[-113.54989,53.54935],[-113.5496,53.54887],[-113.5496,53.54862],[-113.54875,53.54861],[-113.54875,53.5483],[-113.54806,53.5483],[-113.54791,53.5483],[-113.54776,53.54832],[-113.54708,53.54832],[-113.54708,53.54806],[-113.54634,53.54806],[-113.54634,53.54797],[-113.54658,53.54771],[-113.54649,53.54751],[-113.54639,53.5474],[-113.5462,53.54733],[-113.54582,53.54717],[-113.54565,53.54702],[-113.54559,53.54679],[-113.54567,53.54657],[-113.54595,53.5462],[-113.54515,53.54579],[-113.54462,53.54567],[-113.54402,53.54562],[-113.5437,53.54552],[-113.54349,53.54535],[-113.5434,53.54514],[-113.54348,53.54487],[-113.54364,53.54468],[-113.54311,53.5445],[-113.54164,53.54383],[-113.54145,53.54369],[-113.54135,53.54351],[-113.54136,53.54303],[-113.54138,53.54291],[-113.54196,53.54242],[-113.54253,53.54172],[-113.54253,53.54095],[-113.54375,53.54069],[-113.54557,53.54037],[-113.54575,53.54052],[-113.54704,53.54007],[-113.54741,53.54],[-113.5478,53.54005],[-113.54818,53.5402],[-113.5484,53.54037],[-113.54849,53.54058],[-113.54845,53.54078],[-113.548,53.54121],[-113.54781,53.54154],[-113.54815,53.54186],[-113.54827,53.54205],[-113.54824,53.54221],[-113.54811,53.54235],[-113.54751,53.54277],[-113.54743,53.54304],[-113.54721,53.54318],[-113.5469,53.5436],[-113.5466,53.54404],[-113.54658,53.54416],[-113.54664,53.54428],[-113.54687,53.54449],[-113.54706,53.54467],[-113.54733,53.54477],[-113.54754,53.5449],[-113.5479,53.54556],[-113.5479,53.5457],[-113.54806,53.5457],[-113.54875,53.5457],[-113.54875,53.54512],[-113.5487,53.54512],[-113.54835,53.54512],[-113.54835,53.54471],[-113.54841,53.5446],[-113.54828,53.54443],[-113.54811,53.54391],[-113.5482,53.54365],[-113.54867,53.54304]]]]}},{"type":"Feature","properties":{"name":"BLUE QUILL"},"geometry":{"type":"MultiPolygon","coordinates":[[[[-113.53177,53.4613],[-113.52877,53.4613],[-113.52734,53.46131],[-113.52733,53.46118],[-113.52095,53.4612],[-113.51647,53.46117],[-113.51645,53.45395],[-113.52553,53.45398],[-113.53047,53.45398],[-113.53402,53.45397],[-113.53422,53.45514],[-113.53436,53.45566],[-113.53472,53.45624],[-113.53746,53.45917],[-113.53829,53.46012],[-113.53861,53.46067],[-113.53875,53.46112],[-113.53876,53.4613],[-113.53846,53.4613],[-113.53177,53.4613]]]]}},{"type":"Feature","properties":{"name":"HOLLICK-KENYON"},"geometry":{"type":"MultiPolygon","coordinates":[[[[-113.41819,53.62867],[-113.41196,53.62864],[-113.41183,53.62677],[-113.41178,53.62568],[-113.4119,53.62481],[-113.41218,53.62408],[-113.41272,53.62324],[-113.4134,53.62262],[-113.41414,53.62202],[-113.41647,53.62018],[-113.41748,53.619],[-113.41812,53.61808],[-113.4182,53.61714],[-113.41822,53.61582],[-113.42466,53.61584],[-113.43284,53.61586],[-113.43288,53.61671],[-113.43285,53.61694],[-113.43278,53.61713],[-113.43264,53.61738],[-113.43246,53.61756],[-113.43209,53.61788],[-113.43128,53.61854],[-113.43096,53.61888],[-113.43075,53.61928],[-113.4307,53.6195],[-113.43071,53.6206],[-113.43071,53.6233],[-113.43056,53.62353],[-113.43036,53.62371],[-113.42996,53.62401],[-113.42976,53.62415],[-113.4295,53.62442],[-113.42932,53.6247],[-113.42924,53.62485],[-113.42912,53.62525],[-113.42932,53.62525],[-113.43053,53.62525],[-113.43053,53.62558],[-113.42933,53.62558],[-113.42915,53.62558],[-113.42915,53.62562],[-113.42925,53.62597],[-113.42947,53.62632],[-113.42978,53.62665],[-113.43044,53.62728],[-113.4306,53.62748],[-113.43069,53.62769],[-113.43073,53.62787],[-113.43074,53.62864],[-113.41819,53.62867]]]]}},{"type":"Feature","properties":{"name":"HODGSON"},"geometry":{"type":"MultiPolygon","coordinates":[[[[-113.55491,53.46131],[-113.55483,53.46131],[-113.55472,53.4611],[-113.55452,53.46086],[-113.55423,53.46067],[-113.55403,53.46068],[-113.55365,53.46039],[-113.55351,53.46013],[-113.55365,53.45987],[-113.55358,53.45962],[-113.55366,53.45957],[-113.55366,53.45952],[-113.55379,53.45947],[-113.55383,53.4594],[-113.55383,53.45931],[-113.55371,53.45924],[-113.5537,53.45921],[-113.55378,53.45913],[-113.55396,53.45906],[-113.55399,53.45903],[-113.554,53.45896],[-113.55396,53.45889],[-113.55407,53.45886],[-113.55412,53.4587],[-113.55399,53.45865],[-113.55407,53.45855],[-113.5541,53.45842],[-113.55403,53.45814],[-113.55408,53.45808],[-113.55397,53.45789],[-113.55381,53.45777],[-113.55388,53.45773],[-113.55392,53.45764],[-113.55383,53.45752],[-113.55378,53.4574],[-113.55376,53.45736],[-113.55388,53.45723],[-113.55375,53.45669],[-113.55363,53.45642],[-113.55355,53.45634],[-113.55311,53.45632],[-113.55294,53.45628],[-113.55275,53.45596],[-113.55142,53.45555],[-113.55129,53.45552],[-113.55098,53.45552],[-113.55104,53.45537],[-113.55096,53.45524],[-113.5511,53.45506],[-113.55116,53.45485],[-113.55094,53.45453],[-113.55249,53.45414],[-113.55326,53.45406],[-113.55402,53.45404],[-113.55917,53.45403],[-113.56551,53.45404],[-113.56552,53.45577],[-113.56557,53.4568],[-113.56569,53.45763],[-113.56599,53.45861],[-113.56658,53.45963],[-113.56708,53.46035],[-113.56784,53.46132],[-113.56756,53.46132],[-113.56573,53.46131],[-113.55958,53.46131],[-113.55941,53.46131],[-113.55926,53.46131],[-113.55491,53.46131]]]]}},{"type":"Feature","properties":{"name":"RIDEAU PARK"},"geometry":{"type":"MultiPolygon","coordinates":[[[[-113.50442,53.47637],[-113.50466,53.47614],[-113.50616,53.475],[-113.5075,53.4756],[-113.50803,53.47574],[-113.50865,53.4758],[-113.50974,53.47581],[-113.51123,53.4758],[-113.51273,53.4758],[-113.51634,53.47578],[-113.51631,53.47804],[-113.51624,53.48105],[-113.51681,53.48306],[-113.51122,53.48237],[-113.50427,53.48117],[-113.50022,53.48061],[-113.49797,53.48049],[-113.49556,53.48047],[-113.49559,53.47796],[-113.49562,53.47709],[-113.50398,53.47721],[-113.50423,53.47722],[-113.50421,53.47688],[-113.50427,53.47665],[-113.50442,53.47637]]]]}},{"type":"Feature","properties":{"name":"DUGGAN"},"geometry":{"type":"MultiPolygon","coordinates":[[[[-113.50466,53.47614],[-113.50442,53.47637],[-113.50427,53.47665],[-113.50421,53.47688],[-113.50423,53.47722],[-113.50398,53.47721],[-113.49562,53.47709],[-113.49565,53.47589],[-113.49588,53.46887],[-113.49619,53.46777],[-113.50415,53.46779],[-113.50472,53.46775],[-113.50555,53.46765],[-113.5067,53.46746],[-113.50792,53.46722],[-113.50987,53.46679],[-113.51177,53.46636],[-113.51327,53.46608],[-113.51491,53.46589],[-113.51636,53.4658],[-113.51632,53.47207],[-113.51634,53.47578],[-113.51273,53.4758],[-113.51123,53.4758],[-113.50974,53.47581],[-113.50865,53.4758],[-113.50803,53.47574],[-113.5075,53.4756],[-113.50616,53.475],[-113.50466,53.47614]]]]}},{"type":"Feature","properties":{"name":"HAIRSINE"},"geometry":{"type":"MultiPolygon","coordinates":[[[[-113.39592,53.60684],[-113.39445,53.60684],[-113.39391,53.60686],[-113.39338,53.60694],[-113.39124,53.60738],[-113.38643,53.60837],[-113.38565,53.60846],[-113.38513,53.60847],[-113.38461,53.60844],[-113.38288,53.60827],[-113.38505,53.60474],[-113.38565,53.60374],[-113.386,53.60271],[-113.38611,53.60194],[-113.38613,53.59965],[-113.38913,53.59966],[-113.39057,53.59964],[-113.39371,53.59947],[-113.3962,53.5992],[-113.39648,53.59993],[-113.39655,53.60025],[-113.39654,53.60061],[-113.39635,53.60286],[-113.39624,53.60394],[-113.39592,53.60684]]]]}},{"type":"Feature","properties":{"name":"PARKDALE"},"geometry":{"type":"MultiPolygon","coordinates":[[[[-113.45919,53.57038],[-113.45928,53.5703],[-113.461,53.5688],[-113.46183,53.56807],[-113.46323,53.56684],[-113.46332,53.56677],[-113.46332,53.56676],[-113.46337,53.56672],[-113.46451,53.56572],[-113.46568,53.5647],[-113.46606,53.56437],[-113.46627,53.56419],[-113.46715,53.56342],[-113.46714,53.56283],[-113.46718,53.56274],[-113.4673,53.56264],[-113.46901,53.56114],[-113.47029,53.5611],[-113.47179,53.56107],[-113.47328,53.56106],[-113.47478,53.56105],[-113.47663,53.56104],[-113.47814,53.56103],[-113.47816,53.56275],[-113.47818,53.56582],[-113.4782,53.56736],[-113.47822,53.5689],[-113.47823,53.57039],[-113.47796,53.57039],[-113.47673,53.57039],[-113.47619,53.57039],[-113.4748,53.57039],[-113.4744,53.57039],[-113.4733,53.57039],[-113.47262,53.57039],[-113.47179,53.57039],[-113.47085,53.57039],[-113.47029,53.57039],[-113.46908,53.57039],[-113.4688,53.57039],[-113.46731,53.57039],[-113.46553,53.5704],[-113.46402,53.5704],[-113.46253,53.57039],[-113.46092,53.57039],[-113.45919,53.57038]]]]}},{"type":"Feature","properties":{"name":"MALMO PLAINS"},"geometry":{"type":"MultiPolygon","coordinates":[[[[-113.51681,53.48306],[-113.54119,53.48305],[-113.54122,53.48564],[-113.54115,53.48831],[-113.53174,53.48828],[-113.52882,53.48826],[-113.52733,53.48826],[-113.52569,53.48826],[-113.52402,53.48826],[-113.52273,53.48825],[-113.52,53.48825],[-113.51828,53.48822],[-113.51672,53.4882],[-113.51681,53.48306]]]]}},{"type":"Feature","properties":{"name":"MCLEOD"},"geometry":{"type":"MultiPolygon","coordinates":[[[[-113.44281,53.60484],[-113.44281,53.61016],[-113.44283,53.61453],[-113.44283,53.61587],[-113.43284,53.61586],[-113.43052,53.61585],[-113.43052,53.61568],[-113.43052,53.6149],[-113.43052,53.61413],[-113.43036,53.61399],[-113.43045,53.6138],[-113.43046,53.61319],[-113.43048,53.61135],[-113.43053,53.61124],[-113.43053,53.61059],[-113.43054,53.60918],[-113.43046,53.60918],[-113.43047,53.60698],[-113.43047,53.60685],[-113.43077,53.60679],[-113.43107,53.60672],[-113.43139,53.60658],[-113.43251,53.60598],[-113.43435,53.60502],[-113.4346,53.60494],[-113.43493,53.60487],[-113.43529,53.60484],[-113.43733,53.60484],[-113.43882,53.60484],[-113.44025,53.60485],[-113.44281,53.60484]]]]}},{"type":"Feature","properties":{"name":"STRATHCONA JUNCTION"},"geometry":{"type":"MultiPolygon","coordinates":[[[[-113.49757,53.51807],[-113.49492,53.51807],[-113.49478,53.51708],[-113.49463,53.51613],[-113.49435,53.51424],[-113.49422,53.51414],[-113.49414,53.51414],[-113.49362,53.51089],[-113.49348,53.51087],[-113.49268,53.50584],[-113.49178,53.5003],[-113.49172,53.49988],[-113.49401,53.49987],[-113.49766,53.49987],[-113.49766,53.50162],[-113.49765,53.50253],[-113.49766,53.50436],[-113.49766,53.50544],[-113.49766,53.50637],[-113.49766,53.50738],[-113.49766,53.50836],[-113.49766,53.50926],[-113.49766,53.51166],[-113.49759,53.51175],[-113.49759,53.51234],[-113.49759,53.51329],[-113.49759,53.51424],[-113.49758,53.51519],[-113.49758,53.51613],[-113.49757,53.51708],[-113.49757,53.51807]]]]}},{"type":"Feature","properties":{"name":"GRIESBACH"},"geometry":{"type":"MultiPolygon","coordinates":[[[[-113.49179,53.61403],[-113.49171,53.61275],[-113.49171,53.60811],[-113.49168,53.60678],[-113.49182,53.60176],[-113.49207,53.5995],[-113.4955,53.59945],[-113.49767,53.59944],[-113.50076,53.59943],[-113.50428,53.59944],[-113.50665,53.59944],[-113.51217,53.59944],[-113.51671,53.59945],[-113.51673,53.60202],[-113.51678,53.60703],[-113.51672,53.61192],[-113.5167,53.61418],[-113.51156,53.61415],[-113.50429,53.6141],[-113.50226,53.61409],[-113.49179,53.61403]]]]}},{"type":"Feature","properties":{"name":"BOYLE STREET"},"geometry":{"type":"MultiPolygon","coordinates":[[[[-113.48289,53.5494],[-113.48286,53.54942],[-113.4828,53.54944],[-113.48274,53.54947],[-113.4827,53.54949],[-113.48263,53.54952],[-113.48259,53.54954],[-113.48255,53.54956],[-113.48251,53.54958],[-113.48244,53.54962],[-113.4824,53.54964],[-113.48236,53.54966],[-113.48232,53.54968],[-113.48225,53.54972],[-113.48221,53.54974],[-113.48217,53.54977],[-113.48213,53.54979],[-113.48206,53.54983],[-113.482,53.54987],[-113.48187,53.54995],[-113.48184,53.54997],[-113.48181,53.54999],[-113.48178,53.55001],[-113.48175,53.55003],[-113.48172,53.55005],[-113.48169,53.55008],[-113.48142,53.55027],[-113.47831,53.553],[-113.4781,53.55318],[-113.4753,53.55563],[-113.47359,53.55713],[-113.4725,53.55808],[-113.47099,53.5594],[-113.47084,53.55953],[-113.47084,53.55809],[-113.47085,53.55603],[-113.47085,53.55594],[-113.47081,53.55563],[-113.47068,53.55538],[-113.47105,53.5552],[-113.47177,53.5546],[-113.47239,53.55407],[-113.47253,53.55376],[-113.47323,53.55167],[-113.47334,53.55129],[-113.47429,53.54997],[-113.47509,53.54887],[-113.47524,53.54855],[-113.47489,53.54798],[-113.47443,53.54723],[-113.47398,53.54651],[-113.47496,53.54505],[-113.47561,53.54404],[-113.47798,53.5438],[-113.47772,53.54324],[-113.48028,53.54301],[-113.48081,53.54288],[-113.48159,53.54274],[-113.48166,53.5429],[-113.48382,53.54271],[-113.48549,53.54217],[-113.4859,53.54314],[-113.48624,53.54397],[-113.48664,53.54491],[-113.48699,53.54578],[-113.48735,53.54665],[-113.48745,53.54707],[-113.48785,53.54807],[-113.48769,53.54809],[-113.48736,53.54818],[-113.48663,53.54831],[-113.48665,53.54836],[-113.48605,53.54846],[-113.48603,53.54843],[-113.48445,53.5487],[-113.4845,53.54882],[-113.48401,53.549],[-113.48382,53.54905],[-113.48307,53.54918],[-113.48289,53.5494]]]]}},{"type":"Feature","properties":{"name":"WEBBER GREENS"},"geometry":{"type":"MultiPolygon","coordinates":[[[[-113.67407,53.53392],[-113.67024,53.53393],[-113.66908,53.53393],[-113.66453,53.53393],[-113.66438,53.53393],[-113.66436,53.5267],[-113.66451,53.5267],[-113.66566,53.5267],[-113.66804,53.5267],[-113.66849,53.52811],[-113.66949,53.52838],[-113.67027,53.52819],[-113.671,53.52789],[-113.6718,53.52761],[-113.67245,53.52744],[-113.67352,53.52716],[-113.67352,53.52678],[-113.6757,53.52678],[-113.67563,53.52669],[-113.67625,53.52669],[-113.67652,53.52669],[-113.67841,53.52669],[-113.6783,53.52678],[-113.6781,53.52694],[-113.67749,53.52718],[-113.67707,53.5274],[-113.67682,53.52749],[-113.67725,53.52777],[-113.67795,53.52809],[-113.6792,53.52847],[-113.68011,53.52863],[-113.68113,53.52873],[-113.68212,53.52871],[-113.68301,53.52858],[-113.68442,53.52823],[-113.68592,53.52796],[-113.68719,53.52786],[-113.68897,53.52781],[-113.68903,53.53391],[-113.67666,53.53392],[-113.6754,53.53392],[-113.67509,53.53392],[-113.67442,53.53392],[-113.67407,53.53392]]]]}},{"type":"Feature","properties":{"name":"RITCHIE"},"geometry":{"type":"MultiPolygon","coordinates":[[[[-113.47447,53.51726],[-113.47446,53.51723],[-113.47446,53.51722],[-113.47446,53.51719],[-113.47446,53.51717],[-113.47446,53.51715],[-113.47446,53.51713],[-113.47446,53.5171],[-113.47447,53.51708],[-113.47447,53.51706],[-113.47447,53.51704],[-113.47448,53.51701],[-113.47448,53.51698],[-113.47449,53.51696],[-113.47449,53.51694],[-113.47449,53.51693],[-113.47466,53.51654],[-113.47512,53.51654],[-113.47513,53.5165],[-113.47562,53.5165],[-113.47563,53.5161],[-113.47554,53.516],[-113.47548,53.51596],[-113.47546,53.51577],[-113.47551,53.51513],[-113.47548,53.51483],[-113.4752,53.51445],[-113.47506,53.51429],[-113.47439,53.51429],[-113.47406,53.51397],[-113.47402,53.51392],[-113.47397,53.51387],[-113.47393,53.51382],[-113.47388,53.51377],[-113.47384,53.51372],[-113.4738,53.51367],[-113.47675,53.51367],[-113.47674,53.51325],[-113.47364,53.51326],[-113.47358,53.51317],[-113.47319,53.51262],[-113.47319,53.51247],[-113.47335,53.51238],[-113.47347,53.51228],[-113.47229,53.51211],[-113.47058,53.51187],[-113.47033,53.51184],[-113.47033,53.51178],[-113.47033,53.51133],[-113.468,53.51133],[-113.46782,53.51132],[-113.46771,53.5113],[-113.46763,53.51127],[-113.46754,53.51124],[-113.46748,53.51119],[-113.46742,53.51114],[-113.4674,53.51107],[-113.46738,53.51101],[-113.46735,53.51086],[-113.46735,53.51038],[-113.46665,53.51038],[-113.46665,53.50943],[-113.46665,53.50848],[-113.47041,53.50848],[-113.47344,53.50848],[-113.47646,53.50849],[-113.47962,53.50849],[-113.47978,53.50851],[-113.47993,53.50854],[-113.48284,53.50854],[-113.48618,53.50853],[-113.48875,53.50853],[-113.48875,53.51137],[-113.48874,53.51326],[-113.48873,53.51421],[-113.48872,53.51516],[-113.4913,53.51517],[-113.49333,53.51517],[-113.49352,53.51613],[-113.49367,53.51707],[-113.49382,53.51807],[-113.48871,53.51806],[-113.48613,53.51806],[-113.4828,53.51805],[-113.47972,53.51805],[-113.47667,53.51804],[-113.47566,53.51804],[-113.47561,53.51786],[-113.47562,53.51727],[-113.47447,53.51726]]]]}},{"type":"Feature","properties":{"name":"WESTMOUNT"},"geometry":{"type":"MultiPolygon","coordinates":[[[[-113.53878,53.54391],[-113.5386,53.54408],[-113.53887,53.54406],[-113.53902,53.54392],[-113.53917,53.54398],[-113.5392,53.54395],[-113.53932,53.544],[-113.53953,53.54381],[-113.54026,53.54381],[-113.54047,53.54389],[-113.54069,53.54416],[-113.54105,53.5444],[-113.54133,53.54449],[-113.54133,53.54463],[-113.54133,53.54515],[-113.54191,53.54515],[-113.54157,53.54557],[-113.542,53.54601],[-113.54322,53.54621],[-113.54392,53.54638],[-113.54408,53.54642],[-113.54452,53.54738],[-113.54487,53.54762],[-113.54481,53.5479],[-113.54481,53.548],[-113.5451,53.54799],[-113.54545,53.54803],[-113.54586,53.54829],[-113.54586,53.54841],[-113.54613,53.54841],[-113.54613,53.54882],[-113.54709,53.54882],[-113.54709,53.54937],[-113.54766,53.54937],[-113.54781,53.54942],[-113.54806,53.54945],[-113.54863,53.54945],[-113.5498,53.55098],[-113.55079,53.55291],[-113.55082,53.55438],[-113.55084,53.5555],[-113.55086,53.55712],[-113.5514,53.55892],[-113.54959,53.55892],[-113.54792,53.5589],[-113.54454,53.5589],[-113.54286,53.5589],[-113.54118,53.5589],[-113.53946,53.5589],[-113.5377,53.5589],[-113.53592,53.5589],[-113.53414,53.5589],[-113.53244,53.5589],[-113.5309,53.55889],[-113.53089,53.55575],[-113.53089,53.55398],[-113.53088,53.55294],[-113.53091,53.55287],[-113.53092,53.55107],[-113.53092,53.55096],[-113.53092,53.55086],[-113.53091,53.5499],[-113.53092,53.54938],[-113.53091,53.54817],[-113.53084,53.5481],[-113.53084,53.54779],[-113.53083,53.54626],[-113.5324,53.54646],[-113.53412,53.54666],[-113.53589,53.54689],[-113.5359,53.54461],[-113.5359,53.54302],[-113.53588,53.54142],[-113.53598,53.54145],[-113.53599,53.5413],[-113.53599,53.54112],[-113.53604,53.54113],[-113.53608,53.54114],[-113.53616,53.54116],[-113.5362,53.54117],[-113.53627,53.5412],[-113.53634,53.54122],[-113.53637,53.54123],[-113.53644,53.54125],[-113.53648,53.54126],[-113.53654,53.54129],[-113.53658,53.5413],[-113.53662,53.54131],[-113.53669,53.54134],[-113.53678,53.54137],[-113.53678,53.54106],[-113.53682,53.54107],[-113.53688,53.54109],[-113.53694,53.54111],[-113.537,53.54113],[-113.53705,53.54115],[-113.53711,53.54117],[-113.53717,53.54119],[-113.5372,53.54121],[-113.53726,53.54124],[-113.53732,53.54126],[-113.53735,53.54128],[-113.53742,53.5413],[-113.53751,53.54133],[-113.53777,53.54144],[-113.53782,53.54145],[-113.53782,53.54122],[-113.53787,53.54122],[-113.53793,53.54121],[-113.53799,53.5412],[-113.53804,53.54119],[-113.53809,53.54118],[-113.53819,53.54114],[-113.53825,53.54113],[-113.5383,53.54111],[-113.53836,53.54111],[-113.53841,53.5411],[-113.53847,53.5411],[-113.53849,53.5411],[-113.53851,53.5411],[-113.53853,53.5411],[-113.53858,53.54111],[-113.53862,53.54111],[-113.53867,53.54112],[-113.53871,53.54113],[-113.53876,53.54114],[-113.5388,53.54116],[-113.53892,53.54121],[-113.53896,53.54123],[-113.539,53.54124],[-113.53904,53.54126],[-113.53908,53.54128],[-113.53912,53.54129],[-113.53916,53.54131],[-113.53919,53.54133],[-113.53923,53.54135],[-113.53927,53.54137],[-113.53931,53.54139],[-113.53934,53.54141],[-113.53938,53.54143],[-113.53941,53.54145],[-113.53945,53.54147],[-113.53948,53.54149],[-113.53952,53.54151],[-113.53955,53.54153],[-113.53958,53.54155],[-113.53962,53.54157],[-113.53965,53.54159],[-113.53968,53.54161],[-113.53971,53.54164],[-113.53974,53.54166],[-113.53977,53.54168],[-113.5398,53.5417],[-113.53983,53.54173],[-113.53986,53.54175],[-113.53989,53.54177],[-113.53992,53.5418],[-113.53995,53.54182],[-113.53997,53.54185],[-113.54,53.54187],[-113.54003,53.54189],[-113.54005,53.54192],[-113.54008,53.54194],[-113.5401,53.54197],[-113.54011,53.54198],[-113.54014,53.54202],[-113.54016,53.54203],[-113.54018,53.54206],[-113.54019,53.54207],[-113.54019,53.54207],[-113.54019,53.54208],[-113.54019,53.54208],[-113.54019,53.54209],[-113.54019,53.5421],[-113.54019,53.5421],[-113.54019,53.54211],[-113.54019,53.54211],[-113.54018,53.54212],[-113.54018,53.54212],[-113.54017,53.54213],[-113.54017,53.54213],[-113.54016,53.54214],[-113.54015,53.54214],[-113.54015,53.54215],[-113.54014,53.54215],[-113.54013,53.54215],[-113.53951,53.54233],[-113.53938,53.54236],[-113.53946,53.54249],[-113.53951,53.54261],[-113.53952,53.54276],[-113.53947,53.54302],[-113.53919,53.54302],[-113.53918,53.54313],[-113.53918,53.54317],[-113.53918,53.54322],[-113.53917,53.54326],[-113.53916,53.5433],[-113.53915,53.54334],[-113.53914,53.54339],[-113.5391,53.54348],[-113.53906,53.54357],[-113.539,53.54366],[-113.53894,53.54375],[-113.53886,53.54383],[-113.53878,53.54391]]]]}},{"type":"Feature","properties":{"name":"MILL CREEK RAVINE SOUTH"},"geometry":{"type":"MultiPolygon","coordinates":[[[[-113.4738,53.51367],[-113.47384,53.51372],[-113.47388,53.51377],[-113.47393,53.51382],[-113.47397,53.51387],[-113.47402,53.51392],[-113.47406,53.51397],[-113.47439,53.51429],[-113.47506,53.51429],[-113.4752,53.51445],[-113.47548,53.51483],[-113.47551,53.51513],[-113.47546,53.51577],[-113.47548,53.51596],[-113.47554,53.516],[-113.47563,53.5161],[-113.47562,53.5165],[-113.47513,53.5165],[-113.47512,53.51654],[-113.47466,53.51654],[-113.47449,53.51693],[-113.47449,53.51695],[-113.47448,53.51697],[-113.47448,53.51699],[-113.47448,53.51701],[-113.47447,53.51704],[-113.47447,53.51706],[-113.47447,53.51708],[-113.47446,53.5171],[-113.47446,53.51713],[-113.47446,53.51715],[-113.47446,53.51717],[-113.47446,53.51719],[-113.47446,53.51722],[-113.47446,53.51725],[-113.47447,53.51726],[-113.47562,53.51727],[-113.47561,53.51786],[-113.47566,53.51804],[-113.47551,53.51796],[-113.47485,53.51796],[-113.4747,53.51804],[-113.47015,53.51803],[-113.47015,53.5175],[-113.47167,53.51749],[-113.47167,53.51747],[-113.47227,53.51747],[-113.47227,53.51693],[-113.47197,53.51693],[-113.47196,53.51655],[-113.47121,53.51655],[-113.47121,53.51652],[-113.47121,53.51607],[-113.4709,53.51607],[-113.47014,53.51607],[-113.46741,53.51608],[-113.46741,53.51513],[-113.47044,53.51513],[-113.47044,53.51417],[-113.47087,53.51417],[-113.47089,53.51418],[-113.47089,53.51373],[-113.47028,53.51373],[-113.47028,53.51371],[-113.46945,53.51371],[-113.46945,53.51332],[-113.46937,53.51332],[-113.46937,53.51253],[-113.46852,53.51259],[-113.46846,53.5126],[-113.46841,53.5126],[-113.46836,53.5126],[-113.46831,53.5126],[-113.46826,53.5126],[-113.46821,53.5126],[-113.46816,53.51261],[-113.46811,53.51261],[-113.46808,53.51261],[-113.46805,53.51261],[-113.468,53.5126],[-113.46795,53.5126],[-113.4679,53.5126],[-113.46785,53.5126],[-113.4678,53.5126],[-113.46775,53.51259],[-113.4677,53.51259],[-113.46765,53.51259],[-113.4676,53.51258],[-113.46755,53.51258],[-113.46755,53.51273],[-113.4674,53.51273],[-113.4674,53.51276],[-113.46725,53.51276],[-113.46657,53.51276],[-113.46657,53.5124],[-113.46653,53.51239],[-113.46648,53.51238],[-113.46648,53.51229],[-113.4659,53.51229],[-113.4659,53.5122],[-113.46577,53.51216],[-113.46565,53.51211],[-113.46553,53.51206],[-113.46542,53.51201],[-113.4653,53.51195],[-113.46519,53.5119],[-113.46517,53.51189],[-113.46513,53.51187],[-113.46508,53.51184],[-113.46506,53.51183],[-113.46506,53.51183],[-113.46497,53.51178],[-113.46483,53.5117],[-113.46471,53.51161],[-113.46459,53.51152],[-113.46447,53.51142],[-113.46437,53.51133],[-113.46427,53.51122],[-113.46422,53.51117],[-113.46418,53.51111],[-113.46413,53.51106],[-113.46409,53.511],[-113.46405,53.51094],[-113.46401,53.51088],[-113.46268,53.51089],[-113.46259,53.51072],[-113.4604,53.50944],[-113.4604,53.50874],[-113.45854,53.50706],[-113.45836,53.50691],[-113.45819,53.50681],[-113.45796,53.50676],[-113.45767,53.50673],[-113.45766,53.50575],[-113.45702,53.50576],[-113.4569,53.50574],[-113.45681,53.50569],[-113.45677,53.50563],[-113.45677,53.505],[-113.45497,53.505],[-113.45466,53.50459],[-113.45415,53.5041],[-113.45293,53.50327],[-113.45381,53.50283],[-113.45429,53.50323],[-113.45476,53.5032],[-113.45494,53.50315],[-113.4552,53.50299],[-113.45638,53.50383],[-113.45663,53.50396],[-113.45692,53.50406],[-113.45896,53.50452],[-113.45915,53.50456],[-113.45933,53.50457],[-113.45933,53.50465],[-113.45933,53.50549],[-113.46098,53.50632],[-113.4621,53.50552],[-113.46209,53.50544],[-113.46233,53.50531],[-113.46253,53.50529],[-113.46273,53.50522],[-113.46508,53.50355],[-113.46601,53.50289],[-113.46689,53.50289],[-113.46689,53.50281],[-113.46689,53.50142],[-113.46669,53.50142],[-113.46654,53.50137],[-113.46654,53.50053],[-113.4666,53.50044],[-113.4666,53.50014],[-113.4666,53.49988],[-113.46719,53.49988],[-113.46946,53.49987],[-113.46946,53.50006],[-113.46946,53.50089],[-113.46788,53.50088],[-113.46788,53.5029],[-113.46758,53.5029],[-113.46758,53.50339],[-113.46896,53.5034],[-113.46896,53.50343],[-113.46913,53.5039],[-113.46936,53.5039],[-113.46958,53.5039],[-113.46955,53.50403],[-113.46955,53.50437],[-113.46955,53.50437],[-113.46955,53.50489],[-113.47039,53.50489],[-113.47039,53.5053],[-113.46996,53.5054],[-113.46968,53.50549],[-113.46969,53.50611],[-113.46845,53.50611],[-113.468,53.50642],[-113.46796,53.50645],[-113.46791,53.50648],[-113.46788,53.50649],[-113.46785,53.50672],[-113.46765,53.50683],[-113.46747,53.50696],[-113.46738,53.50708],[-113.46736,53.50719],[-113.46736,53.50753],[-113.46664,53.50753],[-113.46665,53.50943],[-113.46665,53.51038],[-113.46735,53.51038],[-113.46735,53.51086],[-113.46738,53.51101],[-113.4674,53.51107],[-113.46742,53.51114],[-113.46748,53.51119],[-113.46754,53.51124],[-113.46763,53.51127],[-113.46771,53.5113],[-113.46782,53.51132],[-113.468,53.51133],[-113.47033,53.51133],[-113.47033,53.51178],[-113.47033,53.51184],[-113.47058,53.51187],[-113.47229,53.51211],[-113.47347,53.51228],[-113.47335,53.51238],[-113.47319,53.51247],[-113.47319,53.51262],[-113.47358,53.51317],[-113.47364,53.51326],[-113.47674,53.51325],[-113.47675,53.51367],[-113.4738,53.51367]]]]}},{"type":"Feature","properties":{"name":"CARTER CREST"},"geometry":{"type":"MultiPolygon","coordinates":[[[[-113.59,53.46134],[-113.59,53.46189],[-113.58769,53.46189],[-113.58762,53.46189],[-113.58692,53.46189],[-113.58617,53.46292],[-113.58485,53.46455],[-113.58152,53.46848],[-113.57795,53.46762],[-113.575,53.46686],[-113.57255,53.46583],[-113.57157,53.46527],[-113.57077,53.46469],[-113.56998,53.46395],[-113.56916,53.46299],[-113.56828,53.46187],[-113.56798,53.46186],[-113.56573,53.46186],[-113.56573,53.46131],[-113.56756,53.46132],[-113.56784,53.46132],[-113.56817,53.46132],[-113.57178,53.46132],[-113.58648,53.46134],[-113.58735,53.46129],[-113.58805,53.46134],[-113.5881,53.46134],[-113.59,53.46134]]]]}},{"type":"Feature","properties":{"name":"CORONET INDUSTRIAL"},"geometry":{"type":"MultiPolygon","coordinates":[[[[-113.47956,53.49718],[-113.46749,53.49718],[-113.46731,53.49719],[-113.46732,53.49691],[-113.46718,53.49678],[-113.46719,53.49391],[-113.46716,53.49095],[-113.4673,53.49085],[-113.46729,53.49058],[-113.46716,53.49044],[-113.46715,53.48881],[-113.46714,53.4886],[-113.46712,53.48846],[-113.46708,53.48825],[-113.46704,53.48808],[-113.47036,53.48805],[-113.47938,53.48811],[-113.48185,53.48812],[-113.48609,53.48814],[-113.49057,53.48816],[-113.49056,53.48828],[-113.49049,53.49004],[-113.49049,53.4902],[-113.49048,53.49035],[-113.49048,53.49043],[-113.49048,53.49057],[-113.49048,53.49069],[-113.49048,53.49074],[-113.49048,53.49086],[-113.49048,53.49107],[-113.49049,53.49129],[-113.4905,53.4915],[-113.49051,53.49171],[-113.49052,53.49192],[-113.49053,53.49213],[-113.49054,53.49223],[-113.49055,53.49233],[-113.49056,53.49241],[-113.49057,53.49253],[-113.49058,53.49265],[-113.49059,53.49273],[-113.4906,53.4928],[-113.4906,53.49288],[-113.49061,53.49295],[-113.49063,53.49307],[-113.49065,53.49321],[-113.49066,53.49334],[-113.49068,53.49348],[-113.4907,53.49362],[-113.49072,53.49371],[-113.49111,53.49614],[-113.49172,53.49988],[-113.49126,53.49988],[-113.49124,53.49978],[-113.49108,53.49978],[-113.49098,53.49914],[-113.49093,53.49906],[-113.49087,53.49898],[-113.49081,53.4989],[-113.49074,53.49882],[-113.49067,53.49874],[-113.4906,53.49867],[-113.49057,53.49864],[-113.49054,53.49861],[-113.49028,53.49839],[-113.48999,53.49818],[-113.48967,53.49798],[-113.48932,53.49781],[-113.48894,53.49765],[-113.48854,53.49752],[-113.48828,53.49745],[-113.48802,53.49738],[-113.48775,53.49733],[-113.48748,53.49728],[-113.4872,53.49725],[-113.48692,53.49722],[-113.48682,53.49721],[-113.48672,53.4972],[-113.48663,53.4972],[-113.48653,53.49719],[-113.48643,53.49719],[-113.48633,53.49719],[-113.48628,53.49719],[-113.48618,53.49718],[-113.48608,53.49718],[-113.48603,53.49718],[-113.47956,53.49718]]]]}},{"type":"Feature","properties":{"name":"MAYLIEWAN"},"geometry":{"type":"MultiPolygon","coordinates":[[[[-113.45512,53.62101],[-113.45512,53.62083],[-113.45512,53.6208],[-113.45512,53.62078],[-113.45512,53.61944],[-113.45521,53.61944],[-113.45521,53.61843],[-113.45512,53.61829],[-113.45512,53.61779],[-113.45512,53.61752],[-113.45512,53.61711],[-113.45494,53.61703],[-113.45494,53.61586],[-113.46742,53.61591],[-113.46741,53.62079],[-113.46742,53.62363],[-113.46742,53.62541],[-113.46741,53.6287],[-113.45971,53.6287],[-113.45511,53.62869],[-113.45511,53.62854],[-113.45512,53.62747],[-113.45512,53.62717],[-113.45495,53.62709],[-113.45496,53.62633],[-113.45494,53.62614],[-113.45482,53.62598],[-113.45429,53.6255],[-113.45388,53.62516],[-113.45405,53.62514],[-113.45512,53.62504],[-113.45512,53.62471],[-113.45507,53.62471],[-113.45369,53.62484],[-113.45352,53.62485],[-113.45331,53.62468],[-113.45316,53.6245],[-113.45311,53.62427],[-113.45315,53.62402],[-113.45323,53.62374],[-113.45341,53.62347],[-113.45366,53.6232],[-113.45397,53.62285],[-113.45441,53.62258],[-113.45496,53.62237],[-113.45455,53.62206],[-113.45468,53.62203],[-113.45512,53.62195],[-113.45512,53.62139],[-113.45512,53.62101]]]]}},{"type":"Feature","properties":{"name":"CLOVER BAR AREA"},"geometry":{"type":"MultiPolygon","coordinates":[[[[-113.32056,53.57227],[-113.32241,53.5719],[-113.32334,53.57172],[-113.32386,53.57165],[-113.32434,53.57161],[-113.32472,53.57159],[-113.32978,53.57161],[-113.32996,53.57153],[-113.3323,53.57044],[-113.33305,53.57044],[-113.33246,53.57071],[-113.34017,53.57072],[-113.34017,53.57081],[-113.34392,53.57081],[-113.34417,53.57107],[-113.34417,53.57142],[-113.34583,53.57124],[-113.34753,53.57104],[-113.34791,53.57104],[-113.34992,53.57081],[-113.35149,53.57063],[-113.35623,53.57064],[-113.35689,53.57075],[-113.35689,53.57064],[-113.35697,53.57064],[-113.35697,53.56843],[-113.36347,53.56841],[-113.36451,53.56843],[-113.36452,53.56841],[-113.36501,53.56841],[-113.36499,53.56844],[-113.36655,53.56847],[-113.3669,53.5685],[-113.3671,53.56852],[-113.3673,53.56855],[-113.3675,53.56857],[-113.3677,53.5686],[-113.36789,53.56863],[-113.36809,53.56866],[-113.36843,53.56872],[-113.36863,53.56876],[-113.36882,53.5688],[-113.36901,53.56884],[-113.36917,53.56887],[-113.36932,53.56891],[-113.36954,53.56897],[-113.36973,53.56901],[-113.36991,53.56907],[-113.3701,53.56912],[-113.37028,53.56917],[-113.37066,53.56929],[-113.37087,53.56936],[-113.37108,53.56944],[-113.3724,53.56991],[-113.37393,53.57048],[-113.37282,53.57159],[-113.37233,53.57208],[-113.3704,53.57395],[-113.36911,53.57532],[-113.36823,53.57634],[-113.36782,53.57694],[-113.36752,53.57756],[-113.36725,53.57828],[-113.36704,53.57902],[-113.36685,53.5799],[-113.36672,53.58088],[-113.36665,53.58172],[-113.36678,53.58265],[-113.367,53.58368],[-113.36715,53.58436],[-113.36741,53.58491],[-113.36814,53.58614],[-113.36904,53.58765],[-113.37008,53.58939],[-113.37082,53.59074],[-113.37125,53.59167],[-113.3715,53.5922],[-113.37174,53.59289],[-113.37187,53.59355],[-113.37196,53.59417],[-113.37207,53.59496],[-113.37206,53.59571],[-113.37199,53.59627],[-113.37187,53.59684],[-113.37175,53.59752],[-113.37157,53.59816],[-113.37126,53.59882],[-113.37083,53.59955],[-113.37043,53.60012],[-113.36995,53.60077],[-113.36943,53.60145],[-113.36878,53.60227],[-113.36794,53.60317],[-113.36699,53.60403],[-113.3663,53.60458],[-113.3655,53.60512],[-113.36474,53.60559],[-113.36394,53.60602],[-113.36315,53.60641],[-113.36227,53.60679],[-113.3615,53.60703],[-113.3607,53.60725],[-113.35972,53.6075],[-113.35868,53.60774],[-113.35784,53.6079],[-113.35707,53.60804],[-113.35679,53.60808],[-113.35667,53.60809],[-113.35628,53.60814],[-113.35518,53.60823],[-113.35389,53.60831],[-113.35276,53.6083],[-113.35162,53.60826],[-113.35012,53.60819],[-113.34847,53.60807],[-113.34695,53.60789],[-113.34528,53.60759],[-113.34349,53.60722],[-113.33961,53.60631],[-113.33649,53.60567],[-113.33249,53.60489],[-113.32997,53.60444],[-113.32677,53.60396],[-113.32349,53.60347],[-113.32031,53.60299],[-113.31824,53.60274],[-113.31667,53.60262],[-113.31535,53.60253],[-113.31411,53.60258],[-113.31269,53.60275],[-113.31129,53.60303],[-113.30964,53.60343],[-113.30832,53.60386],[-113.30681,53.60444],[-113.30523,53.60512],[-113.30404,53.60574],[-113.30278,53.60646],[-113.3017,53.60724],[-113.30077,53.60799],[-113.29992,53.60877],[-113.29917,53.60948],[-113.29837,53.61042],[-113.29784,53.61123],[-113.2976,53.61186],[-113.29729,53.61282],[-113.29707,53.61382],[-113.29698,53.61461],[-113.29542,53.61454],[-113.29542,53.61416],[-113.29542,53.61396],[-113.29542,53.61392],[-113.29543,53.61384],[-113.29543,53.61372],[-113.29545,53.61354],[-113.29546,53.61344],[-113.29546,53.61339],[-113.29547,53.61334],[-113.29548,53.61327],[-113.29549,53.61322],[-113.2955,53.61317],[-113.29549,53.61156],[-113.29552,53.61151],[-113.29553,53.61146],[-113.29555,53.61141],[-113.29556,53.61136],[-113.29557,53.61131],[-113.29557,53.61126],[-113.29556,53.60677],[-113.29581,53.60594],[-113.29718,53.6053],[-113.29571,53.60418],[-113.29557,53.60291],[-113.29559,53.59955],[-113.29551,53.59937],[-113.29554,53.59213],[-113.29554,53.58958],[-113.29555,53.58942],[-113.29555,53.58894],[-113.29556,53.58489],[-113.29558,53.57764],[-113.29573,53.57764],[-113.29573,53.57756],[-113.29573,53.57506],[-113.29588,53.57506],[-113.29616,53.57266],[-113.29645,53.57193],[-113.29559,53.57193],[-113.29559,53.57049],[-113.29559,53.57048],[-113.2957,53.57049],[-113.29586,53.5705],[-113.2962,53.57052],[-113.29637,53.57052],[-113.29654,53.57053],[-113.2967,53.57054],[-113.29687,53.57054],[-113.29704,53.57054],[-113.29954,53.57055],[-113.31161,53.57057],[-113.31677,53.57058],[-113.31683,53.57059],[-113.31686,53.57059],[-113.31693,53.57059],[-113.31696,53.57059],[-113.31792,53.57062],[-113.31805,53.57062],[-113.31817,53.57064],[-113.31829,53.57066],[-113.31841,53.57068],[-113.31852,53.57071],[-113.31863,53.57075],[-113.3187,53.57078],[-113.31877,53.57081],[-113.31884,53.57085],[-113.3189,53.57089],[-113.31895,53.57094],[-113.319,53.57098],[-113.31904,53.57103],[-113.31907,53.57108],[-113.3191,53.57113],[-113.31911,53.57119],[-113.31913,53.57124],[-113.31913,53.57129],[-113.31914,53.57168],[-113.31914,53.5717],[-113.31915,53.57173],[-113.31916,53.57175],[-113.31918,53.57177],[-113.3192,53.57179],[-113.31922,53.57181],[-113.31925,53.57183],[-113.31928,53.57185],[-113.31927,53.57246],[-113.3204,53.5724],[-113.3204,53.57239],[-113.32041,53.57237],[-113.32041,53.57236],[-113.32042,53.57235],[-113.32043,53.57234],[-113.32044,53.57233],[-113.32045,53.57232],[-113.32046,53.57231],[-113.32048,53.5723],[-113.32049,53.5723],[-113.32051,53.57229],[-113.32053,53.57228],[-113.32054,53.57228],[-113.32056,53.57227]]]]}},{"type":"Feature","properties":{"name":"TAMARACK"},"geometry":{"type":"MultiPolygon","coordinates":[[[[-113.35916,53.47585],[-113.35931,53.47585],[-113.35576,53.47078],[-113.35429,53.46869],[-113.35427,53.46869],[-113.35362,53.46777],[-113.35347,53.46774],[-113.35096,53.46417],[-113.34932,53.46183],[-113.35669,53.46181],[-113.3567,53.45876],[-113.35672,53.45398],[-113.36901,53.45399],[-113.36893,53.46346],[-113.36892,53.46843],[-113.36866,53.46895],[-113.36862,53.47244],[-113.36863,53.47569],[-113.36872,53.47714],[-113.36883,53.48197],[-113.36636,53.48218],[-113.36436,53.48299],[-113.36416,53.48299],[-113.36411,53.48291],[-113.36191,53.47977],[-113.35916,53.47585]]]]}},{"type":"Feature","properties":{"name":"MAPLE"},"geometry":{"type":"MultiPolygon","coordinates":[[[[-113.36416,53.48299],[-113.36366,53.48299],[-113.36281,53.48264],[-113.36145,53.48282],[-113.35969,53.48293],[-113.35817,53.48301],[-113.35651,53.48308],[-113.35651,53.48268],[-113.35651,53.48233],[-113.35198,53.48232],[-113.34894,53.48218],[-113.34654,53.48157],[-113.34589,53.48129],[-113.3445,53.48028],[-113.34423,53.47998],[-113.34407,53.47937],[-113.34404,53.47707],[-113.34408,53.47666],[-113.3441,53.47647],[-113.34415,53.4759],[-113.34418,53.47561],[-113.34421,53.47533],[-113.34444,53.47331],[-113.34446,53.47311],[-113.3445,53.47282],[-113.34453,53.47253],[-113.34455,53.47235],[-113.34459,53.47209],[-113.34462,53.47183],[-113.34463,53.47175],[-113.34464,53.47167],[-113.34465,53.47154],[-113.34466,53.47144],[-113.34467,53.47129],[-113.34468,53.47114],[-113.34468,53.47108],[-113.34468,53.47097],[-113.34469,53.47081],[-113.34469,53.47073],[-113.34469,53.47065],[-113.34469,53.47055],[-113.34471,53.47037],[-113.34472,53.4701],[-113.34473,53.46996],[-113.34474,53.46983],[-113.34474,53.46964],[-113.34475,53.46951],[-113.34475,53.4693],[-113.34475,53.4692],[-113.34475,53.4691],[-113.34475,53.46844],[-113.34475,53.46826],[-113.34475,53.46772],[-113.34475,53.46733],[-113.34475,53.46693],[-113.34475,53.46679],[-113.34476,53.46658],[-113.34476,53.46637],[-113.34476,53.46624],[-113.34476,53.46614],[-113.34475,53.46607],[-113.34475,53.46595],[-113.34474,53.46584],[-113.34474,53.46577],[-113.3447,53.46184],[-113.34503,53.46184],[-113.34883,53.46183],[-113.34845,53.46128],[-113.34894,53.46128],[-113.34932,53.46183],[-113.35096,53.46417],[-113.35347,53.46774],[-113.35362,53.46777],[-113.35427,53.46869],[-113.35429,53.46869],[-113.35576,53.47078],[-113.35931,53.47585],[-113.35916,53.47585],[-113.36191,53.47977],[-113.36411,53.48291],[-113.36416,53.48299]]]]}},{"type":"Feature","properties":{"name":"KEHEEWIN"},"geometry":{"type":"MultiPolygon","coordinates":[[[[-113.51384,53.44668],[-113.51427,53.44668],[-113.5157,53.44752],[-113.51639,53.44751],[-113.5164,53.44879],[-113.51645,53.45395],[-113.51312,53.45394],[-113.50899,53.45393],[-113.50147,53.45394],[-113.49252,53.45399],[-113.49269,53.44664],[-113.49314,53.44668],[-113.49987,53.44668],[-113.50006,53.44668],[-113.50023,53.44708],[-113.50045,53.44747],[-113.50059,53.44738],[-113.5018,53.44668],[-113.50284,53.44668],[-113.50317,53.44649],[-113.50414,53.44668],[-113.50439,53.44668],[-113.50824,53.44668],[-113.50842,53.44668],[-113.50861,53.44668],[-113.50996,53.44668],[-113.51014,53.44668],[-113.51073,53.44668],[-113.51141,53.44668],[-113.51146,53.44665],[-113.51214,53.44665],[-113.51226,53.44665],[-113.51239,53.44668],[-113.51384,53.44668]]]]}},{"type":"Feature","properties":{"name":"KILKENNY"},"geometry":{"type":"MultiPolygon","coordinates":[[[[-113.44281,53.60484],[-113.44536,53.60484],[-113.44605,53.60488],[-113.44693,53.60496],[-113.44986,53.60562],[-113.45105,53.60588],[-113.4541,53.60653],[-113.45514,53.60676],[-113.45557,53.60683],[-113.456,53.60688],[-113.45647,53.60691],[-113.45883,53.60692],[-113.46032,53.60693],[-113.46332,53.60692],[-113.46482,53.60691],[-113.46744,53.60692],[-113.46743,53.61054],[-113.46742,53.61591],[-113.45494,53.61586],[-113.44283,53.61587],[-113.44283,53.61453],[-113.44281,53.61016],[-113.44281,53.60484]]]]}},{"type":"Feature","properties":{"name":"CAERNARVON"},"geometry":{"type":"MultiPolygon","coordinates":[[[[-113.52834,53.61635],[-113.52834,53.61657],[-113.52739,53.61629],[-113.52631,53.61585],[-113.52474,53.61513],[-113.52366,53.61474],[-113.52266,53.61448],[-113.52161,53.6143],[-113.52063,53.6142],[-113.5196,53.61417],[-113.5167,53.61418],[-113.51672,53.61192],[-113.51678,53.60703],[-113.51772,53.60703],[-113.51824,53.60703],[-113.51874,53.60704],[-113.51922,53.60707],[-113.52176,53.6073],[-113.52303,53.60741],[-113.52402,53.60751],[-113.52473,53.60756],[-113.52539,53.60759],[-113.52561,53.60758],[-113.52608,53.60756],[-113.52648,53.60752],[-113.52686,53.60748],[-113.52726,53.60742],[-113.5277,53.60732],[-113.52776,53.6073],[-113.52967,53.60682],[-113.53001,53.60728],[-113.53068,53.6071],[-113.53129,53.60694],[-113.53133,53.6069],[-113.53313,53.60689],[-113.53473,53.60689],[-113.53529,53.60689],[-113.53567,53.60981],[-113.53624,53.61272],[-113.53708,53.61324],[-113.53708,53.61413],[-113.53709,53.61446],[-113.5371,53.61449],[-113.53733,53.61676],[-113.53731,53.61697],[-113.53129,53.61698],[-113.53045,53.61694],[-113.52963,53.61683],[-113.52889,53.6167],[-113.52889,53.61648],[-113.52883,53.61646],[-113.52876,53.61645],[-113.52869,53.61643],[-113.52862,53.61642],[-113.52856,53.6164],[-113.52849,53.61638],[-113.52842,53.61636],[-113.52834,53.61635]]]]}},{"type":"Feature","properties":{"name":"PAPASCHASE INDUSTRIAL"},"geometry":{"type":"MultiPolygon","coordinates":[[[[-113.4794,53.48078],[-113.48303,53.48053],[-113.48473,53.48044],[-113.4861,53.48041],[-113.49042,53.48041],[-113.49088,53.48041],[-113.49081,53.482],[-113.49077,53.48304],[-113.49067,53.48568],[-113.49061,53.48717],[-113.49057,53.48792],[-113.49057,53.4881],[-113.49057,53.48816],[-113.48609,53.48814],[-113.48185,53.48812],[-113.47938,53.48811],[-113.47036,53.48805],[-113.46704,53.48808],[-113.46675,53.48603],[-113.46664,53.48523],[-113.46647,53.48284],[-113.47062,53.48203],[-113.47323,53.48158],[-113.47588,53.48121],[-113.4794,53.48078]]]]}},{"type":"Feature","properties":{"name":"RIVER VALLEY GLENORA"},"geometry":{"type":"MultiPolygon","coordinates":[[[[-113.54392,53.54638],[-113.54322,53.54621],[-113.542,53.54601],[-113.54157,53.54557],[-113.54191,53.54515],[-113.54133,53.54515],[-113.54133,53.54463],[-113.54133,53.54449],[-113.54105,53.5444],[-113.54069,53.54416],[-113.54047,53.54389],[-113.54026,53.54381],[-113.53953,53.54381],[-113.53932,53.544],[-113.5392,53.54395],[-113.53917,53.54398],[-113.53902,53.54392],[-113.53887,53.54406],[-113.5386,53.54408],[-113.53878,53.54391],[-113.53886,53.54383],[-113.53894,53.54375],[-113.539,53.54366],[-113.53906,53.54357],[-113.5391,53.54348],[-113.53914,53.54339],[-113.53915,53.54334],[-113.53916,53.5433],[-113.53917,53.54326],[-113.53918,53.54322],[-113.53918,53.54317],[-113.53918,53.54313],[-113.53919,53.54302],[-113.53947,53.54302],[-113.53952,53.54276],[-113.53951,53.54261],[-113.53946,53.54249],[-113.53938,53.54236],[-113.53951,53.54233],[-113.54013,53.54215],[-113.54014,53.54215],[-113.54015,53.54215],[-113.54015,53.54214],[-113.54016,53.54214],[-113.54017,53.54213],[-113.54017,53.54213],[-113.54018,53.54212],[-113.54018,53.54212],[-113.54019,53.54211],[-113.54019,53.54211],[-113.54019,53.5421],[-113.54019,53.5421],[-113.54019,53.54209],[-113.54019,53.54208],[-113.54019,53.54208],[-113.54019,53.54207],[-113.54019,53.54207],[-113.54018,53.54206],[-113.54016,53.54203],[-113.54014,53.54202],[-113.54011,53.54198],[-113.5401,53.54197],[-113.54008,53.54194],[-113.54005,53.54192],[-113.54003,53.54189],[-113.54,53.54187],[-113.53997,53.54185],[-113.53995,53.54182],[-113.53992,53.5418],[-113.53989,53.54177],[-113.53986,53.54175],[-113.53983,53.54173],[-113.5398,53.5417],[-113.53977,53.54168],[-113.53974,53.54166],[-113.53971,53.54164],[-113.53968,53.54161],[-113.53965,53.54159],[-113.53962,53.54157],[-113.53958,53.54155],[-113.53955,53.54153],[-113.53952,53.54151],[-113.53948,53.54149],[-113.53945,53.54147],[-113.53941,53.54145],[-113.53938,53.54143],[-113.53934,53.54141],[-113.53931,53.54139],[-113.53927,53.54137],[-113.53923,53.54135],[-113.53919,53.54133],[-113.53916,53.54131],[-113.53912,53.54129],[-113.53908,53.54128],[-113.53904,53.54126],[-113.539,53.54124],[-113.53896,53.54123],[-113.53892,53.54121],[-113.5388,53.54116],[-113.53876,53.54114],[-113.53871,53.54113],[-113.53867,53.54112],[-113.53862,53.54111],[-113.53858,53.54111],[-113.53853,53.5411],[-113.53851,53.5411],[-113.53849,53.5411],[-113.53847,53.5411],[-113.53841,53.5411],[-113.53836,53.54111],[-113.5383,53.54111],[-113.53825,53.54113],[-113.53819,53.54114],[-113.53809,53.54118],[-113.53804,53.54119],[-113.53799,53.5412],[-113.53793,53.54121],[-113.53787,53.54122],[-113.53782,53.54122],[-113.53782,53.54145],[-113.53777,53.54144],[-113.53751,53.54133],[-113.53742,53.5413],[-113.53735,53.54128],[-113.53732,53.54126],[-113.53726,53.54124],[-113.5372,53.54121],[-113.53717,53.54119],[-113.53711,53.54117],[-113.53705,53.54115],[-113.537,53.54113],[-113.53694,53.54111],[-113.53688,53.54109],[-113.53682,53.54107],[-113.53678,53.54106],[-113.53673,53.54104],[-113.53666,53.54101],[-113.53658,53.54099],[-113.53651,53.54097],[-113.53643,53.54094],[-113.53636,53.54092],[-113.53628,53.5409],[-113.5362,53.54087],[-113.53616,53.54086],[-113.53608,53.54084],[-113.53604,53.54083],[-113.53589,53.54079],[-113.53589,53.54028],[-113.53574,53.53967],[-113.53574,53.53773],[-113.53571,53.53772],[-113.53577,53.53766],[-113.53613,53.53577],[-113.53759,53.53641],[-113.53877,53.5369],[-113.54083,53.53754],[-113.54268,53.53796],[-113.5446,53.53807],[-113.54752,53.538],[-113.54984,53.53775],[-113.55181,53.53745],[-113.55303,53.53704],[-113.55403,53.53667],[-113.55502,53.5373],[-113.55502,53.53806],[-113.55502,53.53894],[-113.55443,53.53894],[-113.55436,53.53894],[-113.55425,53.539],[-113.5539,53.53887],[-113.55342,53.53883],[-113.55304,53.5389],[-113.55199,53.5393],[-113.55128,53.53928],[-113.55077,53.53932],[-113.55053,53.53945],[-113.55045,53.53964],[-113.55058,53.5399],[-113.55105,53.54025],[-113.55141,53.54043],[-113.55122,53.5406],[-113.55112,53.54081],[-113.5512,53.54101],[-113.55141,53.54117],[-113.55346,53.54194],[-113.55463,53.54204],[-113.55491,53.54214],[-113.55506,53.54226],[-113.55513,53.54238],[-113.55533,53.54304],[-113.55464,53.54304],[-113.55448,53.5429],[-113.55433,53.54263],[-113.55357,53.54263],[-113.55293,53.5425],[-113.55059,53.54188],[-113.55028,53.54184],[-113.55,53.54187],[-113.54985,53.54195],[-113.54977,53.54209],[-113.54979,53.54224],[-113.54991,53.54235],[-113.55031,53.54252],[-113.55031,53.54304],[-113.54959,53.54304],[-113.54867,53.54304],[-113.5482,53.54365],[-113.54811,53.54391],[-113.54828,53.54443],[-113.54841,53.5446],[-113.54835,53.54471],[-113.54835,53.54512],[-113.5487,53.54512],[-113.54875,53.54512],[-113.54875,53.5457],[-113.54806,53.5457],[-113.5479,53.5457],[-113.5479,53.54556],[-113.54754,53.5449],[-113.54733,53.54477],[-113.54706,53.54467],[-113.54687,53.54449],[-113.54664,53.54428],[-113.54658,53.54416],[-113.5466,53.54404],[-113.5469,53.5436],[-113.54721,53.54318],[-113.54743,53.54304],[-113.54751,53.54277],[-113.54811,53.54235],[-113.54824,53.54221],[-113.54827,53.54205],[-113.54815,53.54186],[-113.54781,53.54154],[-113.548,53.54121],[-113.54845,53.54078],[-113.54849,53.54058],[-113.5484,53.54037],[-113.54818,53.5402],[-113.5478,53.54005],[-113.54741,53.54],[-113.54704,53.54007],[-113.54575,53.54052],[-113.54557,53.54037],[-113.54375,53.54069],[-113.54253,53.54095],[-113.54253,53.54172],[-113.54196,53.54242],[-113.54138,53.54291],[-113.54136,53.54303],[-113.54135,53.54351],[-113.54145,53.54369],[-113.54164,53.54383],[-113.54311,53.5445],[-113.54364,53.54468],[-113.54348,53.54487],[-113.5434,53.54514],[-113.54349,53.54535],[-113.5437,53.54552],[-113.54402,53.54562],[-113.54462,53.54567],[-113.54515,53.54579],[-113.54595,53.5462],[-113.54567,53.54657],[-113.54559,53.54679],[-113.54565,53.54702],[-113.54582,53.54717],[-113.5462,53.54733],[-113.54639,53.5474],[-113.54649,53.54751],[-113.54658,53.54771],[-113.54634,53.54797],[-113.54634,53.54806],[-113.54708,53.54806],[-113.54708,53.54832],[-113.54776,53.54832],[-113.54791,53.5483],[-113.54806,53.5483],[-113.54875,53.5483],[-113.54875,53.54861],[-113.5496,53.54862],[-113.5496,53.54887],[-113.54989,53.54935],[-113.54969,53.54945],[-113.54944,53.54945],[-113.54806,53.54945],[-113.54781,53.54942],[-113.54766,53.54937],[-113.54709,53.54937],[-113.54709,53.54882],[-113.54613,53.54882],[-113.54613,53.54841],[-113.54586,53.54841],[-113.54586,53.54829],[-113.54545,53.54803],[-113.5451,53.54799],[-113.54481,53.548],[-113.54481,53.5479],[-113.54487,53.54762],[-113.54452,53.54738],[-113.54408,53.54642],[-113.54392,53.54638]]]]}},{"type":"Feature","properties":{"name":"ROSEDALE INDUSTRIAL"},"geometry":{"type":"MultiPolygon","coordinates":[[[[-113.49098,53.49914],[-113.49108,53.49978],[-113.49124,53.49978],[-113.49126,53.49988],[-113.48904,53.49989],[-113.48623,53.49987],[-113.47997,53.49987],[-113.47948,53.49991],[-113.47646,53.49989],[-113.46961,53.49987],[-113.46719,53.49988],[-113.46718,53.49734],[-113.46731,53.49719],[-113.46749,53.49718],[-113.47956,53.49718],[-113.48603,53.49718],[-113.48613,53.49718],[-113.48623,53.49718],[-113.48633,53.49719],[-113.48643,53.49719],[-113.48653,53.49719],[-113.48663,53.4972],[-113.48672,53.4972],[-113.48682,53.49721],[-113.48692,53.49722],[-113.4872,53.49725],[-113.48748,53.49728],[-113.48775,53.49733],[-113.48802,53.49738],[-113.48828,53.49745],[-113.48854,53.49752],[-113.48894,53.49765],[-113.48932,53.49781],[-113.48967,53.49798],[-113.48999,53.49818],[-113.49028,53.49839],[-113.49054,53.49861],[-113.49057,53.49864],[-113.4906,53.49867],[-113.49067,53.49874],[-113.49074,53.49882],[-113.49081,53.4989],[-113.49087,53.49898],[-113.49093,53.49906],[-113.49098,53.49914]]]]}},{"type":"Feature","properties":{"name":"RUTHERFORD"},"geometry":{"type":"MultiPolygon","coordinates":[[[[-113.5335,53.41037],[-113.53404,53.41067],[-113.53429,53.41081],[-113.53471,53.41102],[-113.53512,53.41117],[-113.53556,53.41129],[-113.53597,53.41137],[-113.53644,53.41143],[-113.53694,53.41145],[-113.53743,53.41144],[-113.53793,53.41137],[-113.53842,53.41128],[-113.53894,53.41112],[-113.53929,53.41097],[-113.53963,53.41081],[-113.54089,53.41152],[-113.54091,53.41392],[-113.54092,53.41919],[-113.54094,53.4249],[-113.53477,53.42486],[-113.52865,53.42483],[-113.51656,53.4248],[-113.51646,53.42104],[-113.51645,53.41997],[-113.51684,53.41887],[-113.51736,53.41797],[-113.51821,53.41709],[-113.5191,53.41644],[-113.52298,53.41398],[-113.53126,53.40863],[-113.53236,53.40928],[-113.53266,53.4095],[-113.5328,53.40967],[-113.53303,53.40996],[-113.53325,53.41018],[-113.5335,53.41037]]]]}},{"type":"Feature","properties":{"name":"LAURIER HEIGHTS"},"geometry":{"type":"MultiPolygon","coordinates":[[[[-113.55267,53.51646],[-113.55238,53.51646],[-113.55168,53.51646],[-113.55168,53.51681],[-113.55154,53.51693],[-113.55129,53.51699],[-113.55126,53.51701],[-113.55114,53.51704],[-113.55115,53.51705],[-113.55091,53.5171],[-113.55059,53.51687],[-113.55059,53.51677],[-113.55067,53.5166],[-113.55047,53.51649],[-113.55004,53.51649],[-113.54999,53.51649],[-113.55,53.51522],[-113.5493,53.51522],[-113.54931,53.5151],[-113.54931,53.51473],[-113.54931,53.51468],[-113.54995,53.51468],[-113.55,53.51471],[-113.55165,53.51471],[-113.55165,53.51468],[-113.55151,53.51408],[-113.55151,53.51335],[-113.55178,53.51297],[-113.55188,53.51274],[-113.55512,53.51359],[-113.55546,53.51374],[-113.55582,53.51374],[-113.55686,53.51374],[-113.55686,53.51407],[-113.55762,53.51407],[-113.55812,53.51449],[-113.55812,53.51459],[-113.55929,53.51434],[-113.55951,53.51434],[-113.56097,53.51434],[-113.56098,53.51365],[-113.5595,53.51365],[-113.55778,53.51364],[-113.55776,53.51299],[-113.55786,53.51286],[-113.55948,53.51203],[-113.55964,53.51181],[-113.55982,53.51167],[-113.5601,53.51156],[-113.5604,53.5115],[-113.56078,53.51151],[-113.56116,53.51157],[-113.56158,53.51171],[-113.5621,53.51201],[-113.56319,53.51139],[-113.56246,53.51095],[-113.56232,53.51082],[-113.56226,53.51065],[-113.56236,53.51046],[-113.56277,53.51013],[-113.56312,53.50993],[-113.5654,53.50913],[-113.56557,53.50909],[-113.56583,53.50908],[-113.56607,53.50911],[-113.56629,53.50918],[-113.56646,53.50929],[-113.56656,53.50941],[-113.56703,53.51043],[-113.56718,53.51067],[-113.56741,53.51084],[-113.56834,53.51141],[-113.56891,53.51176],[-113.56946,53.51202],[-113.57001,53.51214],[-113.57048,53.51221],[-113.57093,53.51222],[-113.57181,53.5122],[-113.57506,53.51215],[-113.57558,53.51218],[-113.57598,53.51226],[-113.57628,53.5124],[-113.57657,53.51257],[-113.57696,53.51289],[-113.57731,53.51332],[-113.57756,53.51379],[-113.57769,53.51418],[-113.5777,53.51474],[-113.57797,53.51474],[-113.57796,53.51692],[-113.57791,53.51943],[-113.5763,53.51936],[-113.57488,53.51936],[-113.57027,53.51935],[-113.56571,53.51937],[-113.56259,53.51938],[-113.55947,53.51937],[-113.55948,53.51793],[-113.55944,53.51773],[-113.55933,53.51755],[-113.55909,53.51733],[-113.55882,53.51715],[-113.55847,53.51701],[-113.55778,53.51686],[-113.55606,53.5166],[-113.55604,53.51733],[-113.55617,53.51766],[-113.55594,53.51764],[-113.55437,53.51805],[-113.55267,53.51805],[-113.55267,53.51646]]]]}},{"type":"Feature","properties":{"name":"WINTERBURN INDUSTRIAL AREA WEST"},"geometry":{"type":"MultiPolygon","coordinates":[[[[-113.70129,53.5485],[-113.68926,53.54848],[-113.68903,53.54848],[-113.68903,53.54822],[-113.68895,53.54715],[-113.68849,53.54416],[-113.68854,53.54116],[-113.69443,53.54117],[-113.7,53.5412],[-113.71353,53.5412],[-113.71371,53.5412],[-113.71371,53.54165],[-113.71371,53.54192],[-113.71371,53.543],[-113.71371,53.54316],[-113.71371,53.54393],[-113.71372,53.54853],[-113.7138,53.54853],[-113.71381,53.55441],[-113.71335,53.55441],[-113.70433,53.55452],[-113.70432,53.54851],[-113.70129,53.5485]]],[[[-113.68902,53.56597],[-113.68902,53.56583],[-113.68904,53.56341],[-113.68902,53.56157],[-113.68904,53.56002],[-113.68903,53.55882],[-113.68902,53.55817],[-113.68901,53.55592],[-113.68925,53.55597],[-113.69232,53.55594],[-113.69232,53.55596],[-113.7013,53.55588],[-113.7013,53.55587],[-113.70794,53.55579],[-113.71343,53.55555],[-113.71374,53.55557],[-113.71374,53.55595],[-113.71388,53.55595],[-113.71388,53.55625],[-113.71382,53.5564],[-113.71383,53.56291],[-113.71375,53.56291],[-113.71376,53.56873],[-113.71384,53.569],[-113.71384,53.56932],[-113.71384,53.56991],[-113.71363,53.56991],[-113.68905,53.57005],[-113.68902,53.56597]]]]}},{"type":"Feature","properties":{"name":"RIVER VALLEY MAYFAIR"},"geometry":{"type":"MultiPolygon","coordinates":[[[[-113.54251,53.52267],[-113.54222,53.52253],[-113.54202,53.52243],[-113.54175,53.52236],[-113.54148,53.52221],[-113.5413,53.52202],[-113.54109,53.52184],[-113.54088,53.5217],[-113.54083,53.52173],[-113.54033,53.52141],[-113.5401,53.52153],[-113.53996,53.52161],[-113.53971,53.52174],[-113.53875,53.52073],[-113.53855,53.52035],[-113.53842,53.51995],[-113.53834,53.51958],[-113.53818,53.51923],[-113.53797,53.51895],[-113.53767,53.51871],[-113.53671,53.51832],[-113.53689,53.51772],[-113.53707,53.51614],[-113.53728,53.51562],[-113.53732,53.51504],[-113.53739,53.51473],[-113.53757,53.51438],[-113.53781,53.51408],[-113.53807,53.51384],[-113.53829,53.51352],[-113.53867,53.5127],[-113.53889,53.51226],[-113.53969,53.51234],[-113.54101,53.51234],[-113.54101,53.51264],[-113.54241,53.51266],[-113.54218,53.51317],[-113.5419,53.51411],[-113.54172,53.51524],[-113.5418,53.51653],[-113.54196,53.51742],[-113.54217,53.51827],[-113.54243,53.51891],[-113.54341,53.52037],[-113.5441,53.52103],[-113.5455,53.52206],[-113.54707,53.52289],[-113.54854,53.52351],[-113.55032,53.52421],[-113.55211,53.52491],[-113.55336,53.52558],[-113.55473,53.52657],[-113.55594,53.52774],[-113.557,53.52915],[-113.55736,53.52983],[-113.55759,53.53059],[-113.55762,53.53187],[-113.5574,53.53287],[-113.55703,53.53388],[-113.55658,53.53461],[-113.55581,53.53544],[-113.55505,53.53607],[-113.55403,53.53667],[-113.55303,53.53704],[-113.55181,53.53745],[-113.54984,53.53775],[-113.54752,53.538],[-113.5446,53.53807],[-113.54268,53.53796],[-113.54083,53.53754],[-113.53877,53.5369],[-113.53759,53.53641],[-113.53613,53.53577],[-113.53424,53.53495],[-113.53254,53.53425],[-113.53075,53.53355],[-113.53074,53.53089],[-113.53182,53.53096],[-113.53238,53.53103],[-113.53372,53.53141],[-113.53405,53.53146],[-113.53437,53.53142],[-113.53459,53.53135],[-113.53633,53.53041],[-113.53663,53.53018],[-113.53681,53.52991],[-113.53713,53.52903],[-113.53732,53.52854],[-113.53742,53.52843],[-113.53765,53.5283],[-113.5386,53.52795],[-113.53884,53.5278],[-113.53902,53.52761],[-113.53933,53.52707],[-113.53954,53.52672],[-113.53972,53.52655],[-113.54079,53.52576],[-113.54094,53.52561],[-113.54109,53.5254],[-113.54114,53.52521],[-113.54115,53.52478],[-113.54171,53.52469],[-113.54178,53.52469],[-113.54189,53.52453],[-113.54209,53.52442],[-113.54206,53.52398],[-113.54178,53.52357],[-113.54126,53.52314],[-113.54057,53.52275],[-113.54093,53.52265],[-113.54116,53.52253],[-113.54156,53.52279],[-113.54275,53.52312],[-113.54304,53.52264],[-113.54251,53.52267]]]]}},{"type":"Feature","properties":{"name":"WINDSOR PARK"},"geometry":{"type":"MultiPolygon","coordinates":[[[[-113.54251,53.52267],[-113.54304,53.52264],[-113.54275,53.52312],[-113.54156,53.52279],[-113.54116,53.52253],[-113.54093,53.52265],[-113.54057,53.52275],[-113.54126,53.52314],[-113.54178,53.52357],[-113.54206,53.52398],[-113.54209,53.52442],[-113.54189,53.52453],[-113.54178,53.52469],[-113.54171,53.52469],[-113.54115,53.52478],[-113.54114,53.52521],[-113.54109,53.5254],[-113.54094,53.52561],[-113.54079,53.52576],[-113.53972,53.52655],[-113.53954,53.52672],[-113.53933,53.52707],[-113.53902,53.52761],[-113.53884,53.5278],[-113.5386,53.52795],[-113.53765,53.5283],[-113.53742,53.52843],[-113.53732,53.52854],[-113.53713,53.52903],[-113.53681,53.52991],[-113.53663,53.53018],[-113.53633,53.53041],[-113.53459,53.53135],[-113.53437,53.53142],[-113.53405,53.53146],[-113.53372,53.53141],[-113.53238,53.53103],[-113.53182,53.53096],[-113.53074,53.53089],[-113.53071,53.52637],[-113.5307,53.52481],[-113.53068,53.5229],[-113.53249,53.52291],[-113.53246,53.51979],[-113.53243,53.51871],[-113.53245,53.5186],[-113.53292,53.51764],[-113.53444,53.51791],[-113.53671,53.51832],[-113.53767,53.51871],[-113.53797,53.51895],[-113.53818,53.51923],[-113.53834,53.51958],[-113.53842,53.51995],[-113.53855,53.52035],[-113.53875,53.52073],[-113.53971,53.52174],[-113.53996,53.52161],[-113.5401,53.52153],[-113.54033,53.52141],[-113.54083,53.52173],[-113.54088,53.5217],[-113.54109,53.52184],[-113.5413,53.52202],[-113.54148,53.52221],[-113.54175,53.52236],[-113.54202,53.52243],[-113.54222,53.52253],[-113.54251,53.52267]]]]}},{"type":"Feature","properties":{"name":"LEWIS FARMS INDUSTRIAL"},"geometry":{"type":"MultiPolygon","coordinates":[[[[-113.66208,53.52723],[-113.6642,53.52602],[-113.66435,53.52593],[-113.66436,53.5267],[-113.66436,53.52924],[-113.66421,53.52923],[-113.66189,53.52915],[-113.66208,53.52723]]],[[[-113.67669,53.53968],[-113.67667,53.53507],[-113.67666,53.53427],[-113.67666,53.53392],[-113.68903,53.53391],[-113.68906,53.53621],[-113.68904,53.53797],[-113.68886,53.53956],[-113.68854,53.54116],[-113.68573,53.54115],[-113.67669,53.54119],[-113.67669,53.54066],[-113.67669,53.53968]]],[[[-113.66184,53.53213],[-113.66179,53.53062],[-113.66422,53.53057],[-113.66437,53.53057],[-113.66438,53.53393],[-113.66423,53.53393],[-113.6619,53.53394],[-113.66184,53.53213]]]]}},{"type":"Feature","properties":{"name":"ANTHONY HENDAY TERWILLEGAR"},"geometry":{"type":"MultiPolygon","coordinates":[[[[-113.60112,53.43978],[-113.60133,53.43983],[-113.60154,53.43988],[-113.60175,53.43991],[-113.60196,53.43995],[-113.60218,53.43998],[-113.6024,53.44],[-113.60297,53.44004],[-113.60355,53.44005],[-113.60413,53.44002],[-113.6047,53.43996],[-113.60525,53.43986],[-113.60579,53.43973],[-113.6059,53.4397],[-113.60601,53.43967],[-113.60612,53.43963],[-113.60623,53.4396],[-113.60634,53.43956],[-113.60645,53.43952],[-113.61126,53.43774],[-113.61238,53.43674],[-113.61321,53.43585],[-113.61374,53.43488],[-113.61415,53.4338],[-113.61472,53.43337],[-113.61472,53.43816],[-113.61457,53.43809],[-113.61458,53.43944],[-113.61194,53.43944],[-113.61181,53.4395],[-113.6115,53.4396],[-113.60868,53.44094],[-113.60748,53.44152],[-113.60744,53.44154],[-113.60738,53.44156],[-113.60733,53.44159],[-113.60729,53.44161],[-113.60724,53.44163],[-113.6072,53.44166],[-113.60715,53.44168],[-113.6071,53.44171],[-113.60703,53.44175],[-113.607,53.44176],[-113.60695,53.44179],[-113.60688,53.44183],[-113.6068,53.44187],[-113.60674,53.44191],[-113.60671,53.44193],[-113.60667,53.44196],[-113.6066,53.442],[-113.60653,53.44205],[-113.60646,53.44209],[-113.60639,53.44213],[-113.60633,53.44218],[-113.60626,53.44223],[-113.6062,53.44227],[-113.60614,53.44232],[-113.60607,53.44236],[-113.60601,53.44241],[-113.60595,53.44246],[-113.60589,53.44251],[-113.60584,53.44256],[-113.60578,53.4426],[-113.60572,53.44265],[-113.60567,53.4427],[-113.60561,53.44275],[-113.60556,53.4428],[-113.60551,53.44285],[-113.60546,53.44291],[-113.60517,53.44322],[-113.60491,53.44355],[-113.6047,53.44389],[-113.60453,53.44424],[-113.6044,53.44459],[-113.60431,53.44495],[-113.60427,53.44523],[-113.60426,53.44551],[-113.60427,53.44578],[-113.60431,53.44606],[-113.60437,53.44634],[-113.60446,53.44661],[-113.60448,53.44667],[-113.60447,53.44667],[-113.60455,53.44684],[-113.60462,53.44699],[-113.6047,53.44713],[-113.60478,53.44727],[-113.60487,53.44741],[-113.60496,53.44755],[-113.60507,53.44768],[-113.60556,53.44831],[-113.60684,53.4501],[-113.6095,53.45348],[-113.61002,53.45395],[-113.6101,53.45405],[-113.61456,53.45404],[-113.61456,53.45414],[-113.61487,53.45414],[-113.61487,53.45424],[-113.61614,53.4551],[-113.6179,53.45629],[-113.61789,53.45631],[-113.61787,53.45634],[-113.61786,53.45634],[-113.61785,53.45635],[-113.61785,53.45636],[-113.61784,53.45637],[-113.61783,53.45638],[-113.61782,53.4564],[-113.61781,53.45642],[-113.6178,53.45642],[-113.6178,53.45643],[-113.6178,53.45644],[-113.6178,53.45644],[-113.61779,53.45645],[-113.61778,53.45646],[-113.61778,53.45647],[-113.61777,53.45648],[-113.61777,53.4565],[-113.61776,53.45651],[-113.61776,53.45652],[-113.61776,53.45653],[-113.61775,53.45654],[-113.61775,53.45654],[-113.61774,53.45656],[-113.61773,53.45656],[-113.61773,53.45657],[-113.61772,53.45658],[-113.61772,53.45658],[-113.61772,53.45659],[-113.61772,53.4566],[-113.61772,53.45662],[-113.61772,53.45663],[-113.61773,53.45665],[-113.61773,53.45668],[-113.61773,53.45668],[-113.61773,53.45669],[-113.61773,53.45669],[-113.61772,53.4567],[-113.61772,53.45671],[-113.61772,53.45671],[-113.61772,53.45672],[-113.61772,53.45673],[-113.61773,53.45674],[-113.61773,53.45674],[-113.61773,53.45675],[-113.61773,53.45676],[-113.61773,53.45676],[-113.61772,53.45677],[-113.61772,53.45677],[-113.61772,53.45678],[-113.61772,53.4568],[-113.61772,53.4568],[-113.61772,53.45681],[-113.61772,53.45682],[-113.61771,53.45684],[-113.61771,53.45685],[-113.61771,53.45686],[-113.61771,53.45686],[-113.61771,53.45687],[-113.61771,53.45687],[-113.61771,53.45688],[-113.61771,53.45689],[-113.6177,53.4569],[-113.61768,53.45693],[-113.61768,53.45693],[-113.61767,53.45694],[-113.61766,53.45695],[-113.61766,53.45695],[-113.61764,53.45696],[-113.61763,53.45697],[-113.6176,53.45698],[-113.6176,53.45698],[-113.61759,53.45699],[-113.61759,53.45699],[-113.61758,53.45699],[-113.61758,53.45699],[-113.61757,53.457],[-113.61756,53.45701],[-113.61755,53.45702],[-113.61754,53.45703],[-113.61751,53.45705],[-113.61749,53.45706],[-113.61748,53.45708],[-113.61747,53.45709],[-113.61746,53.45709],[-113.61745,53.45711],[-113.61745,53.45712],[-113.61744,53.45713],[-113.61742,53.45714],[-113.61741,53.45716],[-113.6174,53.45718],[-113.61739,53.4572],[-113.61738,53.45721],[-113.61738,53.45722],[-113.61736,53.45723],[-113.61736,53.45723],[-113.61734,53.45725],[-113.61732,53.45727],[-113.61729,53.4573],[-113.61727,53.45732],[-113.61725,53.45734],[-113.61724,53.45735],[-113.61722,53.45737],[-113.61721,53.45738],[-113.61719,53.4574],[-113.61718,53.45741],[-113.61716,53.45742],[-113.61713,53.45744],[-113.61711,53.45746],[-113.61708,53.45748],[-113.61707,53.45748],[-113.61704,53.4575],[-113.61702,53.45751],[-113.617,53.45753],[-113.61699,53.45753],[-113.61698,53.45754],[-113.61697,53.45755],[-113.61697,53.45755],[-113.61697,53.45756],[-113.61696,53.45757],[-113.61696,53.45757],[-113.61696,53.45757],[-113.61696,53.45757],[-113.61696,53.45757],[-113.61695,53.45758],[-113.61694,53.45758],[-113.61693,53.45758],[-113.61691,53.45758],[-113.6169,53.45759],[-113.61689,53.45759],[-113.61689,53.45759],[-113.61688,53.4576],[-113.61687,53.45761],[-113.61686,53.45762],[-113.61685,53.45763],[-113.61683,53.45765],[-113.61681,53.45766],[-113.6168,53.45767],[-113.61676,53.4577],[-113.61672,53.45772],[-113.61669,53.45774],[-113.61667,53.45775],[-113.61666,53.45777],[-113.61665,53.45777],[-113.61664,53.45778],[-113.61661,53.4578],[-113.61659,53.45781],[-113.61657,53.45783],[-113.61656,53.45783],[-113.61655,53.45785],[-113.61654,53.45785],[-113.61653,53.45786],[-113.61653,53.45786],[-113.61652,53.45786],[-113.61651,53.45787],[-113.6165,53.45788],[-113.61648,53.45789],[-113.61647,53.4579],[-113.61646,53.45791],[-113.61637,53.45796],[-113.61633,53.45798],[-113.6163,53.458],[-113.61628,53.45802],[-113.61627,53.45803],[-113.61625,53.45804],[-113.61623,53.45804],[-113.61617,53.45808],[-113.6161,53.45812],[-113.61606,53.45814],[-113.61604,53.45815],[-113.616,53.45817],[-113.61597,53.45818],[-113.61597,53.45819],[-113.61595,53.4582],[-113.61593,53.45821],[-113.61591,53.45822],[-113.61589,53.45823],[-113.61586,53.45824],[-113.61585,53.45825],[-113.61584,53.45826],[-113.61583,53.45826],[-113.61583,53.45827],[-113.61582,53.45828],[-113.61581,53.45828],[-113.61581,53.45829],[-113.61579,53.45829],[-113.61641,53.45875],[-113.61512,53.4598],[-113.61508,53.46118],[-113.6151,53.4614],[-113.61269,53.4614],[-113.61143,53.4621],[-113.61048,53.46265],[-113.60923,53.46194],[-113.60912,53.46193],[-113.60945,53.46139],[-113.60726,53.45809],[-113.60409,53.45559],[-113.60293,53.454],[-113.60289,53.45395],[-113.60181,53.45247],[-113.60159,53.45217],[-113.60153,53.45217],[-113.60109,53.45154],[-113.60018,53.45032],[-113.60021,53.45029],[-113.59975,53.44965],[-113.59627,53.44884],[-113.59484,53.44812],[-113.59451,53.44824],[-113.5942,53.44838],[-113.59391,53.44852],[-113.59364,53.44868],[-113.59338,53.44885],[-113.59315,53.44903],[-113.59311,53.44906],[-113.59306,53.4491],[-113.59302,53.44914],[-113.59298,53.44917],[-113.59295,53.44921],[-113.59291,53.44925],[-113.59287,53.44928],[-113.59187,53.45032],[-113.59026,53.45031],[-113.5901,53.45031],[-113.59009,53.44669],[-113.59025,53.44649],[-113.59111,53.44473],[-113.5916,53.44315],[-113.59163,53.44307],[-113.59255,53.44012],[-113.59198,53.43944],[-113.59052,53.43773],[-113.5899,53.43733],[-113.58983,53.43728],[-113.58909,53.4368],[-113.58772,53.43591],[-113.58469,53.43449],[-113.57668,53.43377],[-113.57629,53.43352],[-113.57712,53.43306],[-113.57683,53.43277],[-113.57395,53.43213],[-113.57116,53.43152],[-113.57031,53.43113],[-113.5686,53.43131],[-113.56868,53.43147],[-113.56859,53.43148],[-113.56564,53.43179],[-113.56563,53.43108],[-113.56563,53.43029],[-113.56559,53.425],[-113.56559,53.42491],[-113.56982,53.42491],[-113.56982,53.425],[-113.57051,53.42539],[-113.57014,53.42586],[-113.57008,53.42607],[-113.56991,53.4261],[-113.5694,53.42623],[-113.56912,53.4264],[-113.56884,53.42681],[-113.56856,53.42701],[-113.56802,53.4272],[-113.56687,53.4272],[-113.56676,53.42729],[-113.56667,53.42739],[-113.56657,53.42748],[-113.56648,53.42758],[-113.56639,53.42768],[-113.56631,53.42777],[-113.56757,53.42774],[-113.56923,53.42777],[-113.57429,53.42818],[-113.5783,53.42856],[-113.57837,53.42856],[-113.57844,53.42857],[-113.57851,53.42857],[-113.57858,53.42858],[-113.57865,53.42858],[-113.57872,53.42858],[-113.57901,53.42859],[-113.57929,53.42857],[-113.57958,53.42855],[-113.57986,53.42851],[-113.58013,53.42846],[-113.5804,53.4284],[-113.5818,53.42803],[-113.58203,53.42798],[-113.58227,53.42794],[-113.58252,53.42792],[-113.58277,53.42791],[-113.58302,53.42791],[-113.58326,53.42793],[-113.58351,53.42796],[-113.58375,53.428],[-113.58584,53.42848],[-113.58648,53.42927],[-113.58666,53.43064],[-113.58743,53.43139],[-113.58911,53.43222],[-113.59019,53.43276],[-113.5904,53.43286],[-113.59566,53.4361],[-113.59841,53.43866],[-113.59965,53.43926],[-113.59972,53.4393],[-113.59978,53.43933],[-113.59985,53.43936],[-113.59992,53.43938],[-113.59998,53.43941],[-113.60005,53.43944],[-113.60022,53.43951],[-113.60039,53.43957],[-113.60057,53.43963],[-113.60075,53.43969],[-113.60093,53.43974],[-113.60112,53.43978]]]]}},{"type":"Feature","properties":{"name":"RIVER VALLEY CAPITOL HILL"},"geometry":{"type":"MultiPolygon","coordinates":[[[[-113.54464,53.51201],[-113.54477,53.51201],[-113.54614,53.51201],[-113.5496,53.51201],[-113.54975,53.51211],[-113.5517,53.51263],[-113.55188,53.51274],[-113.55178,53.51297],[-113.55151,53.51335],[-113.55151,53.51408],[-113.55165,53.51468],[-113.55165,53.51471],[-113.55,53.51471],[-113.54995,53.51468],[-113.54931,53.51468],[-113.54931,53.51473],[-113.54931,53.5151],[-113.5493,53.51522],[-113.55,53.51522],[-113.54999,53.51649],[-113.55004,53.51649],[-113.55047,53.51649],[-113.55067,53.5166],[-113.55059,53.51677],[-113.55059,53.51687],[-113.55091,53.5171],[-113.55115,53.51705],[-113.55114,53.51704],[-113.55126,53.51701],[-113.55129,53.51699],[-113.55154,53.51693],[-113.55168,53.51681],[-113.55168,53.51646],[-113.55238,53.51646],[-113.55267,53.51646],[-113.55267,53.51805],[-113.55437,53.51805],[-113.55594,53.51764],[-113.55617,53.51766],[-113.55642,53.51849],[-113.55639,53.51863],[-113.55624,53.51873],[-113.55478,53.51895],[-113.55454,53.51904],[-113.55436,53.51915],[-113.55427,53.5193],[-113.55425,53.51947],[-113.55469,53.52045],[-113.55483,53.52057],[-113.55588,53.5208],[-113.55762,53.52114],[-113.55826,53.52125],[-113.55948,53.52126],[-113.55946,53.52172],[-113.55933,53.52182],[-113.55832,53.52182],[-113.5568,53.52201],[-113.55623,53.52166],[-113.55434,53.52159],[-113.55488,53.52219],[-113.55578,53.52256],[-113.55612,53.52249],[-113.55614,53.52253],[-113.55628,53.52271],[-113.55652,53.52291],[-113.5574,53.52363],[-113.55876,53.52474],[-113.55921,53.52525],[-113.55942,53.52557],[-113.55949,53.52573],[-113.55978,53.52701],[-113.55971,53.52715],[-113.55901,53.52754],[-113.55936,53.52777],[-113.55908,53.52798],[-113.55946,53.52815],[-113.56006,53.52806],[-113.56192,53.52837],[-113.56277,53.52922],[-113.56338,53.52935],[-113.56399,53.52902],[-113.5644,53.52854],[-113.56557,53.52854],[-113.56557,53.52863],[-113.56574,53.52863],[-113.56603,53.52863],[-113.56916,53.52863],[-113.57163,53.52976],[-113.57258,53.52997],[-113.57288,53.53004],[-113.57612,53.53078],[-113.57627,53.53078],[-113.57627,53.53102],[-113.57612,53.53102],[-113.57542,53.53087],[-113.57288,53.53043],[-113.57258,53.53052],[-113.5717,53.53052],[-113.57106,53.53002],[-113.57035,53.52986],[-113.56968,53.52963],[-113.56587,53.52962],[-113.56572,53.52962],[-113.56571,53.52999],[-113.56557,53.53],[-113.56461,53.53001],[-113.56461,53.5312],[-113.56441,53.53158],[-113.56429,53.53158],[-113.56414,53.5314],[-113.56403,53.53102],[-113.56393,53.53078],[-113.56357,53.53046],[-113.56306,53.53028],[-113.56268,53.53023],[-113.56186,53.53018],[-113.56124,53.53016],[-113.56052,53.53006],[-113.56065,53.53042],[-113.56037,53.53199],[-113.56081,53.53202],[-113.56095,53.53222],[-113.56069,53.53367],[-113.56018,53.53444],[-113.5601,53.53464],[-113.56019,53.53512],[-113.56015,53.53531],[-113.56006,53.53551],[-113.5597,53.53587],[-113.55891,53.53598],[-113.55787,53.53631],[-113.55582,53.53741],[-113.55736,53.53756],[-113.55906,53.53756],[-113.56011,53.53724],[-113.56021,53.53717],[-113.56044,53.53727],[-113.56073,53.53735],[-113.56558,53.53758],[-113.56563,53.53795],[-113.5675,53.5386],[-113.56784,53.5387],[-113.56897,53.53892],[-113.56929,53.53895],[-113.57061,53.53909],[-113.57102,53.53909],[-113.57115,53.5395],[-113.57256,53.53992],[-113.5728,53.53995],[-113.57452,53.54075],[-113.57557,53.54123],[-113.57626,53.54124],[-113.57804,53.54125],[-113.57805,53.54174],[-113.5766,53.54205],[-113.57596,53.54211],[-113.57474,53.54214],[-113.57427,53.5421],[-113.57411,53.54199],[-113.57406,53.54157],[-113.57385,53.54137],[-113.57376,53.54131],[-113.57266,53.54131],[-113.57255,53.54126],[-113.57255,53.54115],[-113.57255,53.54103],[-113.57038,53.54019],[-113.56957,53.54005],[-113.56891,53.54023],[-113.56826,53.54005],[-113.56751,53.54005],[-113.56739,53.53989],[-113.56713,53.53979],[-113.56688,53.53974],[-113.56567,53.53974],[-113.56566,53.53947],[-113.56424,53.53916],[-113.56204,53.53945],[-113.56136,53.5397],[-113.56066,53.54006],[-113.56043,53.54015],[-113.56019,53.54018],[-113.55997,53.54018],[-113.5597,53.54014],[-113.55667,53.53927],[-113.55632,53.5392],[-113.55598,53.53919],[-113.55556,53.53925],[-113.55517,53.53941],[-113.55518,53.53901],[-113.55502,53.53894],[-113.55502,53.53806],[-113.55502,53.5373],[-113.55403,53.53667],[-113.55505,53.53607],[-113.55581,53.53544],[-113.55658,53.53461],[-113.55703,53.53388],[-113.5574,53.53287],[-113.55762,53.53187],[-113.55759,53.53059],[-113.55736,53.52983],[-113.557,53.52915],[-113.55594,53.52774],[-113.55473,53.52657],[-113.55336,53.52558],[-113.55211,53.52491],[-113.55032,53.52421],[-113.54854,53.52351],[-113.54707,53.52289],[-113.5455,53.52206],[-113.5441,53.52103],[-113.54341,53.52037],[-113.54243,53.51891],[-113.54217,53.51827],[-113.54196,53.51742],[-113.5418,53.51653],[-113.54172,53.51524],[-113.5419,53.51411],[-113.54218,53.51317],[-113.5426,53.51228],[-113.54282,53.51203],[-113.54464,53.51201]]]]}},{"type":"Feature","properties":{"name":"QUEEN MARY PARK"},"geometry":{"type":"MultiPolygon","coordinates":[[[[-113.50842,53.54826],[-113.51395,53.54826],[-113.51395,53.54778],[-113.51597,53.54778],[-113.52112,53.54778],[-113.52149,53.54778],[-113.52663,53.54778],[-113.52663,53.54775],[-113.52722,53.54775],[-113.52744,53.5478],[-113.52825,53.54797],[-113.52868,53.54807],[-113.52912,53.54824],[-113.52958,53.54849],[-113.52995,53.54876],[-113.53012,53.54891],[-113.53026,53.54894],[-113.53035,53.54903],[-113.53062,53.54939],[-113.53091,53.5499],[-113.53092,53.55086],[-113.53092,53.55096],[-113.53092,53.55107],[-113.53091,53.55287],[-113.53088,53.55294],[-113.53089,53.55398],[-113.53089,53.55575],[-113.5309,53.55889],[-113.5293,53.55888],[-113.52685,53.55888],[-113.5213,53.55889],[-113.5158,53.55888],[-113.51215,53.55889],[-113.51024,53.55889],[-113.50843,53.55889],[-113.50844,53.55672],[-113.50842,53.55459],[-113.50842,53.553],[-113.50842,53.5514],[-113.50844,53.54982],[-113.50842,53.54826]]]]}},{"type":"Feature","properties":{"name":"MACEWAN"},"geometry":{"type":"MultiPolygon","coordinates":[[[[-113.51928,53.43207],[-113.51924,53.43204],[-113.5192,53.43202],[-113.51913,53.43196],[-113.51906,53.43191],[-113.51899,53.43185],[-113.51892,53.4318],[-113.51885,53.43174],[-113.51878,53.43168],[-113.51872,53.43163],[-113.51867,53.43159],[-113.51861,53.43154],[-113.51856,53.43149],[-113.51851,53.43144],[-113.51845,53.43139],[-113.51837,53.43131],[-113.51829,53.43123],[-113.51821,53.43114],[-113.51813,53.43106],[-113.51805,53.43098],[-113.51798,53.43089],[-113.5179,53.4308],[-113.51782,53.4307],[-113.51774,53.43061],[-113.51767,53.43051],[-113.5176,53.43042],[-113.51754,53.43032],[-113.51751,53.43028],[-113.51749,53.43025],[-113.51747,53.43021],[-113.51744,53.43018],[-113.51742,53.43014],[-113.5174,53.43011],[-113.51735,53.43002],[-113.51729,53.42993],[-113.51724,53.42984],[-113.5172,53.42975],[-113.51715,53.42966],[-113.51711,53.42956],[-113.51653,53.42956],[-113.51637,53.42943],[-113.5166,53.42943],[-113.51655,53.4292],[-113.51656,53.4248],[-113.52865,53.42483],[-113.53477,53.42486],[-113.54002,53.4249],[-113.53977,53.42504],[-113.53812,53.42605],[-113.53727,53.42903],[-113.53721,53.43139],[-113.53694,53.43159],[-113.53666,53.43178],[-113.53641,53.43196],[-113.53508,53.43225],[-113.53346,53.43237],[-113.52907,53.43269],[-113.52629,53.43265],[-113.52356,53.43207],[-113.5226,53.43207],[-113.52042,53.43207],[-113.51928,53.43207]]]]}},{"type":"Feature","properties":{"name":"CENTRAL MCDOUGALL"},"geometry":{"type":"MultiPolygon","coordinates":[[[[-113.50291,53.54777],[-113.50475,53.54777],[-113.5059,53.54777],[-113.50614,53.54777],[-113.50621,53.54778],[-113.50629,53.54779],[-113.50637,53.5478],[-113.50644,53.54782],[-113.50651,53.54786],[-113.50717,53.54818],[-113.5072,53.54819],[-113.50723,53.5482],[-113.5073,53.54823],[-113.50737,53.54824],[-113.50744,53.54825],[-113.50751,53.54826],[-113.50755,53.54826],[-113.50842,53.54826],[-113.50844,53.54982],[-113.50842,53.5514],[-113.50842,53.553],[-113.50842,53.55459],[-113.50844,53.55672],[-113.50843,53.55889],[-113.50659,53.5589],[-113.50391,53.5589],[-113.50299,53.5589],[-113.50106,53.5589],[-113.49555,53.55889],[-113.49371,53.55889],[-113.49371,53.55784],[-113.49371,53.55708],[-113.49371,53.55601],[-113.49372,53.55458],[-113.49371,53.55306],[-113.49372,53.55141],[-113.49371,53.55089],[-113.49372,53.54981],[-113.49372,53.54868],[-113.49372,53.54777],[-113.49554,53.54776],[-113.49739,53.54777],[-113.49924,53.54776],[-113.5011,53.54777],[-113.50291,53.54777]]]]}},{"type":"Feature","properties":{"name":"THE ORCHARDS AT ELLERSLIE"},"geometry":{"type":"MultiPolygon","coordinates":[[[[-113.4735,53.39576],[-113.47363,53.39576],[-113.47364,53.39594],[-113.47364,53.39964],[-113.47364,53.40118],[-113.47365,53.40538],[-113.47458,53.40538],[-113.47458,53.40547],[-113.47498,53.40547],[-113.47957,53.40547],[-113.47957,53.40818],[-113.47957,53.41025],[-113.47655,53.41034],[-113.47434,53.41036],[-113.46714,53.41037],[-113.45498,53.41039],[-113.44282,53.41042],[-113.44268,53.41042],[-113.44268,53.40545],[-113.44269,53.40319],[-113.44271,53.40169],[-113.44273,53.39586],[-113.44273,53.39578],[-113.45279,53.39578],[-113.46713,53.39577],[-113.46743,53.39577],[-113.4735,53.39576]]]]}},{"type":"Feature","properties":{"name":"OLIVER"},"geometry":{"type":"MultiPolygon","coordinates":[[[[-113.50984,53.54032],[-113.5098,53.54026],[-113.50978,53.54021],[-113.50976,53.54017],[-113.50974,53.5401],[-113.50972,53.54005],[-113.50971,53.54003],[-113.50969,53.53998],[-113.50967,53.53994],[-113.50965,53.53987],[-113.50963,53.53981],[-113.50961,53.53976],[-113.50959,53.53971],[-113.50957,53.53964],[-113.50956,53.53961],[-113.50955,53.53956],[-113.50953,53.5395],[-113.50952,53.53944],[-113.50951,53.53939],[-113.50949,53.53932],[-113.50947,53.53925],[-113.50946,53.53919],[-113.50945,53.53914],[-113.50944,53.53909],[-113.50935,53.53909],[-113.50935,53.53883],[-113.50935,53.53775],[-113.5093,53.53772],[-113.5093,53.53737],[-113.50935,53.53725],[-113.50935,53.53714],[-113.50935,53.53577],[-113.50935,53.53555],[-113.50935,53.53491],[-113.50932,53.53486],[-113.50932,53.53447],[-113.5094,53.53421],[-113.50945,53.53418],[-113.5095,53.53407],[-113.51027,53.53407],[-113.51211,53.53407],[-113.51211,53.53446],[-113.51304,53.53446],[-113.51304,53.53501],[-113.51396,53.53501],[-113.51396,53.53566],[-113.51484,53.53566],[-113.51484,53.53578],[-113.51488,53.53578],[-113.51488,53.53619],[-113.51493,53.53619],[-113.51579,53.53618],[-113.51579,53.5366],[-113.51597,53.5366],[-113.51666,53.5366],[-113.51666,53.53647],[-113.51675,53.53647],[-113.51691,53.53647],[-113.51744,53.53664],[-113.51781,53.53664],[-113.51781,53.53715],[-113.51781,53.53726],[-113.5185,53.53737],[-113.51857,53.53737],[-113.51857,53.5373],[-113.51889,53.53736],[-113.51889,53.53737],[-113.51928,53.53737],[-113.51965,53.53737],[-113.51965,53.53751],[-113.52007,53.53751],[-113.52034,53.5376],[-113.52043,53.53763],[-113.52043,53.53778],[-113.52131,53.53778],[-113.52129,53.53885],[-113.52222,53.53885],[-113.52314,53.53918],[-113.52478,53.53932],[-113.52498,53.53937],[-113.52681,53.53974],[-113.52846,53.54007],[-113.53073,53.54039],[-113.53088,53.54033],[-113.53106,53.54036],[-113.53187,53.54047],[-113.53187,53.54044],[-113.53284,53.54056],[-113.53396,53.54071],[-113.53426,53.54075],[-113.5346,53.5408],[-113.53478,53.54083],[-113.535,53.54088],[-113.53504,53.54088],[-113.53512,53.5409],[-113.53516,53.54091],[-113.53525,53.54093],[-113.53529,53.54094],[-113.53537,53.54095],[-113.53541,53.54096],[-113.53549,53.54098],[-113.53553,53.54099],[-113.53561,53.54101],[-113.53565,53.54102],[-113.53574,53.54104],[-113.53595,53.5411],[-113.53599,53.54112],[-113.53599,53.5413],[-113.53598,53.54145],[-113.53588,53.54142],[-113.5359,53.54302],[-113.5359,53.54461],[-113.53589,53.54689],[-113.53412,53.54666],[-113.5324,53.54646],[-113.53083,53.54626],[-113.53084,53.54779],[-113.53084,53.5481],[-113.53091,53.54817],[-113.53092,53.54938],[-113.53091,53.5499],[-113.53062,53.54939],[-113.53035,53.54903],[-113.53026,53.54894],[-113.53012,53.54891],[-113.52995,53.54876],[-113.52958,53.54849],[-113.52912,53.54824],[-113.52868,53.54807],[-113.52825,53.54797],[-113.52744,53.5478],[-113.52722,53.54775],[-113.52663,53.54775],[-113.52663,53.54778],[-113.52149,53.54778],[-113.52112,53.54778],[-113.51371,53.54778],[-113.5137,53.54641],[-113.51287,53.54641],[-113.51231,53.54637],[-113.51192,53.54637],[-113.5121,53.54623],[-113.51209,53.54461],[-113.5121,53.54301],[-113.5121,53.54094],[-113.51026,53.54094],[-113.50984,53.54094],[-113.50984,53.5408],[-113.50984,53.54038],[-113.50984,53.54038],[-113.50984,53.54032]]]]}},{"type":"Feature","properties":{"name":"HAGMANN ESTATE INDUSTRIAL"},"geometry":{"type":"MultiPolygon","coordinates":[[[[-113.53714,53.58348],[-113.53708,53.58348],[-113.53703,53.58348],[-113.53697,53.58348],[-113.53692,53.58347],[-113.53686,53.58347],[-113.53681,53.58347],[-113.53669,53.58347],[-113.53657,53.58346],[-113.53646,53.58345],[-113.53634,53.58344],[-113.53623,53.58343],[-113.53612,53.58341],[-113.53609,53.58341],[-113.53604,53.5834],[-113.53599,53.58339],[-113.53594,53.58338],[-113.53591,53.58338],[-113.53589,53.58337],[-113.53584,53.58337],[-113.53578,53.58336],[-113.53574,53.58335],[-113.53573,53.58334],[-113.53495,53.58317],[-113.53388,53.58294],[-113.53381,53.58292],[-113.53373,53.5829],[-113.53365,53.58288],[-113.53358,53.58286],[-113.5335,53.58284],[-113.53343,53.58282],[-113.53325,53.58276],[-113.53306,53.5827],[-113.53289,53.58262],[-113.53272,53.58255],[-113.53256,53.58247],[-113.53241,53.58238],[-113.53232,53.58232],[-113.53223,53.58227],[-113.53215,53.58221],[-113.53206,53.58215],[-113.53199,53.58209],[-113.53191,53.58203],[-113.53187,53.58199],[-113.53185,53.58197],[-113.53182,53.58194],[-113.53177,53.5819],[-113.53173,53.58185],[-113.53168,53.5818],[-113.53164,53.58175],[-113.5316,53.5817],[-113.53156,53.58165],[-113.53152,53.5816],[-113.53149,53.58155],[-113.53146,53.5815],[-113.53142,53.58145],[-113.5314,53.5814],[-113.53137,53.58134],[-113.53135,53.58131],[-113.53134,53.58128],[-113.53132,53.58125],[-113.53131,53.58122],[-113.5313,53.58119],[-113.53129,53.58116],[-113.53128,53.58112],[-113.53127,53.58109],[-113.53121,53.58096],[-113.5327,53.58064],[-113.53417,53.58064],[-113.53596,53.58063],[-113.53773,53.58062],[-113.54125,53.5806],[-113.54288,53.58069],[-113.54777,53.58101],[-113.55572,53.58104],[-113.55691,53.58105],[-113.55829,53.5828],[-113.55894,53.58375],[-113.55879,53.58375],[-113.5535,53.58375],[-113.54219,53.58375],[-113.54133,53.58375],[-113.54117,53.58375],[-113.54117,53.58348],[-113.54103,53.58348],[-113.53714,53.58348]]]]}},{"type":"Feature","properties":{"name":"TERRACE HEIGHTS"},"geometry":{"type":"MultiPolygon","coordinates":[[[[-113.4309,53.54119],[-113.43091,53.54146],[-113.43091,53.5423],[-113.4301,53.5423],[-113.43005,53.5423],[-113.43005,53.54233],[-113.42935,53.54232],[-113.42935,53.54118],[-113.42795,53.54119],[-113.42342,53.54118],[-113.42107,53.54118],[-113.42321,53.54072],[-113.42631,53.53984],[-113.42662,53.53973],[-113.4269,53.5396],[-113.43012,53.53815],[-113.43144,53.53778],[-113.43322,53.53755],[-113.43686,53.53751],[-113.43781,53.53751],[-113.44294,53.53753],[-113.4432,53.53769],[-113.44326,53.53786],[-113.4433,53.54122],[-113.44331,53.54154],[-113.44332,53.54312],[-113.44334,53.54495],[-113.44329,53.54538],[-113.44313,53.54568],[-113.44296,53.5459],[-113.44274,53.54608],[-113.44252,53.54624],[-113.44199,53.54662],[-113.44112,53.54664],[-113.44061,53.54665],[-113.44046,53.54631],[-113.44052,53.54621],[-113.44041,53.54615],[-113.44026,53.54597],[-113.44006,53.54583],[-113.43994,53.54577],[-113.43978,53.54583],[-113.43912,53.54568],[-113.43795,53.54516],[-113.43727,53.5452],[-113.43619,53.54508],[-113.43619,53.54481],[-113.43619,53.54472],[-113.43547,53.54422],[-113.43523,53.54413],[-113.43451,53.54391],[-113.43451,53.54305],[-113.43225,53.54305],[-113.43225,53.54266],[-113.43229,53.54251],[-113.43229,53.54119],[-113.4309,53.54119]]]]}},{"type":"Feature","properties":{"name":"LAMBTON INDUSTRIAL"},"geometry":{"type":"MultiPolygon","coordinates":[[[[-113.4008,53.52659],[-113.40624,53.52388],[-113.40854,53.52273],[-113.40998,53.52157],[-113.41026,53.52133],[-113.41131,53.52081],[-113.41133,53.52068],[-113.41683,53.51793],[-113.41745,53.5178],[-113.4183,53.51779],[-113.41855,53.51803],[-113.41859,53.51969],[-113.41859,53.52139],[-113.41858,53.52288],[-113.41862,53.52477],[-113.41866,53.52675],[-113.41497,53.52673],[-113.41103,53.52673],[-113.40057,53.52669],[-113.4008,53.52659]]]]}},{"type":"Feature","properties":{"name":"CRAWFORD PLAINS"},"geometry":{"type":"MultiPolygon","coordinates":[[[[-113.4156,53.43815],[-113.4156,53.43911],[-113.41794,53.43912],[-113.41794,53.4393],[-113.41801,53.4393],[-113.41801,53.43946],[-113.4182,53.43946],[-113.4185,53.43978],[-113.41849,53.44129],[-113.41864,53.44244],[-113.41924,53.44493],[-113.41939,53.44583],[-113.41813,53.44594],[-113.41758,53.44597],[-113.41699,53.44595],[-113.41637,53.4459],[-113.41568,53.4458],[-113.41506,53.44564],[-113.41335,53.44501],[-113.40956,53.44359],[-113.40799,53.44299],[-113.40737,53.44283],[-113.40676,53.44276],[-113.40608,53.44275],[-113.40545,53.44283],[-113.40491,53.44296],[-113.40445,53.44313],[-113.40399,53.44341],[-113.40272,53.44437],[-113.40229,53.44484],[-113.40077,53.44445],[-113.39911,53.44402],[-113.39837,53.44388],[-113.39777,53.4438],[-113.39713,53.44374],[-113.39662,53.44372],[-113.39386,53.44371],[-113.39389,53.43975],[-113.39357,53.43939],[-113.39372,53.43939],[-113.39505,53.4394],[-113.39545,53.43893],[-113.39693,53.43812],[-113.3988,53.43771],[-113.40495,53.43773],[-113.40587,53.43773],[-113.40882,53.43773],[-113.40934,53.43774],[-113.41353,53.43775],[-113.4156,53.43815]]]]}},{"type":"Feature","properties":{"name":"THE UPLANDS"},"geometry":{"type":"MultiPolygon","coordinates":[[[[-113.68869,53.4569],[-113.68866,53.4569],[-113.68864,53.4569],[-113.68861,53.4569],[-113.68858,53.4569],[-113.68855,53.45691],[-113.68852,53.45691],[-113.68849,53.45691],[-113.68847,53.45692],[-113.68844,53.45692],[-113.68842,53.45693],[-113.68839,53.45694],[-113.68837,53.45694],[-113.68834,53.45695],[-113.68831,53.45695],[-113.68829,53.45696],[-113.68826,53.45696],[-113.68823,53.45696],[-113.6882,53.45696],[-113.68817,53.45696],[-113.68814,53.45696],[-113.68812,53.45696],[-113.68809,53.45695],[-113.68806,53.45694],[-113.68804,53.45693],[-113.68803,53.45693],[-113.68801,53.45693],[-113.688,53.45692],[-113.68799,53.45692],[-113.68797,53.45691],[-113.68796,53.4569],[-113.68791,53.45688],[-113.68789,53.45687],[-113.68786,53.45686],[-113.68783,53.45686],[-113.6878,53.45685],[-113.68777,53.45685],[-113.68774,53.45684],[-113.68771,53.45684],[-113.68768,53.45684],[-113.68765,53.45685],[-113.68763,53.45685],[-113.6876,53.45686],[-113.68757,53.45686],[-113.68754,53.45687],[-113.68751,53.45688],[-113.68749,53.45689],[-113.68748,53.45689],[-113.68745,53.4569],[-113.68743,53.4569],[-113.68741,53.4569],[-113.68739,53.4569],[-113.68737,53.45691],[-113.68735,53.4569],[-113.68732,53.4569],[-113.6873,53.4569],[-113.68728,53.45689],[-113.68726,53.45689],[-113.68702,53.45681],[-113.68701,53.45681],[-113.68699,53.4568],[-113.68697,53.4568],[-113.68696,53.4568],[-113.68694,53.4568],[-113.68692,53.4568],[-113.6869,53.4568],[-113.68688,53.4568],[-113.68687,53.4568],[-113.68685,53.45681],[-113.68683,53.45681],[-113.68679,53.45683],[-113.68675,53.45685],[-113.6867,53.45686],[-113.68666,53.45688],[-113.68661,53.45689],[-113.68656,53.4569],[-113.68655,53.4569],[-113.68655,53.4569],[-113.68654,53.45691],[-113.68653,53.45691],[-113.68652,53.45691],[-113.68651,53.45691],[-113.68651,53.45691],[-113.6865,53.4569],[-113.68649,53.4569],[-113.68648,53.4569],[-113.68648,53.4569],[-113.68647,53.4569],[-113.68646,53.45689],[-113.68646,53.45689],[-113.68645,53.45689],[-113.68645,53.45688],[-113.68644,53.45688],[-113.68644,53.45687],[-113.68644,53.45687],[-113.68644,53.45687],[-113.6864,53.45681],[-113.68639,53.4568],[-113.68639,53.45679],[-113.68638,53.45678],[-113.68637,53.45678],[-113.68636,53.45677],[-113.68635,53.45676],[-113.68633,53.45676],[-113.68632,53.45675],[-113.68631,53.45675],[-113.68629,53.45675],[-113.68622,53.45674],[-113.68618,53.45673],[-113.68615,53.45673],[-113.68612,53.45672],[-113.68609,53.45671],[-113.68606,53.4567],[-113.68603,53.45669],[-113.686,53.45668],[-113.68598,53.45667],[-113.68596,53.45665],[-113.68593,53.45664],[-113.68592,53.45663],[-113.68592,53.45662],[-113.68591,53.45661],[-113.6859,53.4566],[-113.68589,53.45659],[-113.68588,53.45658],[-113.68587,53.45657],[-113.68585,53.45655],[-113.68583,53.45653],[-113.68581,53.45652],[-113.68579,53.4565],[-113.68576,53.45649],[-113.68574,53.45648],[-113.68572,53.45647],[-113.6857,53.45645],[-113.68568,53.45644],[-113.68567,53.45642],[-113.68565,53.4564],[-113.68564,53.45639],[-113.68563,53.45638],[-113.68562,53.45638],[-113.68561,53.45637],[-113.6856,53.45636],[-113.6856,53.45636],[-113.6856,53.45636],[-113.68559,53.45636],[-113.68559,53.45635],[-113.68559,53.45635],[-113.68558,53.45635],[-113.68558,53.45635],[-113.68557,53.45635],[-113.68557,53.45635],[-113.68556,53.45635],[-113.68556,53.45635],[-113.68555,53.45635],[-113.68555,53.45635],[-113.68555,53.45635],[-113.68554,53.45635],[-113.68554,53.45635],[-113.68553,53.45635],[-113.68553,53.45635],[-113.68552,53.45635],[-113.68551,53.45636],[-113.6855,53.45637],[-113.68549,53.45637],[-113.68548,53.45638],[-113.68547,53.45639],[-113.68547,53.4564],[-113.68546,53.45641],[-113.68546,53.45642],[-113.68546,53.45642],[-113.68546,53.45643],[-113.68546,53.45644],[-113.68546,53.45645],[-113.68546,53.45647],[-113.68547,53.45651],[-113.68547,53.45652],[-113.68547,53.45654],[-113.68547,53.45656],[-113.68547,53.45657],[-113.68546,53.45659],[-113.68545,53.45661],[-113.68544,53.45664],[-113.68543,53.45667],[-113.68542,53.45669],[-113.68542,53.45672],[-113.68541,53.45675],[-113.68539,53.45681],[-113.68538,53.45683],[-113.68538,53.45684],[-113.68536,53.45686],[-113.68535,53.45688],[-113.68533,53.45689],[-113.68531,53.4569],[-113.68529,53.45692],[-113.68527,53.45693],[-113.68525,53.45694],[-113.68522,53.45695],[-113.6852,53.45696],[-113.68512,53.45697],[-113.6851,53.45698],[-113.68508,53.45698],[-113.68506,53.45699],[-113.68504,53.457],[-113.68503,53.45701],[-113.68501,53.45701],[-113.685,53.45702],[-113.68499,53.45704],[-113.68494,53.45708],[-113.68493,53.45709],[-113.68491,53.4571],[-113.6849,53.45711],[-113.68488,53.45712],[-113.68485,53.45713],[-113.68483,53.45714],[-113.68481,53.45714],[-113.68479,53.45715],[-113.68478,53.45715],[-113.68475,53.45716],[-113.68473,53.45716],[-113.6847,53.45717],[-113.68468,53.45718],[-113.68466,53.45718],[-113.68463,53.45719],[-113.68455,53.45722],[-113.68452,53.45723],[-113.6845,53.45723],[-113.68447,53.45724],[-113.68445,53.45724],[-113.68442,53.45725],[-113.68439,53.45725],[-113.68438,53.45726],[-113.68436,53.45726],[-113.68433,53.45727],[-113.68432,53.45727],[-113.6843,53.45728],[-113.68428,53.45728],[-113.68427,53.45729],[-113.68425,53.4573],[-113.68424,53.45731],[-113.68423,53.45732],[-113.68418,53.45736],[-113.68417,53.45737],[-113.68416,53.45738],[-113.68416,53.45738],[-113.68415,53.45739],[-113.68414,53.45739],[-113.68413,53.4574],[-113.68412,53.4574],[-113.68411,53.45741],[-113.68409,53.45741],[-113.68408,53.45741],[-113.68407,53.45741],[-113.68406,53.45741],[-113.68404,53.45741],[-113.684,53.45741],[-113.68397,53.45741],[-113.68395,53.45741],[-113.6839,53.45741],[-113.68386,53.45741],[-113.68381,53.45741],[-113.68377,53.45742],[-113.68373,53.45743],[-113.68368,53.45744],[-113.68365,53.45745],[-113.68361,53.45747],[-113.68356,53.45749],[-113.68351,53.45752],[-113.68346,53.45755],[-113.68342,53.45758],[-113.68338,53.45761],[-113.68334,53.45764],[-113.68329,53.45771],[-113.68328,53.45772],[-113.68327,53.45773],[-113.68325,53.45775],[-113.68324,53.45776],[-113.68322,53.45777],[-113.6832,53.45778],[-113.68317,53.45778],[-113.68315,53.45779],[-113.6831,53.45781],[-113.68309,53.45781],[-113.68308,53.45781],[-113.68307,53.45782],[-113.68306,53.45782],[-113.68305,53.45783],[-113.68304,53.45784],[-113.68304,53.45784],[-113.68303,53.45785],[-113.68302,53.45785],[-113.68302,53.45786],[-113.68302,53.45787],[-113.68301,53.45788],[-113.683,53.45795],[-113.683,53.45796],[-113.683,53.45796],[-113.68299,53.45797],[-113.68299,53.45797],[-113.68298,53.45798],[-113.68298,53.45798],[-113.68297,53.45799],[-113.68297,53.45799],[-113.68296,53.458],[-113.68295,53.458],[-113.68294,53.458],[-113.68293,53.45801],[-113.68292,53.45801],[-113.68291,53.45801],[-113.6829,53.45801],[-113.68283,53.45802],[-113.68276,53.45802],[-113.68269,53.45802],[-113.68263,53.45801],[-113.68256,53.458],[-113.68249,53.45799],[-113.68246,53.45798],[-113.68242,53.45798],[-113.68238,53.45797],[-113.68235,53.45797],[-113.68231,53.45796],[-113.68228,53.45796],[-113.68223,53.45795],[-113.68219,53.45795],[-113.68214,53.45795],[-113.6821,53.45795],[-113.68205,53.45796],[-113.68201,53.45797],[-113.68199,53.45797],[-113.68196,53.45798],[-113.68194,53.45798],[-113.68192,53.45798],[-113.68189,53.45798],[-113.68187,53.45799],[-113.68186,53.45799],[-113.68185,53.45799],[-113.68184,53.45798],[-113.68183,53.45798],[-113.68182,53.45798],[-113.68181,53.45798],[-113.6818,53.45798],[-113.68179,53.45797],[-113.68179,53.45797],[-113.68178,53.45796],[-113.68177,53.45796],[-113.68177,53.45795],[-113.68176,53.45794],[-113.68174,53.45792],[-113.68173,53.45791],[-113.68172,53.45789],[-113.68171,53.45788],[-113.6817,53.45784],[-113.68169,53.45783],[-113.68168,53.45781],[-113.68167,53.4578],[-113.68166,53.45778],[-113.68165,53.45777],[-113.68164,53.45776],[-113.68164,53.45776],[-113.68163,53.45775],[-113.68162,53.45775],[-113.68161,53.45775],[-113.6816,53.45774],[-113.68159,53.45774],[-113.68158,53.45774],[-113.68157,53.45773],[-113.68156,53.45773],[-113.68155,53.45773],[-113.68154,53.45773],[-113.68153,53.45773],[-113.68151,53.45773],[-113.68149,53.45773],[-113.68146,53.45773],[-113.68145,53.45774],[-113.6814,53.45774],[-113.68137,53.45774],[-113.68133,53.45775],[-113.6813,53.45775],[-113.68127,53.45775],[-113.68123,53.45775],[-113.68113,53.45775],[-113.68108,53.45775],[-113.68105,53.45775],[-113.68101,53.45775],[-113.68098,53.45774],[-113.68095,53.45774],[-113.68092,53.45773],[-113.68089,53.45772],[-113.68086,53.45771],[-113.68084,53.4577],[-113.68081,53.45769],[-113.68079,53.45768],[-113.68078,53.45768],[-113.68076,53.45767],[-113.68075,53.45767],[-113.68073,53.45767],[-113.68072,53.45766],[-113.6807,53.45766],[-113.68069,53.45766],[-113.68067,53.45766],[-113.68065,53.45766],[-113.68064,53.45767],[-113.68062,53.45767],[-113.68061,53.45767],[-113.68059,53.45768],[-113.68057,53.45768],[-113.68056,53.45768],[-113.68052,53.45769],[-113.68049,53.4577],[-113.68046,53.4577],[-113.68044,53.4577],[-113.68041,53.4577],[-113.68038,53.4577],[-113.68036,53.4577],[-113.68033,53.4577],[-113.6803,53.45769],[-113.68028,53.45769],[-113.68026,53.45768],[-113.68024,53.45767],[-113.68022,53.45767],[-113.68019,53.45766],[-113.68017,53.45765],[-113.68015,53.45765],[-113.68014,53.45764],[-113.68013,53.45764],[-113.68011,53.45764],[-113.6801,53.45763],[-113.68009,53.45763],[-113.68007,53.45763],[-113.68006,53.45762],[-113.68005,53.45762],[-113.68004,53.45762],[-113.68003,53.45762],[-113.68002,53.45762],[-113.68001,53.45762],[-113.68,53.45762],[-113.67999,53.45763],[-113.67998,53.45763],[-113.67998,53.45763],[-113.67996,53.45764],[-113.67995,53.45764],[-113.67993,53.45765],[-113.67992,53.45765],[-113.67991,53.45766],[-113.67989,53.45766],[-113.67988,53.45767],[-113.67987,53.45768],[-113.67986,53.45768],[-113.67985,53.45769],[-113.67983,53.45769],[-113.67982,53.45769],[-113.6798,53.45769],[-113.67979,53.45769],[-113.67977,53.45769],[-113.67976,53.45769],[-113.67974,53.45769],[-113.67973,53.45769],[-113.67968,53.45768],[-113.67964,53.45768],[-113.67961,53.45767],[-113.6796,53.45767],[-113.67959,53.45767],[-113.67958,53.45767],[-113.67957,53.45767],[-113.67955,53.45767],[-113.67954,53.45767],[-113.67953,53.45768],[-113.67952,53.45768],[-113.67951,53.45768],[-113.67949,53.45769],[-113.67948,53.4577],[-113.67946,53.45771],[-113.67944,53.45772],[-113.67943,53.45773],[-113.67941,53.45775],[-113.67936,53.45779],[-113.67931,53.45783],[-113.67929,53.45785],[-113.67927,53.45788],[-113.67925,53.4579],[-113.67923,53.45792],[-113.67922,53.45795],[-113.6792,53.45797],[-113.67919,53.45799],[-113.67918,53.45801],[-113.67917,53.45802],[-113.67916,53.45804],[-113.67915,53.45806],[-113.67914,53.45808],[-113.67913,53.4581],[-113.67911,53.45813],[-113.6791,53.45815],[-113.67907,53.45818],[-113.67905,53.4582],[-113.67891,53.45831],[-113.67889,53.45833],[-113.67886,53.45836],[-113.67884,53.45838],[-113.67883,53.45841],[-113.67881,53.45844],[-113.6788,53.45846],[-113.6788,53.45848],[-113.67879,53.4585],[-113.67879,53.4585],[-113.67879,53.45851],[-113.6788,53.45852],[-113.6788,53.45852],[-113.6788,53.45853],[-113.67881,53.45853],[-113.67881,53.45854],[-113.67882,53.45854],[-113.67882,53.45855],[-113.67883,53.45855],[-113.67884,53.45856],[-113.67885,53.45856],[-113.67886,53.45856],[-113.67887,53.45857],[-113.6789,53.45858],[-113.67893,53.45858],[-113.67896,53.45859],[-113.67898,53.4586],[-113.67899,53.45861],[-113.67901,53.45861],[-113.67903,53.45862],[-113.67904,53.45863],[-113.67905,53.45864],[-113.67906,53.45865],[-113.67907,53.45866],[-113.67908,53.45867],[-113.67908,53.45868],[-113.67909,53.4587],[-113.67909,53.45871],[-113.67909,53.45872],[-113.67909,53.45873],[-113.67909,53.45874],[-113.67908,53.45875],[-113.67908,53.45876],[-113.67907,53.45877],[-113.67906,53.45878],[-113.67905,53.45879],[-113.67904,53.4588],[-113.67903,53.45881],[-113.67902,53.45882],[-113.67901,53.45882],[-113.679,53.45883],[-113.67899,53.45883],[-113.67896,53.45885],[-113.67895,53.45886],[-113.67892,53.45886],[-113.6789,53.45887],[-113.67888,53.45887],[-113.67886,53.45888],[-113.67883,53.45888],[-113.67881,53.45888],[-113.67879,53.45888],[-113.67876,53.45888],[-113.67874,53.45887],[-113.67872,53.45887],[-113.6787,53.45886],[-113.67869,53.45886],[-113.67867,53.45885],[-113.67865,53.45885],[-113.67854,53.45881],[-113.67854,53.45881],[-113.67853,53.45881],[-113.67853,53.45881],[-113.67853,53.45881],[-113.67852,53.45881],[-113.67852,53.45881],[-113.67852,53.45881],[-113.67851,53.45881],[-113.67851,53.45881],[-113.67851,53.45881],[-113.6785,53.45882],[-113.6785,53.45882],[-113.6785,53.45882],[-113.67849,53.45882],[-113.67849,53.45882],[-113.67849,53.45882],[-113.67849,53.45882],[-113.67849,53.45883],[-113.67848,53.45883],[-113.67848,53.45883],[-113.67848,53.45883],[-113.67848,53.45883],[-113.67848,53.45884],[-113.67846,53.45891],[-113.67846,53.45892],[-113.67845,53.45893],[-113.67845,53.45894],[-113.67844,53.45895],[-113.67843,53.45895],[-113.67842,53.45896],[-113.67841,53.45897],[-113.6784,53.45897],[-113.67839,53.45898],[-113.67838,53.45898],[-113.67837,53.45899],[-113.67835,53.45899],[-113.67834,53.459],[-113.67832,53.459],[-113.67831,53.459],[-113.6783,53.459],[-113.67824,53.459],[-113.67822,53.459],[-113.67821,53.459],[-113.67819,53.45899],[-113.67817,53.45899],[-113.67816,53.45899],[-113.67814,53.45898],[-113.67813,53.45898],[-113.67812,53.45897],[-113.6781,53.45896],[-113.67809,53.45895],[-113.67808,53.45895],[-113.67807,53.45894],[-113.67804,53.4589],[-113.67803,53.45889],[-113.67802,53.45888],[-113.678,53.45887],[-113.67799,53.45886],[-113.67798,53.45885],[-113.67796,53.45884],[-113.67795,53.45884],[-113.67793,53.45883],[-113.67791,53.45883],[-113.67789,53.45882],[-113.67787,53.45882],[-113.67785,53.45881],[-113.67782,53.45881],[-113.6778,53.45881],[-113.67777,53.45881],[-113.67775,53.45881],[-113.67773,53.45881],[-113.6777,53.45881],[-113.67762,53.45883],[-113.6776,53.45883],[-113.67757,53.45883],[-113.67755,53.45883],[-113.67752,53.45883],[-113.6775,53.45884],[-113.67747,53.45884],[-113.67744,53.45884],[-113.67741,53.45884],[-113.67739,53.45884],[-113.67738,53.45885],[-113.67737,53.45885],[-113.67735,53.45886],[-113.67734,53.45886],[-113.67733,53.45887],[-113.67732,53.45887],[-113.67731,53.45888],[-113.67731,53.45889],[-113.67725,53.45897],[-113.67723,53.45898],[-113.67722,53.45899],[-113.6772,53.45901],[-113.67718,53.45902],[-113.67713,53.45905],[-113.67712,53.45906],[-113.67711,53.45906],[-113.6771,53.45907],[-113.67709,53.45908],[-113.67708,53.45908],[-113.67708,53.45909],[-113.67707,53.4591],[-113.67707,53.45911],[-113.67706,53.45912],[-113.67706,53.45912],[-113.67706,53.45913],[-113.67706,53.45914],[-113.67706,53.45917],[-113.67707,53.4592],[-113.67707,53.4592],[-113.67707,53.45921],[-113.67707,53.45921],[-113.67707,53.45922],[-113.67706,53.45923],[-113.67706,53.45923],[-113.67706,53.45924],[-113.67705,53.45924],[-113.67705,53.45925],[-113.67704,53.45925],[-113.67703,53.45925],[-113.67703,53.45926],[-113.67702,53.45926],[-113.67701,53.45926],[-113.677,53.45927],[-113.677,53.45927],[-113.67699,53.45927],[-113.67696,53.45928],[-113.67694,53.45928],[-113.67692,53.45928],[-113.6769,53.45928],[-113.67688,53.45928],[-113.67686,53.45928],[-113.67682,53.45928],[-113.67679,53.45927],[-113.67676,53.45927],[-113.67673,53.45926],[-113.6767,53.45925],[-113.67667,53.45924],[-113.67665,53.45923],[-113.67662,53.45921],[-113.67661,53.4592],[-113.67659,53.4592],[-113.67658,53.45919],[-113.67657,53.45918],[-113.67656,53.45917],[-113.67655,53.45916],[-113.67653,53.45915],[-113.67652,53.45914],[-113.6765,53.45912],[-113.67645,53.45908],[-113.67643,53.45906],[-113.67641,53.45904],[-113.67639,53.45903],[-113.67638,53.45902],[-113.67637,53.45901],[-113.67636,53.459],[-113.67635,53.459],[-113.67634,53.45899],[-113.67633,53.45898],[-113.67632,53.45898],[-113.67631,53.45897],[-113.6763,53.45897],[-113.67628,53.45896],[-113.67627,53.45896],[-113.67626,53.45895],[-113.67624,53.45895],[-113.67622,53.45894],[-113.67621,53.45894],[-113.67619,53.45893],[-113.67617,53.45893],[-113.67615,53.45892],[-113.67613,53.45892],[-113.67611,53.45892],[-113.67608,53.45891],[-113.67601,53.4589],[-113.67599,53.4589],[-113.67597,53.45889],[-113.67595,53.45889],[-113.67593,53.45889],[-113.67591,53.45888],[-113.67591,53.45888],[-113.6759,53.45888],[-113.67589,53.45887],[-113.67588,53.45887],[-113.67587,53.45887],[-113.67587,53.45886],[-113.67586,53.45886],[-113.67585,53.45886],[-113.67585,53.45885],[-113.67584,53.45885],[-113.67583,53.45884],[-113.67582,53.45883],[-113.67581,53.45882],[-113.67578,53.4588],[-113.67577,53.45879],[-113.67576,53.45878],[-113.67575,53.45877],[-113.67574,53.45877],[-113.67574,53.45877],[-113.67573,53.45876],[-113.67572,53.45876],[-113.67572,53.45876],[-113.67571,53.45876],[-113.67571,53.45876],[-113.6757,53.45876],[-113.6757,53.45876],[-113.67569,53.45876],[-113.67568,53.45876],[-113.67567,53.45876],[-113.67566,53.45876],[-113.67566,53.45876],[-113.67565,53.45876],[-113.67564,53.45877],[-113.67562,53.45877],[-113.6756,53.45878],[-113.67558,53.45879],[-113.67554,53.45881],[-113.67552,53.45881],[-113.67551,53.45882],[-113.67549,53.45883],[-113.67547,53.45883],[-113.67546,53.45884],[-113.67545,53.45884],[-113.67544,53.45884],[-113.67543,53.45884],[-113.67542,53.45884],[-113.67541,53.45885],[-113.67539,53.45885],[-113.67538,53.45885],[-113.67536,53.45885],[-113.67534,53.45885],[-113.67533,53.45885],[-113.67527,53.45885],[-113.67525,53.45885],[-113.67523,53.45886],[-113.67522,53.45886],[-113.6752,53.45886],[-113.67519,53.45886],[-113.67514,53.45886],[-113.67512,53.45887],[-113.6751,53.45887],[-113.67508,53.45887],[-113.67507,53.45887],[-113.67506,53.45887],[-113.67504,53.45887],[-113.67503,53.45887],[-113.67502,53.45887],[-113.67501,53.45887],[-113.675,53.45886],[-113.67499,53.45886],[-113.67498,53.45886],[-113.67497,53.45886],[-113.67496,53.45885],[-113.67494,53.45885],[-113.67493,53.45884],[-113.67492,53.45884],[-113.67488,53.45882],[-113.67486,53.45881],[-113.67485,53.45881],[-113.67484,53.4588],[-113.67483,53.4588],[-113.67482,53.4588],[-113.67481,53.4588],[-113.67481,53.4588],[-113.6748,53.4588],[-113.6748,53.4588],[-113.67479,53.4588],[-113.67478,53.4588],[-113.67478,53.4588],[-113.67477,53.4588],[-113.67477,53.4588],[-113.67476,53.45881],[-113.67475,53.45881],[-113.67475,53.45882],[-113.67474,53.45882],[-113.67473,53.45883],[-113.67472,53.45884],[-113.67471,53.45885],[-113.6747,53.45886],[-113.67467,53.45889],[-113.67465,53.45891],[-113.67464,53.45892],[-113.67464,53.45893],[-113.67463,53.45893],[-113.67462,53.45894],[-113.67461,53.45895],[-113.6746,53.45895],[-113.67459,53.45896],[-113.67458,53.45896],[-113.67457,53.45897],[-113.67456,53.45897],[-113.67455,53.45897],[-113.67454,53.45898],[-113.67453,53.45898],[-113.67451,53.45898],[-113.6745,53.45899],[-113.67449,53.45899],[-113.67448,53.45899],[-113.67447,53.45899],[-113.67445,53.45899],[-113.67444,53.45899],[-113.67442,53.45899],[-113.6744,53.45899],[-113.67439,53.45899],[-113.67437,53.45899],[-113.67436,53.45899],[-113.67434,53.45899],[-113.67433,53.45898],[-113.67428,53.45898],[-113.67427,53.45897],[-113.67425,53.45897],[-113.67423,53.45897],[-113.67422,53.45897],[-113.67421,53.45897],[-113.6742,53.45897],[-113.6742,53.45897],[-113.67419,53.45897],[-113.67418,53.45897],[-113.67418,53.45897],[-113.67417,53.45897],[-113.67417,53.45897],[-113.67416,53.45897],[-113.67415,53.45898],[-113.67415,53.45898],[-113.67414,53.45898],[-113.67413,53.45899],[-113.67412,53.45899],[-113.67411,53.459],[-113.67409,53.45901],[-113.67406,53.45903],[-113.67405,53.45904],[-113.67404,53.45905],[-113.67402,53.45906],[-113.67401,53.45906],[-113.674,53.45907],[-113.67399,53.45907],[-113.67397,53.45908],[-113.67396,53.45908],[-113.67395,53.45908],[-113.67394,53.45908],[-113.67393,53.45909],[-113.67391,53.45909],[-113.67389,53.45909],[-113.67385,53.45909],[-113.67384,53.45909],[-113.67383,53.4591],[-113.67382,53.4591],[-113.67381,53.4591],[-113.67381,53.4591],[-113.6738,53.4591],[-113.67379,53.45911],[-113.67379,53.45911],[-113.67378,53.45911],[-113.67378,53.45911],[-113.67378,53.45912],[-113.67377,53.45912],[-113.67377,53.45912],[-113.67377,53.45913],[-113.67377,53.45913],[-113.67377,53.45913],[-113.67377,53.45914],[-113.67377,53.45915],[-113.67377,53.45915],[-113.67377,53.45916],[-113.67377,53.45916],[-113.67378,53.45917],[-113.67378,53.45918],[-113.67379,53.45919],[-113.67379,53.45921],[-113.6738,53.45923],[-113.67381,53.45924],[-113.67382,53.45925],[-113.67383,53.45927],[-113.67387,53.45932],[-113.67388,53.45933],[-113.67389,53.45935],[-113.67389,53.45936],[-113.6739,53.45937],[-113.6739,53.45937],[-113.6739,53.45938],[-113.67391,53.45939],[-113.67391,53.4594],[-113.67391,53.4594],[-113.67391,53.45941],[-113.67391,53.45941],[-113.67391,53.45942],[-113.67391,53.45942],[-113.67391,53.45943],[-113.67391,53.45943],[-113.67391,53.45944],[-113.6739,53.45944],[-113.6739,53.45945],[-113.67389,53.45945],[-113.67389,53.45945],[-113.67388,53.45946],[-113.67388,53.45946],[-113.67387,53.45946],[-113.67387,53.45947],[-113.67386,53.45947],[-113.67383,53.45948],[-113.67382,53.45949],[-113.67381,53.45949],[-113.6738,53.4595],[-113.6738,53.4595],[-113.67379,53.4595],[-113.67379,53.4595],[-113.67379,53.45951],[-113.67379,53.45951],[-113.67378,53.45951],[-113.67378,53.45952],[-113.67378,53.45952],[-113.67378,53.45953],[-113.67378,53.45953],[-113.67378,53.45954],[-113.67378,53.45954],[-113.67379,53.45955],[-113.67379,53.45956],[-113.6738,53.45959],[-113.67381,53.45961],[-113.67381,53.45963],[-113.67383,53.45968],[-113.67384,53.4597],[-113.67384,53.45972],[-113.67386,53.45976],[-113.67386,53.45978],[-113.67387,53.45979],[-113.67387,53.45979],[-113.67387,53.4598],[-113.67387,53.45981],[-113.67387,53.45982],[-113.67387,53.45983],[-113.67387,53.45983],[-113.67387,53.45984],[-113.67387,53.45985],[-113.67387,53.45985],[-113.67387,53.45986],[-113.67387,53.45986],[-113.67386,53.45987],[-113.67386,53.45987],[-113.67386,53.45988],[-113.67385,53.45988],[-113.67385,53.45989],[-113.67384,53.45989],[-113.67384,53.4599],[-113.67383,53.4599],[-113.67382,53.45991],[-113.6738,53.45992],[-113.67379,53.45993],[-113.67375,53.45996],[-113.67373,53.45997],[-113.67372,53.45998],[-113.6737,53.45999],[-113.67368,53.46001],[-113.67366,53.46002],[-113.67364,53.46004],[-113.67359,53.46009],[-113.67358,53.4601],[-113.67356,53.46011],[-113.67355,53.46013],[-113.67353,53.46014],[-113.67351,53.46015],[-113.6735,53.46017],[-113.67348,53.46018],[-113.67346,53.46018],[-113.67345,53.46019],[-113.67345,53.46019],[-113.67343,53.4602],[-113.67341,53.46021],[-113.67339,53.46022],[-113.67337,53.46022],[-113.67331,53.46024],[-113.67329,53.46025],[-113.67327,53.46026],[-113.67326,53.46026],[-113.67324,53.46027],[-113.67322,53.46028],[-113.67321,53.46029],[-113.67319,53.4603],[-113.67317,53.46031],[-113.67316,53.46032],[-113.67311,53.46035],[-113.6731,53.46036],[-113.67308,53.46037],[-113.67307,53.46038],[-113.67305,53.46038],[-113.673,53.46041],[-113.67298,53.46043],[-113.67296,53.46044],[-113.67294,53.46045],[-113.67293,53.46046],[-113.67292,53.46046],[-113.67291,53.46047],[-113.6729,53.46047],[-113.67289,53.46049],[-113.67286,53.46051],[-113.67285,53.46053],[-113.67283,53.46054],[-113.67282,53.46054],[-113.67281,53.46055],[-113.6728,53.46056],[-113.67279,53.46056],[-113.67279,53.46057],[-113.67278,53.46057],[-113.67277,53.46058],[-113.67276,53.46058],[-113.67275,53.46058],[-113.67274,53.46059],[-113.67273,53.46059],[-113.67272,53.4606],[-113.6727,53.4606],[-113.67268,53.46061],[-113.67265,53.46061],[-113.67263,53.46062],[-113.67249,53.46065],[-113.67245,53.46065],[-113.67242,53.46066],[-113.67238,53.46067],[-113.67235,53.46067],[-113.67233,53.46068],[-113.6723,53.46068],[-113.67221,53.46069],[-113.67217,53.4607],[-113.67215,53.4607],[-113.67214,53.4607],[-113.6721,53.46071],[-113.67209,53.46071],[-113.67207,53.46072],[-113.67205,53.46072],[-113.67203,53.46073],[-113.67198,53.46074],[-113.6719,53.46076],[-113.67187,53.46077],[-113.67185,53.46077],[-113.67184,53.46077],[-113.67182,53.46078],[-113.67181,53.46078],[-113.6718,53.46078],[-113.67179,53.46078],[-113.67177,53.46078],[-113.67176,53.46078],[-113.67175,53.46078],[-113.67174,53.46079],[-113.67173,53.46079],[-113.67171,53.46079],[-113.6717,53.46079],[-113.67169,53.46079],[-113.67167,53.46078],[-113.67164,53.46078],[-113.67158,53.46078],[-113.67156,53.46078],[-113.67155,53.46078],[-113.67153,53.46077],[-113.67152,53.46078],[-113.67151,53.46078],[-113.67151,53.46078],[-113.6715,53.46078],[-113.6715,53.46078],[-113.67149,53.46078],[-113.67149,53.46078],[-113.67149,53.46078],[-113.67149,53.46078],[-113.67148,53.46079],[-113.67148,53.46079],[-113.67148,53.46079],[-113.67148,53.46079],[-113.67148,53.4608],[-113.67148,53.4608],[-113.67148,53.46081],[-113.67148,53.46081],[-113.67148,53.46082],[-113.67149,53.46082],[-113.67149,53.46083],[-113.6715,53.46084],[-113.6715,53.46085],[-113.67151,53.46087],[-113.67152,53.46088],[-113.67155,53.46091],[-113.67663,53.46091],[-113.67663,53.46191],[-113.66993,53.46191],[-113.66989,53.46191],[-113.66986,53.46192],[-113.66982,53.46192],[-113.66978,53.46193],[-113.66975,53.46194],[-113.66971,53.46195],[-113.6697,53.46196],[-113.66969,53.46197],[-113.66967,53.46197],[-113.66966,53.46198],[-113.66965,53.46199],[-113.66964,53.462],[-113.66961,53.46202],[-113.66959,53.46204],[-113.66956,53.46205],[-113.66953,53.46207],[-113.6695,53.46208],[-113.66947,53.4621],[-113.66944,53.46211],[-113.66941,53.46212],[-113.66939,53.46213],[-113.66936,53.46215],[-113.66933,53.46217],[-113.6693,53.46218],[-113.66927,53.4622],[-113.66925,53.46222],[-113.66922,53.46224],[-113.66914,53.46229],[-113.66906,53.46234],[-113.66903,53.46236],[-113.669,53.46237],[-113.66898,53.46239],[-113.66895,53.46241],[-113.66894,53.46243],[-113.66892,53.46245],[-113.66891,53.46247],[-113.6689,53.46248],[-113.66889,53.4625],[-113.66889,53.46251],[-113.66889,53.46253],[-113.66889,53.46254],[-113.6689,53.46256],[-113.6689,53.46257],[-113.66891,53.46259],[-113.66892,53.4626],[-113.66893,53.46262],[-113.66894,53.46263],[-113.66905,53.4627],[-113.66908,53.46273],[-113.66912,53.46276],[-113.66915,53.46279],[-113.66917,53.46282],[-113.6692,53.46286],[-113.66922,53.46289],[-113.66922,53.4629],[-113.66922,53.4629],[-113.66922,53.46291],[-113.66923,53.46292],[-113.66922,53.46293],[-113.66922,53.46293],[-113.66922,53.46294],[-113.66922,53.46295],[-113.66921,53.46295],[-113.66921,53.46296],[-113.6692,53.46297],[-113.66919,53.46297],[-113.66919,53.46298],[-113.6691,53.46303],[-113.66909,53.46304],[-113.66908,53.46305],[-113.66907,53.46306],[-113.66906,53.46306],[-113.66906,53.46307],[-113.66906,53.46308],[-113.66905,53.4631],[-113.66903,53.46316],[-113.66903,53.46316],[-113.66903,53.46317],[-113.66902,53.46318],[-113.66902,53.46319],[-113.66901,53.46319],[-113.669,53.4632],[-113.66899,53.4632],[-113.66899,53.46321],[-113.66897,53.46321],[-113.66896,53.46322],[-113.66895,53.46322],[-113.66894,53.46323],[-113.66883,53.46325],[-113.6688,53.46325],[-113.66878,53.46326],[-113.66875,53.46327],[-113.66872,53.46328],[-113.6687,53.46329],[-113.66867,53.4633],[-113.66866,53.46331],[-113.66864,53.46331],[-113.66862,53.46332],[-113.66859,53.46333],[-113.66857,53.46334],[-113.66855,53.46334],[-113.66852,53.46335],[-113.6685,53.46335],[-113.66847,53.46336],[-113.66844,53.46336],[-113.66842,53.46337],[-113.66839,53.46338],[-113.66836,53.46339],[-113.66834,53.4634],[-113.66832,53.46342],[-113.6683,53.46343],[-113.66828,53.46345],[-113.66826,53.46347],[-113.66824,53.46349],[-113.66822,53.46351],[-113.6682,53.46353],[-113.66813,53.46361],[-113.66808,53.46367],[-113.66807,53.46368],[-113.66806,53.4637],[-113.66805,53.46371],[-113.66805,53.46373],[-113.66805,53.46374],[-113.66805,53.46376],[-113.66806,53.46377],[-113.66806,53.46378],[-113.66808,53.46382],[-113.6681,53.46384],[-113.66811,53.46386],[-113.66811,53.46388],[-113.66812,53.4639],[-113.66813,53.46392],[-113.66813,53.46394],[-113.66814,53.46396],[-113.66814,53.46398],[-113.66815,53.464],[-113.66816,53.46402],[-113.66817,53.46404],[-113.66819,53.46406],[-113.6682,53.46408],[-113.66822,53.46411],[-113.66823,53.46413],[-113.66823,53.46416],[-113.66824,53.46418],[-113.66824,53.4642],[-113.66824,53.46423],[-113.66823,53.46426],[-113.66822,53.46429],[-113.66821,53.46432],[-113.6682,53.46435],[-113.66818,53.46438],[-113.66814,53.46445],[-113.66813,53.46447],[-113.66812,53.46449],[-113.66811,53.46451],[-113.66811,53.46453],[-113.66811,53.46455],[-113.66811,53.46458],[-113.66811,53.46462],[-113.66811,53.46462],[-113.66811,53.46463],[-113.66811,53.46463],[-113.66811,53.46464],[-113.66811,53.46465],[-113.6681,53.46465],[-113.6681,53.46467],[-113.66809,53.46468],[-113.66808,53.4647],[-113.66807,53.46471],[-113.66805,53.46472],[-113.66804,53.46474],[-113.66802,53.46475],[-113.668,53.46477],[-113.66799,53.46478],[-113.66797,53.4648],[-113.66796,53.46481],[-113.66795,53.46483],[-113.66794,53.46484],[-113.66794,53.46485],[-113.66793,53.46485],[-113.66792,53.46486],[-113.66791,53.46487],[-113.6679,53.46487],[-113.66789,53.46488],[-113.66788,53.46488],[-113.66786,53.46489],[-113.66785,53.46489],[-113.66784,53.46489],[-113.66782,53.4649],[-113.66774,53.46491],[-113.66772,53.46491],[-113.6677,53.46492],[-113.66768,53.46492],[-113.66766,53.46493],[-113.66764,53.46494],[-113.66762,53.46494],[-113.6676,53.46495],[-113.66759,53.46496],[-113.66753,53.46501],[-113.66751,53.46503],[-113.66748,53.46504],[-113.66745,53.46506],[-113.66742,53.46507],[-113.66739,53.46508],[-113.66736,53.46509],[-113.66733,53.4651],[-113.6673,53.46511],[-113.66727,53.46512],[-113.66724,53.46514],[-113.66722,53.46515],[-113.66715,53.46518],[-113.66711,53.4652],[-113.66707,53.46522],[-113.66703,53.46523],[-113.66699,53.46524],[-113.66694,53.46526],[-113.66691,53.46526],[-113.66689,53.46527],[-113.66686,53.46528],[-113.66683,53.46529],[-113.66681,53.4653],[-113.66679,53.46531],[-113.66676,53.46533],[-113.66673,53.46535],[-113.66671,53.46537],[-113.66669,53.46539],[-113.66668,53.46541],[-113.66667,53.46544],[-113.66666,53.46544],[-113.66666,53.46545],[-113.66665,53.46546],[-113.66664,53.46547],[-113.66663,53.46548],[-113.66662,53.46548],[-113.66661,53.46549],[-113.66659,53.46549],[-113.66658,53.4655],[-113.66657,53.4655],[-113.66655,53.4655],[-113.66654,53.46551],[-113.6665,53.46551],[-113.66647,53.46552],[-113.66644,53.46553],[-113.66641,53.46554],[-113.66638,53.46554],[-113.66635,53.46555],[-113.6663,53.46557],[-113.66618,53.46561],[-113.66615,53.46563],[-113.66612,53.46564],[-113.66609,53.46566],[-113.66607,53.46567],[-113.66605,53.46569],[-113.66603,53.46571],[-113.66601,53.46573],[-113.66598,53.46576],[-113.66595,53.46579],[-113.66594,53.46581],[-113.66591,53.46583],[-113.66589,53.46586],[-113.66586,53.46588],[-113.66584,53.4659],[-113.66581,53.46593],[-113.66578,53.46595],[-113.66576,53.46596],[-113.66574,53.46598],[-113.66572,53.46599],[-113.6657,53.46601],[-113.66569,53.46603],[-113.66566,53.46605],[-113.66565,53.46606],[-113.66564,53.46607],[-113.66562,53.46608],[-113.66561,53.46609],[-113.66559,53.4661],[-113.66556,53.46611],[-113.66554,53.46612],[-113.66552,53.46613],[-113.66546,53.46615],[-113.66544,53.46616],[-113.66542,53.46617],[-113.6654,53.46618],[-113.66538,53.4662],[-113.66537,53.46621],[-113.66536,53.46622],[-113.66534,53.46625],[-113.66532,53.46628],[-113.6653,53.4663],[-113.66529,53.46633],[-113.66527,53.46636],[-113.66517,53.4665],[-113.66515,53.46652],[-113.66513,53.46654],[-113.66511,53.46657],[-113.66509,53.46659],[-113.66507,53.46661],[-113.66505,53.46664],[-113.66503,53.46666],[-113.66501,53.46668],[-113.66499,53.46671],[-113.66497,53.46674],[-113.66495,53.46676],[-113.66494,53.46679],[-113.66466,53.46693],[-113.66456,53.46698],[-113.6641,53.46773],[-113.66364,53.4678],[-113.66355,53.46781],[-113.66283,53.46793],[-113.66207,53.46809],[-113.6627,53.46842],[-113.66381,53.46859],[-113.66115,53.4686],[-113.65293,53.46861],[-113.65207,53.46861],[-113.65207,53.4694],[-113.65004,53.46809],[-113.63997,53.46542],[-113.63981,53.46536],[-113.63981,53.4609],[-113.63981,53.46046],[-113.63979,53.45829],[-113.6398,53.45407],[-113.66438,53.45403],[-113.66469,53.45403],[-113.66508,53.45404],[-113.66541,53.45407],[-113.66564,53.4541],[-113.66587,53.45414],[-113.666,53.45417],[-113.66629,53.45422],[-113.66649,53.45425],[-113.66671,53.45428],[-113.66703,53.4543],[-113.66746,53.45431],[-113.66775,53.4543],[-113.66897,53.4543],[-113.67854,53.45429],[-113.68138,53.45426],[-113.68287,53.45422],[-113.68644,53.45408],[-113.6889,53.45401],[-113.68915,53.45401],[-113.68915,53.45411],[-113.68908,53.45411],[-113.68907,53.4569],[-113.68869,53.4569]]]]}},{"type":"Feature","properties":{"name":"EDGEMONT"},"geometry":{"type":"MultiPolygon","coordinates":[[[[-113.68869,53.4569],[-113.68907,53.4569],[-113.68907,53.46137],[-113.68908,53.46859],[-113.6891,53.48313],[-113.68893,53.48313],[-113.68371,53.48313],[-113.67946,53.48314],[-113.67665,53.48314],[-113.67665,53.48305],[-113.67665,53.4828],[-113.67664,53.47944],[-113.67448,53.47944],[-113.67448,53.47942],[-113.67432,53.47943],[-113.6743,53.47933],[-113.6743,53.47922],[-113.67431,53.47912],[-113.67434,53.47902],[-113.67439,53.47892],[-113.67445,53.47882],[-113.67461,53.47858],[-113.6747,53.47847],[-113.67478,53.47836],[-113.67484,53.47824],[-113.67488,53.47812],[-113.67491,53.478],[-113.67492,53.47788],[-113.67492,53.47776],[-113.6749,53.47764],[-113.67487,53.47752],[-113.67481,53.47741],[-113.6747,53.47717],[-113.67397,53.4773],[-113.67151,53.47764],[-113.66918,53.478],[-113.66434,53.47884],[-113.66434,53.47804],[-113.66418,53.47804],[-113.6626,53.47826],[-113.66169,53.4775],[-113.65641,53.47202],[-113.65347,53.47011],[-113.6533,53.4702],[-113.65207,53.4694],[-113.65207,53.46861],[-113.65293,53.46861],[-113.66115,53.4686],[-113.66381,53.46859],[-113.6627,53.46842],[-113.66207,53.46809],[-113.66283,53.46793],[-113.66355,53.46781],[-113.66364,53.4678],[-113.6641,53.46773],[-113.66456,53.46698],[-113.66494,53.46679],[-113.66495,53.46676],[-113.66497,53.46674],[-113.66499,53.46671],[-113.66501,53.46668],[-113.66503,53.46666],[-113.66505,53.46664],[-113.66507,53.46661],[-113.66509,53.46659],[-113.66511,53.46657],[-113.66513,53.46654],[-113.66515,53.46652],[-113.66517,53.4665],[-113.66527,53.46636],[-113.66529,53.46633],[-113.6653,53.4663],[-113.66532,53.46628],[-113.66534,53.46625],[-113.66536,53.46622],[-113.66537,53.46621],[-113.66538,53.4662],[-113.6654,53.46618],[-113.66542,53.46617],[-113.66544,53.46616],[-113.66546,53.46615],[-113.66552,53.46613],[-113.66555,53.46612],[-113.66558,53.46611],[-113.6656,53.46609],[-113.66563,53.46608],[-113.66565,53.46606],[-113.66567,53.46604],[-113.66569,53.46603],[-113.6657,53.46601],[-113.66572,53.46599],[-113.66574,53.46598],[-113.66576,53.46596],[-113.66578,53.46595],[-113.66581,53.46593],[-113.66584,53.4659],[-113.66586,53.46588],[-113.66589,53.46586],[-113.66591,53.46583],[-113.66594,53.46581],[-113.66595,53.46579],[-113.66598,53.46576],[-113.66601,53.46573],[-113.66603,53.46571],[-113.66605,53.46569],[-113.66607,53.46567],[-113.66609,53.46566],[-113.66612,53.46564],[-113.66615,53.46563],[-113.66618,53.46561],[-113.6663,53.46557],[-113.66635,53.46555],[-113.66638,53.46554],[-113.66641,53.46554],[-113.66644,53.46553],[-113.66647,53.46552],[-113.6665,53.46551],[-113.66654,53.46551],[-113.66655,53.4655],[-113.66657,53.4655],[-113.66658,53.4655],[-113.66659,53.46549],[-113.66661,53.46549],[-113.66662,53.46548],[-113.66663,53.46548],[-113.66664,53.46547],[-113.66665,53.46546],[-113.66666,53.46545],[-113.66666,53.46544],[-113.66667,53.46544],[-113.66668,53.46541],[-113.66669,53.46539],[-113.66671,53.46537],[-113.66673,53.46535],[-113.66676,53.46533],[-113.66679,53.46531],[-113.66681,53.4653],[-113.66683,53.46529],[-113.66686,53.46528],[-113.66689,53.46527],[-113.66691,53.46526],[-113.66694,53.46526],[-113.66699,53.46524],[-113.66703,53.46523],[-113.66707,53.46522],[-113.66711,53.4652],[-113.66715,53.46518],[-113.66722,53.46515],[-113.66724,53.46514],[-113.66727,53.46512],[-113.6673,53.46511],[-113.66733,53.4651],[-113.66736,53.46509],[-113.66739,53.46508],[-113.66742,53.46507],[-113.66745,53.46506],[-113.66748,53.46504],[-113.66751,53.46503],[-113.66753,53.46501],[-113.66759,53.46496],[-113.6676,53.46495],[-113.66762,53.46494],[-113.66764,53.46494],[-113.66766,53.46493],[-113.66768,53.46492],[-113.6677,53.46492],[-113.66772,53.46491],[-113.66774,53.46491],[-113.66782,53.4649],[-113.66784,53.46489],[-113.66785,53.46489],[-113.66786,53.46489],[-113.66788,53.46488],[-113.66789,53.46488],[-113.6679,53.46487],[-113.66791,53.46487],[-113.66792,53.46486],[-113.66793,53.46485],[-113.66794,53.46485],[-113.66794,53.46484],[-113.66795,53.46483],[-113.66796,53.46481],[-113.66797,53.4648],[-113.66799,53.46478],[-113.668,53.46477],[-113.66802,53.46475],[-113.66804,53.46474],[-113.66806,53.46472],[-113.66807,53.46471],[-113.66808,53.46469],[-113.66809,53.46468],[-113.6681,53.46466],[-113.6681,53.46465],[-113.66811,53.46463],[-113.66811,53.46462],[-113.66811,53.46458],[-113.66811,53.46455],[-113.66811,53.46453],[-113.66811,53.46451],[-113.66812,53.46449],[-113.66813,53.46447],[-113.66814,53.46445],[-113.66818,53.46438],[-113.6682,53.46435],[-113.66821,53.46432],[-113.66822,53.46429],[-113.66823,53.46426],[-113.66824,53.46423],[-113.66824,53.4642],[-113.66824,53.46418],[-113.66823,53.46416],[-113.66823,53.46413],[-113.66822,53.46411],[-113.6682,53.46408],[-113.66819,53.46406],[-113.66817,53.46404],[-113.66816,53.46402],[-113.66815,53.464],[-113.66814,53.46398],[-113.66814,53.46396],[-113.66813,53.46394],[-113.66813,53.46392],[-113.66812,53.4639],[-113.66811,53.46388],[-113.66811,53.46386],[-113.6681,53.46384],[-113.66808,53.46382],[-113.66806,53.46378],[-113.66806,53.46377],[-113.66805,53.46376],[-113.66805,53.46374],[-113.66805,53.46373],[-113.66805,53.46371],[-113.66806,53.4637],[-113.66807,53.46368],[-113.66808,53.46367],[-113.66813,53.46361],[-113.6682,53.46353],[-113.66822,53.46351],[-113.66824,53.46349],[-113.66826,53.46347],[-113.66828,53.46345],[-113.6683,53.46343],[-113.66832,53.46342],[-113.66834,53.4634],[-113.66836,53.46339],[-113.66839,53.46338],[-113.66842,53.46337],[-113.66844,53.46336],[-113.66847,53.46336],[-113.66851,53.46335],[-113.66854,53.46334],[-113.66858,53.46333],[-113.66861,53.46332],[-113.66864,53.46331],[-113.66867,53.4633],[-113.6687,53.46329],[-113.66872,53.46328],[-113.66875,53.46327],[-113.66878,53.46326],[-113.6688,53.46325],[-113.66883,53.46325],[-113.66894,53.46323],[-113.66895,53.46322],[-113.66896,53.46322],[-113.66897,53.46321],[-113.66899,53.46321],[-113.66899,53.4632],[-113.669,53.4632],[-113.66901,53.46319],[-113.66902,53.46319],[-113.66902,53.46318],[-113.66903,53.46317],[-113.66903,53.46316],[-113.66903,53.46316],[-113.66905,53.4631],[-113.66906,53.46308],[-113.66906,53.46307],[-113.66906,53.46306],[-113.66907,53.46306],[-113.66908,53.46305],[-113.66909,53.46304],[-113.6691,53.46303],[-113.66919,53.46298],[-113.66919,53.46297],[-113.6692,53.46297],[-113.66921,53.46296],[-113.66921,53.46295],[-113.66922,53.46295],[-113.66922,53.46294],[-113.66922,53.46293],[-113.66922,53.46293],[-113.66923,53.46292],[-113.66922,53.46291],[-113.66922,53.4629],[-113.66922,53.4629],[-113.66922,53.46289],[-113.6692,53.46286],[-113.66917,53.46282],[-113.66915,53.46279],[-113.66912,53.46276],[-113.66908,53.46273],[-113.66905,53.4627],[-113.66894,53.46263],[-113.66893,53.46262],[-113.66892,53.4626],[-113.66891,53.46259],[-113.6689,53.46257],[-113.6689,53.46256],[-113.66889,53.46254],[-113.66889,53.46253],[-113.66889,53.46251],[-113.66889,53.4625],[-113.6689,53.46248],[-113.66891,53.46247],[-113.66892,53.46245],[-113.66894,53.46243],[-113.66895,53.46241],[-113.66898,53.46239],[-113.669,53.46237],[-113.66903,53.46236],[-113.66906,53.46234],[-113.66917,53.46227],[-113.66922,53.46224],[-113.66926,53.46221],[-113.66929,53.46219],[-113.66933,53.46216],[-113.66938,53.46214],[-113.66942,53.46212],[-113.66947,53.4621],[-113.6695,53.46208],[-113.66953,53.46207],[-113.66956,53.46205],[-113.66959,53.46204],[-113.66961,53.46202],[-113.66964,53.462],[-113.66965,53.46199],[-113.66966,53.46198],[-113.66967,53.46197],[-113.66969,53.46197],[-113.6697,53.46196],[-113.66971,53.46195],[-113.66975,53.46194],[-113.66978,53.46193],[-113.66982,53.46192],[-113.66986,53.46192],[-113.66989,53.46191],[-113.66993,53.46191],[-113.67663,53.46191],[-113.67663,53.46091],[-113.67155,53.46091],[-113.67153,53.46089],[-113.67152,53.46088],[-113.67151,53.46086],[-113.6715,53.46085],[-113.67149,53.46084],[-113.67149,53.46083],[-113.67148,53.46081],[-113.67148,53.4608],[-113.67149,53.46078],[-113.67153,53.46077],[-113.67154,53.46078],[-113.67156,53.46078],[-113.67157,53.46078],[-113.67158,53.46078],[-113.6716,53.46078],[-113.67161,53.46078],[-113.67165,53.46078],[-113.67169,53.46079],[-113.67173,53.46079],[-113.67177,53.46078],[-113.67181,53.46078],[-113.67185,53.46077],[-113.6719,53.46076],[-113.67193,53.46075],[-113.67196,53.46075],[-113.67201,53.46073],[-113.67204,53.46072],[-113.67208,53.46072],[-113.67211,53.46071],[-113.67215,53.4607],[-113.67218,53.4607],[-113.67222,53.46069],[-113.67225,53.46069],[-113.67229,53.46068],[-113.67233,53.46068],[-113.67237,53.46067],[-113.67241,53.46066],[-113.67245,53.46066],[-113.67249,53.46065],[-113.67253,53.46064],[-113.67258,53.46063],[-113.67262,53.46062],[-113.67266,53.46061],[-113.67271,53.4606],[-113.67273,53.46059],[-113.67276,53.46058],[-113.67278,53.46057],[-113.6728,53.46056],[-113.67282,53.46055],[-113.67284,53.46053],[-113.67288,53.46049],[-113.67289,53.46048],[-113.67291,53.46047],[-113.67292,53.46046],[-113.67293,53.46045],[-113.67295,53.46045],[-113.67296,53.46044],[-113.67302,53.4604],[-113.67305,53.46039],[-113.67307,53.46038],[-113.67309,53.46037],[-113.67311,53.46035],[-113.67313,53.46034],[-113.67315,53.46033],[-113.67319,53.4603],[-113.67321,53.46029],[-113.67323,53.46028],[-113.67325,53.46027],[-113.67327,53.46026],[-113.67329,53.46025],[-113.67338,53.46022],[-113.67341,53.46021],[-113.67343,53.4602],[-113.67345,53.46019],[-113.67348,53.46018],[-113.6735,53.46017],[-113.67352,53.46015],[-113.67353,53.46014],[-113.67355,53.46013],[-113.67357,53.46011],[-113.67359,53.4601],[-113.6736,53.46008],[-113.67363,53.46005],[-113.67365,53.46004],[-113.67367,53.46002],[-113.67368,53.46001],[-113.6737,53.46],[-113.67371,53.45998],[-113.67373,53.45997],[-113.67374,53.45996],[-113.67376,53.45995],[-113.67378,53.45994],[-113.6738,53.45993],[-113.67381,53.45991],[-113.67383,53.4599],[-113.67384,53.45989],[-113.67385,53.45988],[-113.67386,53.45987],[-113.67387,53.45986],[-113.67387,53.45985],[-113.67388,53.45983],[-113.67388,53.45982],[-113.67388,53.45981],[-113.67387,53.4598],[-113.67387,53.45978],[-113.67384,53.45971],[-113.67379,53.45955],[-113.67379,53.45955],[-113.67378,53.45954],[-113.67378,53.45954],[-113.67378,53.45953],[-113.67378,53.45953],[-113.67378,53.45952],[-113.67378,53.45952],[-113.67379,53.45952],[-113.67379,53.45951],[-113.67379,53.45951],[-113.6738,53.4595],[-113.6738,53.4595],[-113.67381,53.4595],[-113.67381,53.45949],[-113.67382,53.45949],[-113.67385,53.45947],[-113.67388,53.45946],[-113.67388,53.45946],[-113.67389,53.45946],[-113.67389,53.45945],[-113.6739,53.45945],[-113.6739,53.45944],[-113.67391,53.45944],[-113.67391,53.45944],[-113.67391,53.45943],[-113.67391,53.45943],[-113.67391,53.45941],[-113.67391,53.45939],[-113.6739,53.45938],[-113.6739,53.45936],[-113.67389,53.45935],[-113.67388,53.45934],[-113.67387,53.45933],[-113.67386,53.45931],[-113.67385,53.4593],[-113.67384,53.45928],[-113.67383,53.45927],[-113.67382,53.45926],[-113.67381,53.45924],[-113.6738,53.45923],[-113.6738,53.45922],[-113.67379,53.4592],[-113.67379,53.45919],[-113.67378,53.45918],[-113.67378,53.45917],[-113.67377,53.45915],[-113.67377,53.45914],[-113.67377,53.45913],[-113.67378,53.45911],[-113.67379,53.45911],[-113.67382,53.4591],[-113.67384,53.4591],[-113.67392,53.45909],[-113.67394,53.45908],[-113.67396,53.45908],[-113.67398,53.45908],[-113.67399,53.45907],[-113.67401,53.45906],[-113.67402,53.45906],[-113.67404,53.45905],[-113.67411,53.459],[-113.67411,53.459],[-113.67412,53.45899],[-113.67413,53.45899],[-113.67414,53.45898],[-113.67415,53.45898],[-113.67416,53.45897],[-113.67417,53.45897],[-113.67418,53.45897],[-113.67419,53.45897],[-113.6742,53.45897],[-113.67421,53.45897],[-113.67422,53.45897],[-113.67423,53.45897],[-113.67425,53.45897],[-113.67426,53.45897],[-113.67427,53.45897],[-113.67437,53.45899],[-113.6744,53.45899],[-113.67442,53.45899],[-113.67444,53.45899],[-113.67446,53.45899],[-113.67448,53.45899],[-113.6745,53.45899],[-113.67452,53.45898],[-113.67454,53.45898],[-113.67456,53.45897],[-113.67458,53.45896],[-113.6746,53.45895],[-113.67461,53.45895],[-113.67463,53.45894],[-113.67464,53.45893],[-113.67465,53.45891],[-113.67466,53.4589],[-113.67474,53.45882],[-113.67475,53.45882],[-113.67475,53.45881],[-113.67475,53.45881],[-113.67476,53.45881],[-113.67476,53.45881],[-113.67477,53.4588],[-113.67477,53.4588],[-113.67478,53.4588],[-113.67479,53.4588],[-113.67479,53.4588],[-113.6748,53.4588],[-113.6748,53.4588],[-113.67481,53.4588],[-113.67482,53.4588],[-113.67482,53.4588],[-113.67483,53.4588],[-113.67483,53.4588],[-113.67484,53.4588],[-113.67484,53.45881],[-113.67485,53.45881],[-113.67485,53.45881],[-113.67493,53.45884],[-113.67494,53.45885],[-113.67496,53.45886],[-113.67498,53.45886],[-113.675,53.45886],[-113.67502,53.45887],[-113.67503,53.45887],[-113.67505,53.45887],[-113.67507,53.45887],[-113.67509,53.45887],[-113.67511,53.45887],[-113.67515,53.45886],[-113.67518,53.45886],[-113.67522,53.45886],[-113.67525,53.45885],[-113.67529,53.45885],[-113.67533,53.45885],[-113.67536,53.45885],[-113.67539,53.45885],[-113.67542,53.45885],[-113.67544,53.45884],[-113.67547,53.45883],[-113.6755,53.45882],[-113.67552,53.45881],[-113.67557,53.4588],[-113.67558,53.45879],[-113.6756,53.45878],[-113.67562,53.45877],[-113.67564,53.45877],[-113.67566,53.45876],[-113.67567,53.45876],[-113.67568,53.45876],[-113.67568,53.45876],[-113.67569,53.45876],[-113.6757,53.45876],[-113.6757,53.45876],[-113.67571,53.45876],[-113.67571,53.45876],[-113.67572,53.45876],[-113.67573,53.45876],[-113.67573,53.45876],[-113.67574,53.45877],[-113.67574,53.45877],[-113.67575,53.45877],[-113.67575,53.45877],[-113.67576,53.45878],[-113.67578,53.4588],[-113.6758,53.45881],[-113.67581,53.45882],[-113.67582,53.45883],[-113.67583,53.45884],[-113.67584,53.45885],[-113.67586,53.45886],[-113.67588,53.45887],[-113.6759,53.45888],[-113.67591,53.45888],[-113.67593,53.45889],[-113.67595,53.45889],[-113.67598,53.4589],[-113.67608,53.45891],[-113.67613,53.45892],[-113.67617,53.45893],[-113.67622,53.45894],[-113.67626,53.45895],[-113.6763,53.45897],[-113.67633,53.45899],[-113.67637,53.45901],[-113.6764,53.45903],[-113.67642,53.45905],[-113.67645,53.45907],[-113.67646,53.45909],[-113.67647,53.4591],[-113.67649,53.45911],[-113.6765,53.45912],[-113.67652,53.45914],[-113.67653,53.45915],[-113.67655,53.45916],[-113.67656,53.45917],[-113.67658,53.45918],[-113.67659,53.45919],[-113.67661,53.4592],[-113.67663,53.45921],[-113.67665,53.45923],[-113.67667,53.45924],[-113.6767,53.45925],[-113.67673,53.45926],[-113.67676,53.45927],[-113.67679,53.45927],[-113.67682,53.45928],[-113.67686,53.45928],[-113.67688,53.45928],[-113.6769,53.45928],[-113.67692,53.45928],[-113.67694,53.45928],[-113.67696,53.45928],[-113.67699,53.45927],[-113.677,53.45927],[-113.677,53.45927],[-113.67701,53.45926],[-113.67702,53.45926],[-113.67703,53.45926],[-113.67703,53.45925],[-113.67704,53.45925],[-113.67705,53.45925],[-113.67705,53.45924],[-113.67706,53.45924],[-113.67706,53.45923],[-113.67706,53.45923],[-113.67707,53.45922],[-113.67707,53.45921],[-113.67707,53.45921],[-113.67707,53.4592],[-113.67707,53.4592],[-113.67706,53.45917],[-113.67706,53.45914],[-113.67706,53.45913],[-113.67706,53.45912],[-113.67706,53.45912],[-113.67707,53.45911],[-113.67707,53.4591],[-113.67708,53.45909],[-113.67708,53.45908],[-113.67709,53.45908],[-113.6771,53.45907],[-113.67711,53.45906],[-113.67712,53.45906],[-113.67713,53.45905],[-113.67718,53.45902],[-113.6772,53.45901],[-113.67722,53.45899],[-113.67723,53.45898],[-113.67725,53.45897],[-113.67731,53.45889],[-113.67731,53.45888],[-113.67732,53.45887],[-113.67733,53.45887],[-113.67734,53.45886],[-113.67735,53.45886],[-113.67737,53.45885],[-113.67738,53.45885],[-113.67739,53.45884],[-113.67741,53.45884],[-113.67744,53.45884],[-113.67747,53.45884],[-113.6775,53.45884],[-113.67752,53.45883],[-113.67755,53.45883],[-113.67757,53.45883],[-113.6776,53.45883],[-113.67762,53.45883],[-113.6777,53.45881],[-113.67773,53.45881],[-113.67775,53.45881],[-113.67777,53.45881],[-113.6778,53.45881],[-113.67782,53.45881],[-113.67785,53.45881],[-113.67787,53.45882],[-113.67789,53.45882],[-113.67791,53.45883],[-113.67793,53.45883],[-113.67795,53.45884],[-113.67796,53.45884],[-113.67798,53.45885],[-113.67799,53.45886],[-113.678,53.45887],[-113.67802,53.45888],[-113.67803,53.45889],[-113.67804,53.4589],[-113.67807,53.45894],[-113.67808,53.45895],[-113.67809,53.45895],[-113.6781,53.45896],[-113.67812,53.45897],[-113.67813,53.45898],[-113.67814,53.45898],[-113.67816,53.45899],[-113.67817,53.45899],[-113.67819,53.45899],[-113.67821,53.459],[-113.67822,53.459],[-113.67824,53.459],[-113.6783,53.459],[-113.67831,53.459],[-113.67832,53.459],[-113.67834,53.459],[-113.67835,53.45899],[-113.67837,53.45899],[-113.67838,53.45898],[-113.67839,53.45898],[-113.6784,53.45897],[-113.67841,53.45897],[-113.67842,53.45896],[-113.67843,53.45895],[-113.67844,53.45895],[-113.67845,53.45894],[-113.67845,53.45893],[-113.67846,53.45892],[-113.67846,53.45891],[-113.67848,53.45884],[-113.67848,53.45883],[-113.67848,53.45883],[-113.67848,53.45883],[-113.67848,53.45883],[-113.67849,53.45883],[-113.67849,53.45882],[-113.67849,53.45882],[-113.67849,53.45882],[-113.67849,53.45882],[-113.6785,53.45882],[-113.6785,53.45882],[-113.6785,53.45882],[-113.67851,53.45881],[-113.67851,53.45881],[-113.67851,53.45881],[-113.67852,53.45881],[-113.67852,53.45881],[-113.67852,53.45881],[-113.67853,53.45881],[-113.67853,53.45881],[-113.67853,53.45881],[-113.67854,53.45881],[-113.67854,53.45881],[-113.67865,53.45885],[-113.67867,53.45885],[-113.67869,53.45886],[-113.6787,53.45886],[-113.67872,53.45887],[-113.67874,53.45887],[-113.67876,53.45888],[-113.67879,53.45888],[-113.67881,53.45888],[-113.67883,53.45888],[-113.67886,53.45888],[-113.67888,53.45887],[-113.6789,53.45887],[-113.67892,53.45886],[-113.67895,53.45886],[-113.67896,53.45885],[-113.67899,53.45883],[-113.679,53.45883],[-113.67901,53.45882],[-113.67902,53.45882],[-113.67903,53.45881],[-113.67904,53.4588],[-113.67905,53.45879],[-113.67906,53.45878],[-113.67907,53.45877],[-113.67908,53.45876],[-113.67908,53.45875],[-113.67909,53.45874],[-113.67909,53.45873],[-113.67909,53.45872],[-113.67909,53.4587],[-113.67909,53.45869],[-113.67908,53.45868],[-113.67908,53.45867],[-113.67907,53.45866],[-113.67906,53.45865],[-113.67905,53.45864],[-113.67904,53.45863],[-113.67902,53.45862],[-113.67901,53.45861],[-113.67899,53.45861],[-113.67898,53.4586],[-113.67896,53.45859],[-113.67893,53.45858],[-113.6789,53.45858],[-113.67887,53.45857],[-113.67886,53.45856],[-113.67885,53.45856],[-113.67884,53.45856],[-113.67883,53.45855],[-113.67882,53.45855],[-113.67882,53.45854],[-113.67881,53.45854],[-113.67881,53.45853],[-113.6788,53.45853],[-113.6788,53.45852],[-113.6788,53.45852],[-113.67879,53.45851],[-113.67879,53.4585],[-113.67879,53.4585],[-113.6788,53.45848],[-113.6788,53.45846],[-113.67881,53.45844],[-113.67883,53.45841],[-113.67884,53.45838],[-113.67886,53.45836],[-113.67889,53.45833],[-113.67891,53.45831],[-113.67905,53.4582],[-113.67907,53.45818],[-113.6791,53.45815],[-113.67911,53.45813],[-113.67913,53.4581],[-113.67914,53.45808],[-113.67915,53.45806],[-113.67916,53.45804],[-113.67917,53.45802],[-113.67918,53.45801],[-113.67919,53.45799],[-113.6792,53.45797],[-113.67922,53.45795],[-113.67923,53.45792],[-113.67925,53.4579],[-113.67927,53.45788],[-113.67929,53.45785],[-113.67931,53.45783],[-113.67936,53.45779],[-113.67941,53.45775],[-113.67943,53.45773],[-113.67944,53.45772],[-113.67946,53.45771],[-113.67948,53.4577],[-113.67949,53.45769],[-113.67951,53.45768],[-113.67952,53.45768],[-113.67953,53.45768],[-113.67954,53.45767],[-113.67955,53.45767],[-113.67957,53.45767],[-113.67958,53.45767],[-113.67959,53.45767],[-113.6796,53.45767],[-113.67961,53.45767],[-113.67964,53.45768],[-113.67968,53.45768],[-113.67973,53.45769],[-113.67974,53.45769],[-113.67976,53.45769],[-113.67977,53.45769],[-113.67979,53.45769],[-113.6798,53.45769],[-113.67982,53.45769],[-113.67983,53.45769],[-113.67985,53.45769],[-113.67986,53.45768],[-113.67987,53.45768],[-113.67988,53.45767],[-113.67989,53.45766],[-113.67991,53.45766],[-113.67992,53.45765],[-113.67993,53.45765],[-113.67995,53.45764],[-113.67996,53.45764],[-113.67998,53.45763],[-113.67998,53.45763],[-113.67999,53.45763],[-113.68,53.45762],[-113.68001,53.45762],[-113.68002,53.45762],[-113.68003,53.45762],[-113.68004,53.45762],[-113.68005,53.45762],[-113.68006,53.45762],[-113.68007,53.45763],[-113.68009,53.45763],[-113.6801,53.45763],[-113.68011,53.45764],[-113.68013,53.45764],[-113.68014,53.45764],[-113.68015,53.45765],[-113.68017,53.45765],[-113.68019,53.45766],[-113.68022,53.45767],[-113.68024,53.45767],[-113.68026,53.45768],[-113.68028,53.45769],[-113.6803,53.45769],[-113.68033,53.4577],[-113.68036,53.4577],[-113.68038,53.4577],[-113.68041,53.4577],[-113.68044,53.4577],[-113.68046,53.4577],[-113.68049,53.4577],[-113.68052,53.45769],[-113.68056,53.45768],[-113.68057,53.45768],[-113.68059,53.45768],[-113.68061,53.45767],[-113.68062,53.45767],[-113.68064,53.45767],[-113.68065,53.45766],[-113.68067,53.45766],[-113.68069,53.45766],[-113.6807,53.45766],[-113.68072,53.45766],[-113.68073,53.45767],[-113.68075,53.45767],[-113.68076,53.45767],[-113.68078,53.45768],[-113.68079,53.45768],[-113.68081,53.45769],[-113.68084,53.4577],[-113.68086,53.45771],[-113.68089,53.45772],[-113.68092,53.45773],[-113.68095,53.45774],[-113.68098,53.45774],[-113.68101,53.45775],[-113.68105,53.45775],[-113.68108,53.45775],[-113.68113,53.45775],[-113.68123,53.45775],[-113.68127,53.45775],[-113.6813,53.45775],[-113.68133,53.45775],[-113.68137,53.45774],[-113.6814,53.45774],[-113.68145,53.45774],[-113.68146,53.45773],[-113.68149,53.45773],[-113.68151,53.45773],[-113.68153,53.45773],[-113.68154,53.45773],[-113.68155,53.45773],[-113.68156,53.45773],[-113.68157,53.45773],[-113.68158,53.45774],[-113.68159,53.45774],[-113.6816,53.45774],[-113.68161,53.45775],[-113.68162,53.45775],[-113.68163,53.45775],[-113.68164,53.45776],[-113.68164,53.45776],[-113.68165,53.45777],[-113.68166,53.45778],[-113.68167,53.4578],[-113.68168,53.45781],[-113.68169,53.45783],[-113.6817,53.45784],[-113.68171,53.45788],[-113.68172,53.45789],[-113.68173,53.45791],[-113.68174,53.45792],[-113.68176,53.45794],[-113.68177,53.45795],[-113.68177,53.45796],[-113.68178,53.45796],[-113.68179,53.45797],[-113.68179,53.45797],[-113.6818,53.45798],[-113.68181,53.45798],[-113.68182,53.45798],[-113.68183,53.45798],[-113.68184,53.45798],[-113.68185,53.45799],[-113.68186,53.45799],[-113.68187,53.45799],[-113.68189,53.45798],[-113.68192,53.45798],[-113.68194,53.45798],[-113.68196,53.45798],[-113.68199,53.45797],[-113.68201,53.45797],[-113.68205,53.45796],[-113.6821,53.45795],[-113.68214,53.45795],[-113.68219,53.45795],[-113.68223,53.45795],[-113.68228,53.45796],[-113.68231,53.45796],[-113.68235,53.45797],[-113.68238,53.45797],[-113.68242,53.45798],[-113.68246,53.45798],[-113.68249,53.45799],[-113.68256,53.458],[-113.68263,53.45801],[-113.68269,53.45802],[-113.68276,53.45802],[-113.68283,53.45802],[-113.6829,53.45801],[-113.68291,53.45801],[-113.68292,53.45801],[-113.68293,53.45801],[-113.68294,53.458],[-113.68295,53.458],[-113.68296,53.458],[-113.68297,53.45799],[-113.68297,53.45799],[-113.68298,53.45798],[-113.68298,53.45798],[-113.68299,53.45797],[-113.68299,53.45797],[-113.683,53.45796],[-113.683,53.45796],[-113.683,53.45795],[-113.68301,53.45788],[-113.68302,53.45787],[-113.68302,53.45786],[-113.68302,53.45785],[-113.68303,53.45785],[-113.68304,53.45784],[-113.68304,53.45784],[-113.68305,53.45783],[-113.68306,53.45782],[-113.68307,53.45782],[-113.68308,53.45781],[-113.68309,53.45781],[-113.6831,53.45781],[-113.68315,53.45779],[-113.68317,53.45778],[-113.6832,53.45778],[-113.68322,53.45777],[-113.68324,53.45776],[-113.68325,53.45775],[-113.68327,53.45773],[-113.68328,53.45772],[-113.68329,53.45771],[-113.68334,53.45764],[-113.68338,53.45761],[-113.68342,53.45758],[-113.68346,53.45755],[-113.68351,53.45752],[-113.68356,53.45749],[-113.68361,53.45747],[-113.68365,53.45745],[-113.68368,53.45744],[-113.68373,53.45743],[-113.68377,53.45742],[-113.68381,53.45741],[-113.68386,53.45741],[-113.6839,53.45741],[-113.68395,53.45741],[-113.68397,53.45741],[-113.68399,53.45741],[-113.684,53.45741],[-113.68404,53.45741],[-113.68406,53.45741],[-113.68407,53.45741],[-113.68408,53.45741],[-113.68409,53.45741],[-113.68411,53.45741],[-113.68412,53.4574],[-113.68413,53.4574],[-113.68414,53.45739],[-113.68415,53.45739],[-113.68416,53.45738],[-113.68416,53.45738],[-113.68417,53.45737],[-113.68418,53.45736],[-113.68423,53.45732],[-113.68424,53.45731],[-113.68425,53.4573],[-113.68427,53.45729],[-113.68428,53.45728],[-113.6843,53.45728],[-113.68432,53.45727],[-113.68433,53.45727],[-113.68436,53.45726],[-113.68438,53.45726],[-113.68439,53.45725],[-113.68442,53.45725],[-113.68445,53.45724],[-113.68447,53.45724],[-113.6845,53.45723],[-113.68452,53.45723],[-113.68455,53.45722],[-113.68463,53.45719],[-113.68466,53.45718],[-113.68468,53.45718],[-113.6847,53.45717],[-113.68473,53.45716],[-113.68475,53.45716],[-113.68478,53.45715],[-113.68479,53.45715],[-113.68481,53.45714],[-113.68483,53.45714],[-113.68485,53.45713],[-113.68488,53.45712],[-113.6849,53.45711],[-113.68491,53.4571],[-113.68493,53.45709],[-113.68494,53.45708],[-113.68499,53.45704],[-113.685,53.45702],[-113.68501,53.45701],[-113.68503,53.45701],[-113.68504,53.457],[-113.68506,53.45699],[-113.68508,53.45698],[-113.6851,53.45698],[-113.68512,53.45697],[-113.6852,53.45696],[-113.68522,53.45695],[-113.68525,53.45694],[-113.68527,53.45693],[-113.68529,53.45692],[-113.68531,53.4569],[-113.68533,53.45689],[-113.68535,53.45688],[-113.68536,53.45686],[-113.68538,53.45684],[-113.68538,53.45683],[-113.68539,53.45681],[-113.68541,53.45675],[-113.68542,53.45672],[-113.68542,53.45669],[-113.68543,53.45667],[-113.68544,53.45664],[-113.68545,53.45661],[-113.68546,53.45659],[-113.68547,53.45657],[-113.68547,53.45656],[-113.68547,53.45654],[-113.68547,53.45652],[-113.68547,53.45651],[-113.68546,53.45647],[-113.68546,53.45645],[-113.68546,53.45644],[-113.68546,53.45643],[-113.68546,53.45642],[-113.68546,53.45642],[-113.68546,53.45641],[-113.68547,53.4564],[-113.68547,53.45639],[-113.68548,53.45638],[-113.68549,53.45637],[-113.6855,53.45637],[-113.68551,53.45636],[-113.68552,53.45635],[-113.68553,53.45635],[-113.68553,53.45635],[-113.68554,53.45635],[-113.68554,53.45635],[-113.68555,53.45635],[-113.68555,53.45635],[-113.68555,53.45635],[-113.68556,53.45635],[-113.68556,53.45635],[-113.68557,53.45635],[-113.68557,53.45635],[-113.68558,53.45635],[-113.68558,53.45635],[-113.68559,53.45635],[-113.68559,53.45635],[-113.68559,53.45636],[-113.6856,53.45636],[-113.6856,53.45636],[-113.6856,53.45636],[-113.68561,53.45637],[-113.68562,53.45638],[-113.68563,53.45638],[-113.68564,53.45639],[-113.68565,53.4564],[-113.68567,53.45642],[-113.68568,53.45644],[-113.6857,53.45645],[-113.68572,53.45647],[-113.68574,53.45648],[-113.68576,53.45649],[-113.68579,53.4565],[-113.68581,53.45652],[-113.68583,53.45653],[-113.68585,53.45655],[-113.68587,53.45657],[-113.68588,53.45658],[-113.68589,53.45659],[-113.6859,53.4566],[-113.68591,53.45661],[-113.68592,53.45662],[-113.68592,53.45663],[-113.68593,53.45664],[-113.68596,53.45665],[-113.68598,53.45667],[-113.686,53.45668],[-113.68603,53.45669],[-113.68606,53.4567],[-113.68609,53.45671],[-113.68612,53.45672],[-113.68615,53.45673],[-113.68618,53.45673],[-113.68622,53.45674],[-113.68629,53.45675],[-113.68631,53.45675],[-113.68632,53.45675],[-113.68633,53.45676],[-113.68635,53.45676],[-113.68636,53.45677],[-113.68637,53.45678],[-113.68638,53.45678],[-113.68639,53.45679],[-113.68639,53.4568],[-113.6864,53.45681],[-113.68644,53.45687],[-113.68644,53.45687],[-113.68644,53.45687],[-113.68644,53.45688],[-113.68645,53.45688],[-113.68645,53.45689],[-113.68646,53.45689],[-113.68646,53.45689],[-113.68647,53.4569],[-113.68648,53.4569],[-113.68648,53.4569],[-113.68649,53.4569],[-113.6865,53.4569],[-113.68651,53.45691],[-113.68651,53.45691],[-113.68652,53.45691],[-113.68653,53.45691],[-113.68654,53.45691],[-113.68655,53.4569],[-113.68655,53.4569],[-113.68656,53.4569],[-113.68661,53.45689],[-113.68666,53.45688],[-113.6867,53.45686],[-113.68675,53.45685],[-113.68679,53.45683],[-113.68683,53.45681],[-113.68685,53.45681],[-113.68687,53.4568],[-113.68688,53.4568],[-113.6869,53.4568],[-113.68692,53.4568],[-113.68694,53.4568],[-113.68696,53.4568],[-113.68697,53.4568],[-113.68699,53.4568],[-113.68701,53.45681],[-113.68702,53.45681],[-113.68726,53.45689],[-113.68728,53.45689],[-113.6873,53.4569],[-113.68732,53.4569],[-113.68735,53.4569],[-113.68737,53.45691],[-113.68739,53.4569],[-113.68741,53.4569],[-113.68743,53.4569],[-113.68745,53.4569],[-113.68748,53.45689],[-113.68749,53.45689],[-113.68751,53.45688],[-113.68754,53.45687],[-113.68757,53.45686],[-113.6876,53.45686],[-113.68763,53.45685],[-113.68765,53.45685],[-113.68768,53.45684],[-113.68771,53.45684],[-113.68774,53.45684],[-113.68777,53.45685],[-113.6878,53.45685],[-113.68783,53.45686],[-113.68786,53.45686],[-113.68789,53.45687],[-113.68791,53.45688],[-113.68796,53.4569],[-113.68797,53.45691],[-113.68799,53.45692],[-113.688,53.45692],[-113.68801,53.45693],[-113.68803,53.45693],[-113.68804,53.45693],[-113.68806,53.45694],[-113.68809,53.45695],[-113.68812,53.45696],[-113.68814,53.45696],[-113.68817,53.45696],[-113.6882,53.45696],[-113.68823,53.45696],[-113.68826,53.45696],[-113.68829,53.45696],[-113.68831,53.45695],[-113.68834,53.45695],[-113.68837,53.45694],[-113.68839,53.45694],[-113.68842,53.45693],[-113.68844,53.45692],[-113.68847,53.45692],[-113.68849,53.45691],[-113.68852,53.45691],[-113.68855,53.45691],[-113.68858,53.4569],[-113.68861,53.4569],[-113.68864,53.4569],[-113.68866,53.4569],[-113.68869,53.4569]]]]}},{"type":"Feature","properties":{"name":"AVONMORE"},"geometry":{"type":"MultiPolygon","coordinates":[[[[-113.46401,53.51088],[-113.46405,53.51094],[-113.46409,53.511],[-113.46413,53.51106],[-113.46418,53.51111],[-113.46422,53.51117],[-113.46427,53.51122],[-113.46437,53.51133],[-113.46447,53.51142],[-113.46459,53.51152],[-113.46471,53.51161],[-113.46483,53.5117],[-113.46497,53.51178],[-113.46506,53.51183],[-113.46506,53.51183],[-113.4651,53.51186],[-113.46513,53.51187],[-113.46517,53.51189],[-113.46519,53.5119],[-113.4653,53.51195],[-113.46542,53.51201],[-113.46553,53.51206],[-113.46565,53.51211],[-113.46577,53.51216],[-113.4659,53.5122],[-113.4659,53.51229],[-113.46437,53.51229],[-113.46134,53.51229],[-113.46042,53.51229],[-113.4583,53.51229],[-113.45769,53.51229],[-113.45511,53.51229],[-113.45209,53.51228],[-113.45045,53.51228],[-113.44905,53.51228],[-113.44779,53.51227],[-113.44305,53.51226],[-113.44303,53.50981],[-113.44302,53.50946],[-113.44297,53.50827],[-113.44535,53.50704],[-113.44668,53.50639],[-113.45159,53.50391],[-113.45293,53.50327],[-113.45415,53.5041],[-113.45466,53.50459],[-113.45497,53.505],[-113.45677,53.505],[-113.45677,53.50563],[-113.45681,53.50569],[-113.4569,53.50574],[-113.45702,53.50576],[-113.45766,53.50575],[-113.45767,53.50673],[-113.45796,53.50676],[-113.45819,53.50681],[-113.45836,53.50691],[-113.45854,53.50706],[-113.4604,53.50874],[-113.4604,53.50944],[-113.46259,53.51072],[-113.46268,53.51089],[-113.46401,53.51088]]]]}},{"type":"Feature","properties":{"name":"CUMBERLAND"},"geometry":{"type":"MultiPolygon","coordinates":[[[[-113.54826,53.60727],[-113.54838,53.6073],[-113.54893,53.60742],[-113.54955,53.60751],[-113.55,53.60757],[-113.55021,53.60759],[-113.55043,53.60761],[-113.55063,53.60762],[-113.55082,53.60763],[-113.55223,53.60764],[-113.55314,53.60767],[-113.55393,53.60773],[-113.55486,53.60783],[-113.55614,53.60803],[-113.55641,53.60807],[-113.55669,53.60809],[-113.56005,53.60812],[-113.55999,53.60796],[-113.55993,53.60776],[-113.55977,53.60778],[-113.55976,53.60773],[-113.55975,53.60768],[-113.55972,53.60755],[-113.55969,53.60741],[-113.55968,53.60727],[-113.55966,53.60714],[-113.55966,53.607],[-113.55966,53.60686],[-113.56242,53.60686],[-113.56259,53.60684],[-113.56395,53.60684],[-113.56412,53.6069],[-113.56506,53.60689],[-113.56506,53.60693],[-113.56507,53.6085],[-113.56508,53.61017],[-113.56509,53.61409],[-113.56524,53.61409],[-113.56524,53.61457],[-113.56009,53.61458],[-113.55705,53.6146],[-113.55112,53.61461],[-113.55034,53.61468],[-113.54944,53.61485],[-113.54868,53.61508],[-113.5454,53.61649],[-113.54484,53.6167],[-113.54411,53.61686],[-113.54333,53.61692],[-113.54113,53.61696],[-113.54115,53.61535],[-113.54119,53.61453],[-113.54126,53.61445],[-113.54128,53.6133],[-113.5413,53.61048],[-113.5413,53.60671],[-113.5413,53.60417],[-113.54275,53.60416],[-113.54326,53.60422],[-113.54369,53.60432],[-113.54407,53.60445],[-113.54436,53.60457],[-113.54474,53.6049],[-113.54571,53.60591],[-113.54621,53.60633],[-113.54679,53.60669],[-113.54745,53.60699],[-113.54805,53.60721],[-113.54826,53.60727]]]]}},{"type":"Feature","properties":{"name":"DUNLUCE"},"geometry":{"type":"MultiPolygon","coordinates":[[[[-113.51874,53.62281],[-113.51904,53.62215],[-113.51919,53.62159],[-113.51927,53.62105],[-113.51923,53.62046],[-113.51903,53.61972],[-113.51872,53.61909],[-113.51745,53.61747],[-113.51709,53.61692],[-113.51686,53.61628],[-113.5167,53.61554],[-113.5167,53.61418],[-113.5196,53.61417],[-113.52063,53.6142],[-113.52161,53.6143],[-113.52266,53.61448],[-113.52366,53.61474],[-113.52474,53.61513],[-113.52631,53.61585],[-113.52739,53.61629],[-113.52834,53.61657],[-113.52834,53.61635],[-113.52842,53.61636],[-113.52849,53.61638],[-113.52856,53.6164],[-113.52862,53.61642],[-113.52869,53.61643],[-113.52876,53.61645],[-113.52883,53.61646],[-113.52889,53.61648],[-113.52889,53.6167],[-113.52963,53.61683],[-113.53045,53.61694],[-113.53129,53.61698],[-113.53889,53.61697],[-113.54113,53.61696],[-113.54116,53.62031],[-113.54115,53.62373],[-113.54116,53.62495],[-113.54111,53.62499],[-113.54106,53.62861],[-113.54118,53.62871],[-113.54103,53.62874],[-113.52907,53.62877],[-113.52631,53.62874],[-113.52163,53.62873],[-113.51661,53.62872],[-113.51652,53.62805],[-113.51642,53.62773],[-113.51615,53.62733],[-113.51583,53.62697],[-113.51439,53.6259],[-113.51557,53.62538],[-113.51628,53.625],[-113.51694,53.62459],[-113.51772,53.624],[-113.51829,53.62341],[-113.51874,53.62281]]]]}},{"type":"Feature","properties":{"name":"LORELEI"},"geometry":{"type":"MultiPolygon","coordinates":[[[[-113.51874,53.62281],[-113.51829,53.62341],[-113.51772,53.624],[-113.51694,53.62459],[-113.51628,53.625],[-113.51557,53.62538],[-113.51439,53.6259],[-113.51198,53.62708],[-113.51042,53.62779],[-113.51029,53.62784],[-113.50971,53.62805],[-113.50888,53.62832],[-113.50806,53.6285],[-113.5071,53.62867],[-113.50607,53.62879],[-113.5051,53.62884],[-113.49841,53.62884],[-113.49188,53.62883],[-113.49201,53.62864],[-113.49201,53.62584],[-113.492,53.62369],[-113.49199,53.62152],[-113.49184,53.62127],[-113.49329,53.62128],[-113.49632,53.62129],[-113.49652,53.62129],[-113.49826,53.6213],[-113.49812,53.62141],[-113.49844,53.62141],[-113.49862,53.62141],[-113.49862,53.6213],[-113.50196,53.62132],[-113.50201,53.62131],[-113.50312,53.62206],[-113.50388,53.62156],[-113.50422,53.62131],[-113.50453,53.62077],[-113.50458,53.62076],[-113.50477,53.62043],[-113.50486,53.62034],[-113.50581,53.62082],[-113.50667,53.62118],[-113.50703,53.62128],[-113.50775,53.62144],[-113.50842,53.62153],[-113.5097,53.62165],[-113.51382,53.62205],[-113.51608,53.62238],[-113.51874,53.62281]]]]}},{"type":"Feature","properties":{"name":"BEAUMARIS"},"geometry":{"type":"MultiPolygon","coordinates":[[[[-113.51874,53.62281],[-113.51608,53.62238],[-113.51382,53.62205],[-113.5097,53.62165],[-113.50842,53.62153],[-113.50775,53.62144],[-113.50703,53.62128],[-113.50667,53.62118],[-113.50581,53.62082],[-113.50486,53.62034],[-113.50477,53.62043],[-113.50458,53.62076],[-113.50453,53.62077],[-113.50422,53.62131],[-113.50388,53.62156],[-113.50312,53.62206],[-113.50201,53.62131],[-113.50196,53.62132],[-113.49862,53.6213],[-113.49862,53.62141],[-113.49844,53.62141],[-113.49812,53.62141],[-113.49826,53.6213],[-113.49652,53.62129],[-113.49632,53.62129],[-113.49329,53.62128],[-113.49184,53.62127],[-113.49181,53.61764],[-113.49179,53.61403],[-113.50226,53.61409],[-113.50429,53.6141],[-113.51156,53.61415],[-113.5167,53.61418],[-113.5167,53.61554],[-113.51686,53.61628],[-113.51709,53.61692],[-113.51745,53.61747],[-113.51872,53.61909],[-113.51903,53.61972],[-113.51923,53.62046],[-113.51927,53.62105],[-113.51919,53.62159],[-113.51904,53.62215],[-113.51874,53.62281]]]]}},{"type":"Feature","properties":{"name":"BONAVENTURE INDUSTRIAL"},"geometry":{"type":"MultiPolygon","coordinates":[[[[-113.5746,53.58374],[-113.57503,53.58374],[-113.57546,53.58374],[-113.57589,53.58373],[-113.57632,53.58371],[-113.57675,53.58369],[-113.57718,53.58367],[-113.57721,53.58367],[-113.57739,53.58366],[-113.57751,53.58365],[-113.57763,53.58364],[-113.57775,53.58363],[-113.57787,53.58362],[-113.57799,53.58361],[-113.57811,53.5836],[-113.57796,53.58561],[-113.57794,53.5887],[-113.57779,53.58882],[-113.57774,53.59034],[-113.5778,53.59158],[-113.57786,53.59208],[-113.578,53.59237],[-113.57867,53.59327],[-113.57797,53.59341],[-113.57797,53.59353],[-113.57797,53.59405],[-113.57805,53.59403],[-113.57805,53.59895],[-113.57804,53.59942],[-113.57503,53.59945],[-113.57408,53.59835],[-113.57414,53.59801],[-113.57047,53.5949],[-113.56705,53.59206],[-113.56594,53.59092],[-113.56424,53.58918],[-113.56431,53.58903],[-113.56099,53.58557],[-113.56076,53.58553],[-113.55901,53.58386],[-113.55894,53.58375],[-113.55912,53.58375],[-113.5597,53.58375],[-113.5746,53.58374]]]]}},{"type":"Feature","properties":{"name":"WHITEMUD CREEK RAVINE SOUTH"},"geometry":{"type":"MultiPolygon","coordinates":[[[[-113.56266,53.46409],[-113.56265,53.46417],[-113.56265,53.46425],[-113.56267,53.46433],[-113.5627,53.46441],[-113.56273,53.46449],[-113.56278,53.46457],[-113.56288,53.4647],[-113.56295,53.46479],[-113.56304,53.46488],[-113.56315,53.46496],[-113.56326,53.46504],[-113.56339,53.46512],[-113.56352,53.46518],[-113.56479,53.46575],[-113.56492,53.46581],[-113.56504,53.46588],[-113.56514,53.46595],[-113.56524,53.46603],[-113.56532,53.46611],[-113.5654,53.4662],[-113.56541,53.46622],[-113.56542,53.46622],[-113.56542,53.46623],[-113.56544,53.46625],[-113.56544,53.4661],[-113.56546,53.46612],[-113.56547,53.46613],[-113.56549,53.46616],[-113.5655,53.46617],[-113.56553,53.46621],[-113.56557,53.46625],[-113.56561,53.46629],[-113.56565,53.46633],[-113.56569,53.46637],[-113.56574,53.4664],[-113.56574,53.4665],[-113.56582,53.46655],[-113.56591,53.46659],[-113.566,53.46663],[-113.56609,53.46666],[-113.56619,53.4667],[-113.56629,53.46672],[-113.56645,53.46676],[-113.56662,53.46679],[-113.56679,53.4668],[-113.56696,53.4668],[-113.56714,53.4668],[-113.56731,53.46678],[-113.56831,53.46666],[-113.56847,53.46664],[-113.56862,53.46663],[-113.56877,53.46662],[-113.56892,53.46662],[-113.56907,53.46662],[-113.56923,53.46663],[-113.5693,53.46664],[-113.56937,53.46664],[-113.56944,53.46664],[-113.5695,53.46664],[-113.56957,53.46663],[-113.56964,53.46663],[-113.56978,53.46672],[-113.57008,53.46677],[-113.57052,53.46679],[-113.57053,53.46673],[-113.57077,53.46674],[-113.57128,53.46681],[-113.57121,53.46705],[-113.57069,53.46704],[-113.57014,53.46717],[-113.56979,53.46717],[-113.56897,53.46734],[-113.56823,53.46777],[-113.56707,53.46782],[-113.56602,53.4679],[-113.5659,53.46805],[-113.56591,53.46829],[-113.5666,53.46854],[-113.56638,53.46854],[-113.56637,53.4686],[-113.56619,53.46874],[-113.56615,53.46895],[-113.56644,53.46916],[-113.56647,53.46926],[-113.56597,53.46938],[-113.56609,53.46974],[-113.56657,53.46989],[-113.56671,53.47],[-113.56677,53.47012],[-113.5664,53.47099],[-113.56638,53.47107],[-113.56636,53.47115],[-113.56635,53.47123],[-113.56636,53.47131],[-113.56637,53.47139],[-113.56639,53.47147],[-113.5661,53.47159],[-113.56586,53.47165],[-113.56608,53.47191],[-113.56621,53.47201],[-113.56678,53.47204],[-113.5672,53.47216],[-113.56772,53.47223],[-113.56844,53.47239],[-113.56878,53.47251],[-113.56916,53.47269],[-113.56956,53.47279],[-113.5697,53.47284],[-113.56946,53.47299],[-113.56913,53.47289],[-113.56884,53.47275],[-113.5685,53.47266],[-113.56804,53.4727],[-113.56777,53.47268],[-113.5672,53.47278],[-113.56679,53.47277],[-113.56595,53.47269],[-113.56561,53.47269],[-113.56555,53.4727],[-113.56547,53.47267],[-113.56546,53.47267],[-113.56513,53.47269],[-113.56482,53.47294],[-113.56413,53.47296],[-113.56346,53.47321],[-113.56291,53.47395],[-113.5626,53.47459],[-113.56164,53.47577],[-113.56156,53.47588],[-113.562,53.4766],[-113.56169,53.47707],[-113.56128,53.47675],[-113.56067,53.47688],[-113.56101,53.47723],[-113.56104,53.47774],[-113.56075,53.47802],[-113.56092,53.47847],[-113.561,53.47893],[-113.56092,53.47947],[-113.56062,53.47977],[-113.5603,53.4799],[-113.55924,53.48021],[-113.55843,53.4804],[-113.55746,53.48058],[-113.55768,53.48096],[-113.55762,53.48125],[-113.55767,53.48162],[-113.55747,53.48177],[-113.55686,53.4825],[-113.55482,53.4825],[-113.55127,53.48257],[-113.54851,53.48283],[-113.54629,53.48299],[-113.54377,53.48309],[-113.54119,53.48305],[-113.54118,53.48226],[-113.54165,53.48228],[-113.54197,53.48233],[-113.54586,53.48241],[-113.54586,53.48234],[-113.54223,53.48089],[-113.54164,53.48098],[-113.54162,53.48092],[-113.54145,53.48028],[-113.54226,53.48028],[-113.54242,53.48013],[-113.54252,53.48005],[-113.54511,53.48109],[-113.54537,53.48115],[-113.54567,53.48117],[-113.546,53.48114],[-113.54628,53.48107],[-113.54753,53.48053],[-113.54881,53.47997],[-113.54974,53.47942],[-113.54989,53.4795],[-113.55019,53.47966],[-113.55045,53.4797],[-113.55121,53.47917],[-113.5518,53.47858],[-113.55239,53.47777],[-113.5528,53.47766],[-113.55256,53.47751],[-113.5519,53.47743],[-113.55175,53.47741],[-113.5518,53.47706],[-113.55175,53.47681],[-113.55192,53.4768],[-113.55267,53.47674],[-113.55288,53.47666],[-113.55233,53.47612],[-113.55205,53.4752],[-113.5522,53.47503],[-113.55182,53.47497],[-113.55107,53.47511],[-113.55093,53.47513],[-113.55084,53.47496],[-113.55067,53.47458],[-113.55083,53.47458],[-113.55222,53.47458],[-113.55255,53.47345],[-113.55357,53.47317],[-113.55545,53.47251],[-113.55684,53.47174],[-113.55601,53.47095],[-113.55149,53.46893],[-113.54954,53.46785],[-113.54975,53.46775],[-113.55223,53.46873],[-113.55253,53.46856],[-113.55274,53.46857],[-113.55365,53.46908],[-113.55462,53.46936],[-113.55599,53.46959],[-113.55595,53.46969],[-113.5558,53.47002],[-113.5575,53.47053],[-113.55799,53.47016],[-113.55829,53.46983],[-113.5582,53.46937],[-113.55787,53.46879],[-113.55713,53.46894],[-113.55647,53.46913],[-113.55483,53.46888],[-113.55332,53.46797],[-113.55332,53.46737],[-113.55132,53.46703],[-113.55057,53.46614],[-113.55055,53.46553],[-113.55098,53.46449],[-113.551,53.46439],[-113.54977,53.46466],[-113.54754,53.46443],[-113.54642,53.46389],[-113.54619,53.46316],[-113.54674,53.46185],[-113.53916,53.46184],[-113.53882,53.46184],[-113.53876,53.4613],[-113.53911,53.4613],[-113.54113,53.4613],[-113.54485,53.4613],[-113.54678,53.46096],[-113.54667,53.46067],[-113.54691,53.46017],[-113.54691,53.46009],[-113.54876,53.46009],[-113.54916,53.45962],[-113.5492,53.45933],[-113.54912,53.45918],[-113.54748,53.45919],[-113.5463,53.45925],[-113.54554,53.45926],[-113.54553,53.45891],[-113.5454,53.45866],[-113.54515,53.45839],[-113.54484,53.45821],[-113.54439,53.45806],[-113.54439,53.45797],[-113.54435,53.45693],[-113.54444,53.45695],[-113.54443,53.45664],[-113.54464,53.45652],[-113.54384,53.45639],[-113.54325,53.45625],[-113.54263,53.4558],[-113.54128,53.45541],[-113.54112,53.45513],[-113.54119,53.45492],[-113.54103,53.45479],[-113.54103,53.45462],[-113.5409,53.45453],[-113.54087,53.45448],[-113.54085,53.45438],[-113.54089,53.45429],[-113.54107,53.4542],[-113.541,53.45413],[-113.54082,53.45418],[-113.54067,53.4542],[-113.54044,53.45436],[-113.54028,53.45439],[-113.54007,53.45439],[-113.53993,53.45446],[-113.53944,53.45446],[-113.53939,53.45451],[-113.53926,53.45467],[-113.53799,53.45428],[-113.53905,53.45391],[-113.54088,53.45391],[-113.54118,53.45391],[-113.54769,53.45391],[-113.54817,53.45401],[-113.55205,53.45398],[-113.55326,53.45406],[-113.55249,53.45414],[-113.55094,53.45453],[-113.55116,53.45485],[-113.5511,53.45506],[-113.55096,53.45524],[-113.55104,53.45537],[-113.55098,53.45552],[-113.55129,53.45552],[-113.55142,53.45555],[-113.55275,53.45596],[-113.55294,53.45628],[-113.55311,53.45632],[-113.55355,53.45634],[-113.55363,53.45642],[-113.55375,53.45669],[-113.55388,53.45723],[-113.55376,53.45736],[-113.55378,53.4574],[-113.55383,53.45752],[-113.55392,53.45764],[-113.55388,53.45773],[-113.55381,53.45777],[-113.55397,53.45789],[-113.55408,53.45808],[-113.55403,53.45814],[-113.5541,53.45842],[-113.55407,53.45855],[-113.55399,53.45865],[-113.55412,53.4587],[-113.55407,53.45886],[-113.55396,53.45889],[-113.554,53.45896],[-113.55399,53.45903],[-113.55396,53.45906],[-113.55378,53.45913],[-113.5537,53.45921],[-113.55371,53.45924],[-113.55383,53.45931],[-113.55383,53.4594],[-113.55379,53.45947],[-113.55366,53.45952],[-113.55366,53.45957],[-113.55358,53.45962],[-113.55365,53.45987],[-113.55351,53.46013],[-113.55365,53.46039],[-113.55403,53.46068],[-113.55423,53.46067],[-113.55452,53.46086],[-113.55472,53.4611],[-113.55483,53.46131],[-113.5533,53.46131],[-113.5533,53.46194],[-113.55413,53.46194],[-113.55413,53.46203],[-113.55422,53.46212],[-113.55425,53.46247],[-113.55457,53.46273],[-113.55463,53.4628],[-113.55457,53.46311],[-113.55451,53.4633],[-113.5545,53.46351],[-113.55453,53.46362],[-113.55509,53.46392],[-113.55584,53.46364],[-113.55643,53.46384],[-113.55752,53.46392],[-113.55822,53.46423],[-113.55855,53.46452],[-113.5592,53.46481],[-113.55905,53.46495],[-113.55911,53.46508],[-113.55946,53.46514],[-113.55977,53.46539],[-113.55977,53.46549],[-113.55962,53.46586],[-113.55929,53.46605],[-113.55876,53.46649],[-113.55871,53.46673],[-113.55882,53.46684],[-113.55923,53.46692],[-113.55953,53.46691],[-113.55956,53.46658],[-113.55976,53.46656],[-113.55987,53.46669],[-113.56054,53.46641],[-113.56093,53.46618],[-113.56139,53.46595],[-113.5621,53.46567],[-113.56258,53.46562],[-113.56331,53.46592],[-113.56345,53.46589],[-113.56282,53.46516],[-113.56242,53.46477],[-113.56213,53.46444],[-113.56206,53.4642],[-113.56227,53.46412],[-113.56228,53.46405],[-113.56233,53.46405],[-113.56266,53.46409]]]]}},{"type":"Feature","properties":{"name":"MCARTHUR INDUSTRIAL"},"geometry":{"type":"MultiPolygon","coordinates":[[[[-113.5535,53.58408],[-113.5535,53.58384],[-113.5535,53.58375],[-113.55879,53.58375],[-113.55894,53.58375],[-113.55901,53.58386],[-113.56076,53.58553],[-113.56099,53.58557],[-113.56431,53.58903],[-113.56424,53.58918],[-113.56594,53.59092],[-113.56705,53.59206],[-113.57047,53.5949],[-113.57414,53.59801],[-113.57408,53.59835],[-113.57503,53.59945],[-113.56876,53.59947],[-113.56577,53.59944],[-113.56564,53.59953],[-113.56519,53.59953],[-113.56505,53.59944],[-113.56426,53.59945],[-113.56426,53.59915],[-113.56418,53.59332],[-113.56255,53.59219],[-113.56254,53.59219],[-113.56232,53.59219],[-113.56271,53.59144],[-113.56294,53.59099],[-113.56196,53.58999],[-113.56198,53.58925],[-113.55689,53.58407],[-113.55654,53.58397],[-113.55636,53.584],[-113.5542,53.58405],[-113.55387,53.58406],[-113.55381,53.58406],[-113.55375,53.58406],[-113.55368,53.58406],[-113.55362,53.58407],[-113.55356,53.58407],[-113.5535,53.58408]]]]}},{"type":"Feature","properties":{"name":"BULYEA HEIGHTS"},"geometry":{"type":"MultiPolygon","coordinates":[[[[-113.56164,53.47577],[-113.5626,53.47459],[-113.56291,53.47395],[-113.56346,53.47321],[-113.56413,53.47296],[-113.56482,53.47294],[-113.56513,53.47269],[-113.56546,53.47267],[-113.56547,53.47267],[-113.56555,53.4727],[-113.56561,53.47269],[-113.56595,53.47269],[-113.56679,53.47277],[-113.5672,53.47278],[-113.56777,53.47268],[-113.56804,53.4727],[-113.5685,53.47266],[-113.56884,53.47275],[-113.56913,53.47289],[-113.56946,53.47299],[-113.5697,53.47284],[-113.56956,53.47279],[-113.56916,53.47269],[-113.56878,53.47251],[-113.56844,53.47239],[-113.56772,53.47223],[-113.5672,53.47216],[-113.56678,53.47204],[-113.56621,53.47201],[-113.56608,53.47191],[-113.56586,53.47165],[-113.5661,53.47159],[-113.56639,53.47147],[-113.56637,53.47139],[-113.56636,53.47131],[-113.56635,53.47123],[-113.56636,53.47115],[-113.56638,53.47107],[-113.5664,53.47099],[-113.56677,53.47012],[-113.56671,53.47],[-113.56657,53.46989],[-113.56609,53.46974],[-113.56597,53.46938],[-113.56647,53.46926],[-113.56644,53.46916],[-113.56615,53.46895],[-113.56619,53.46874],[-113.56637,53.4686],[-113.56638,53.46854],[-113.5666,53.46854],[-113.56591,53.46829],[-113.5659,53.46805],[-113.56602,53.4679],[-113.56707,53.46782],[-113.56823,53.46777],[-113.56897,53.46734],[-113.56979,53.46717],[-113.57014,53.46717],[-113.57069,53.46704],[-113.57121,53.46705],[-113.57193,53.46712],[-113.57208,53.46715],[-113.57192,53.46755],[-113.57194,53.4678],[-113.57209,53.46804],[-113.57228,53.4682],[-113.57285,53.4685],[-113.575,53.46686],[-113.57795,53.46762],[-113.58152,53.46848],[-113.57502,53.47639],[-113.57235,53.47997],[-113.5707,53.48264],[-113.56376,53.4825],[-113.55686,53.4825],[-113.55747,53.48177],[-113.55767,53.48162],[-113.55762,53.48125],[-113.55768,53.48096],[-113.55746,53.48058],[-113.55843,53.4804],[-113.55924,53.48021],[-113.5603,53.4799],[-113.56062,53.47977],[-113.56092,53.47947],[-113.561,53.47893],[-113.56092,53.47847],[-113.56075,53.47802],[-113.56104,53.47774],[-113.56101,53.47723],[-113.56067,53.47688],[-113.56128,53.47675],[-113.56169,53.47707],[-113.562,53.4766],[-113.56156,53.47588],[-113.56164,53.47577]]]]}},{"type":"Feature","properties":{"name":"RIVER VALLEY RUNDLE"},"geometry":{"type":"MultiPolygon","coordinates":[[[[-113.40145,53.55763],[-113.39971,53.55778],[-113.39899,53.55778],[-113.39891,53.55787],[-113.39638,53.55787],[-113.39513,53.55787],[-113.39513,53.55778],[-113.39513,53.55761],[-113.39513,53.55758],[-113.39718,53.55759],[-113.39795,53.55723],[-113.39765,53.55693],[-113.39739,53.5569],[-113.39724,53.55666],[-113.39695,53.55647],[-113.39649,53.55631],[-113.39615,53.55628],[-113.39507,53.55627],[-113.39476,53.55625],[-113.39437,53.55619],[-113.39395,53.55611],[-113.39373,53.55608],[-113.39191,53.55606],[-113.39059,53.55606],[-113.39037,53.5561],[-113.39024,53.55616],[-113.39016,53.55622],[-113.38913,53.55742],[-113.38882,53.55762],[-113.38835,53.5578],[-113.38846,53.55798],[-113.38845,53.55819],[-113.3888,53.55837],[-113.38883,53.55838],[-113.38863,53.55855],[-113.38823,53.55889],[-113.38816,53.5589],[-113.38788,53.55911],[-113.38824,53.55928],[-113.38836,53.55934],[-113.38659,53.56069],[-113.38641,53.56087],[-113.38626,53.5611],[-113.38618,53.56132],[-113.38591,53.56239],[-113.38589,53.56261],[-113.38593,53.56279],[-113.38605,53.56306],[-113.38652,53.56406],[-113.38663,53.56422],[-113.38726,53.56488],[-113.38849,53.56616],[-113.38706,53.56624],[-113.3872,53.5669],[-113.38733,53.56718],[-113.38744,53.56737],[-113.38757,53.56769],[-113.38759,53.56803],[-113.38753,53.56847],[-113.38757,53.56859],[-113.38748,53.56868],[-113.38729,53.56942],[-113.38694,53.57003],[-113.38689,53.57029],[-113.38715,53.57071],[-113.38524,53.57173],[-113.38466,53.57228],[-113.38437,53.57291],[-113.38405,53.5736],[-113.38363,53.57461],[-113.37498,53.57221],[-113.37281,53.5716],[-113.37282,53.57159],[-113.37393,53.57048],[-113.3724,53.56991],[-113.37243,53.56988],[-113.3725,53.56982],[-113.37252,53.5698],[-113.37253,53.56979],[-113.37254,53.56978],[-113.37255,53.56977],[-113.37256,53.56976],[-113.37257,53.56974],[-113.37259,53.56973],[-113.37263,53.5697],[-113.37269,53.56965],[-113.37271,53.56963],[-113.37272,53.56962],[-113.37273,53.56961],[-113.37274,53.5696],[-113.37275,53.56959],[-113.37276,53.56957],[-113.37277,53.56955],[-113.37277,53.56955],[-113.37279,53.56953],[-113.3728,53.56951],[-113.37281,53.5695],[-113.37283,53.56949],[-113.37285,53.56948],[-113.37286,53.56947],[-113.37287,53.56946],[-113.37287,53.56945],[-113.37287,53.56945],[-113.37288,53.56943],[-113.37288,53.56942],[-113.37289,53.56941],[-113.3729,53.5694],[-113.37292,53.56937],[-113.37295,53.56935],[-113.37297,53.56934],[-113.37302,53.56929],[-113.37304,53.56928],[-113.37312,53.56922],[-113.37312,53.56921],[-113.37313,53.56921],[-113.37313,53.5692],[-113.37313,53.56919],[-113.37314,53.56918],[-113.37314,53.56916],[-113.37315,53.56916],[-113.37315,53.56915],[-113.37316,53.56914],[-113.37318,53.56912],[-113.37319,53.56911],[-113.37322,53.56908],[-113.37325,53.56906],[-113.37329,53.56903],[-113.37333,53.56899],[-113.37335,53.56898],[-113.37336,53.56897],[-113.3734,53.56895],[-113.37342,53.56893],[-113.37343,53.56893],[-113.37344,53.56892],[-113.37346,53.5689],[-113.37347,53.56889],[-113.37348,53.56887],[-113.37349,53.56886],[-113.3735,53.56885],[-113.37351,53.56885],[-113.37351,53.56884],[-113.37353,53.56883],[-113.37354,53.56881],[-113.37356,53.56879],[-113.37358,53.56878],[-113.37359,53.56877],[-113.37359,53.56876],[-113.3736,53.56876],[-113.3736,53.56875],[-113.37361,53.56875],[-113.37362,53.56874],[-113.37364,53.56871],[-113.37365,53.56868],[-113.37367,53.56865],[-113.37368,53.56864],[-113.37368,53.56863],[-113.37369,53.56861],[-113.3737,53.56859],[-113.3737,53.56858],[-113.3737,53.56858],[-113.37369,53.56855],[-113.37369,53.56854],[-113.37369,53.56853],[-113.37369,53.56852],[-113.3737,53.56851],[-113.37371,53.5685],[-113.37372,53.56849],[-113.37372,53.56849],[-113.37375,53.56848],[-113.37378,53.56847],[-113.37381,53.56846],[-113.37382,53.56846],[-113.37383,53.56846],[-113.37385,53.56845],[-113.37385,53.56844],[-113.37387,53.56843],[-113.37388,53.56842],[-113.37397,53.56835],[-113.37399,53.56834],[-113.374,53.56833],[-113.37401,53.56832],[-113.37402,53.56831],[-113.37406,53.56827],[-113.37407,53.56825],[-113.37411,53.56821],[-113.37412,53.56819],[-113.37414,53.56817],[-113.37415,53.56816],[-113.37417,53.56813],[-113.3742,53.5681],[-113.37421,53.56808],[-113.37423,53.56806],[-113.37425,53.56804],[-113.37427,53.56802],[-113.37429,53.56798],[-113.37431,53.56797],[-113.37432,53.56795],[-113.37433,53.56794],[-113.37434,53.56793],[-113.37435,53.56791],[-113.37436,53.56789],[-113.37438,53.56788],[-113.37438,53.56787],[-113.37439,53.56784],[-113.3744,53.56783],[-113.37441,53.56782],[-113.37441,53.56782],[-113.37443,53.56781],[-113.37444,53.5678],[-113.37444,53.56779],[-113.37445,53.56778],[-113.37447,53.56776],[-113.37448,53.56774],[-113.37451,53.56772],[-113.37452,53.5677],[-113.37454,53.56768],[-113.37455,53.56767],[-113.37456,53.56765],[-113.37456,53.56764],[-113.37458,53.56762],[-113.37461,53.56758],[-113.37461,53.56757],[-113.37462,53.56755],[-113.37463,53.56753],[-113.37464,53.56751],[-113.37465,53.5675],[-113.37466,53.56749],[-113.37467,53.56748],[-113.37467,53.56747],[-113.37468,53.56746],[-113.37469,53.56744],[-113.37469,53.56743],[-113.3747,53.56741],[-113.3747,53.5674],[-113.3747,53.5674],[-113.37471,53.56739],[-113.37471,53.56739],[-113.37472,53.56738],[-113.37473,53.56738],[-113.37474,53.56737],[-113.37476,53.56737],[-113.3748,53.56735],[-113.37481,53.56735],[-113.37482,53.56734],[-113.37483,53.56734],[-113.37484,53.56733],[-113.37485,53.56733],[-113.37486,53.56732],[-113.37488,53.56731],[-113.37488,53.5673],[-113.37492,53.56728],[-113.37494,53.56727],[-113.37495,53.56725],[-113.37496,53.56725],[-113.37502,53.56718],[-113.37503,53.56715],[-113.37504,53.56715],[-113.37505,53.56714],[-113.37506,53.56713],[-113.37507,53.56712],[-113.37512,53.56707],[-113.37513,53.56705],[-113.37515,53.56703],[-113.37517,53.56702],[-113.37518,53.567],[-113.37519,53.56699],[-113.3752,53.56699],[-113.37521,53.56698],[-113.37522,53.56696],[-113.37524,53.56694],[-113.37526,53.56692],[-113.37528,53.56689],[-113.3753,53.56688],[-113.37532,53.56686],[-113.37532,53.56685],[-113.37533,53.56684],[-113.37535,53.56681],[-113.37537,53.56678],[-113.37539,53.56676],[-113.3754,53.56675],[-113.3754,53.56674],[-113.37541,53.56674],[-113.37543,53.56673],[-113.37544,53.56672],[-113.37546,53.5667],[-113.37548,53.56668],[-113.37549,53.56667],[-113.3755,53.56666],[-113.37551,53.56665],[-113.37552,53.56663],[-113.37554,53.56662],[-113.37554,53.56661],[-113.37557,53.56659],[-113.37557,53.56659],[-113.37558,53.56658],[-113.37559,53.56657],[-113.37559,53.56656],[-113.37561,53.56655],[-113.37562,53.56654],[-113.37562,53.56653],[-113.37565,53.5665],[-113.37568,53.56646],[-113.37571,53.56642],[-113.37572,53.56641],[-113.37572,53.5664],[-113.37573,53.56638],[-113.37575,53.56636],[-113.37576,53.56634],[-113.37578,53.5663],[-113.37579,53.56628],[-113.3758,53.56627],[-113.3758,53.56627],[-113.37581,53.56625],[-113.37581,53.56623],[-113.37582,53.56621],[-113.37584,53.56617],[-113.37584,53.56615],[-113.37591,53.56604],[-113.37596,53.56597],[-113.376,53.5659],[-113.37601,53.56589],[-113.37602,53.56588],[-113.37604,53.56586],[-113.37605,53.56584],[-113.37607,53.56583],[-113.3761,53.5658],[-113.37611,53.56579],[-113.37612,53.56578],[-113.37615,53.56575],[-113.37618,53.56574],[-113.37619,53.56573],[-113.3762,53.56572],[-113.37624,53.56567],[-113.37628,53.56563],[-113.3763,53.5656],[-113.37637,53.56554],[-113.37644,53.56547],[-113.37649,53.56541],[-113.37654,53.56537],[-113.37664,53.56527],[-113.37671,53.5652],[-113.37677,53.56515],[-113.37679,53.56513],[-113.37681,53.56512],[-113.37682,53.5651],[-113.37683,53.56509],[-113.37683,53.56508],[-113.37684,53.56507],[-113.37684,53.56506],[-113.37685,53.56504],[-113.37686,53.56502],[-113.37686,53.565],[-113.37688,53.56492],[-113.37689,53.5649],[-113.37694,53.56477],[-113.37695,53.56472],[-113.37696,53.5647],[-113.37696,53.56467],[-113.37698,53.56462],[-113.37698,53.56458],[-113.37699,53.56456],[-113.37699,53.56453],[-113.377,53.56448],[-113.377,53.56445],[-113.377,53.56443],[-113.37702,53.56435],[-113.37705,53.56426],[-113.37708,53.56415],[-113.37708,53.56411],[-113.37709,53.56408],[-113.3771,53.56401],[-113.3771,53.56397],[-113.37711,53.56394],[-113.37712,53.56391],[-113.37713,53.56388],[-113.37713,53.56386],[-113.37715,53.56383],[-113.37719,53.56373],[-113.3772,53.5637],[-113.37722,53.56366],[-113.37722,53.56364],[-113.37723,53.5636],[-113.37724,53.56356],[-113.37724,53.56353],[-113.37725,53.56349],[-113.37725,53.56344],[-113.37725,53.56343],[-113.37725,53.56342],[-113.37725,53.56339],[-113.37725,53.56335],[-113.37724,53.56332],[-113.37724,53.5633],[-113.37725,53.56328],[-113.37725,53.56327],[-113.37725,53.56325],[-113.37726,53.56324],[-113.37727,53.56321],[-113.37727,53.5632],[-113.37729,53.56317],[-113.3773,53.56314],[-113.37733,53.56309],[-113.37734,53.56308],[-113.37735,53.56306],[-113.37738,53.56302],[-113.3774,53.56299],[-113.3774,53.56298],[-113.37742,53.56295],[-113.37742,53.56293],[-113.37743,53.56292],[-113.37743,53.5629],[-113.37744,53.56286],[-113.37744,53.56282],[-113.37744,53.5628],[-113.37745,53.56276],[-113.37745,53.56272],[-113.37745,53.5627],[-113.37744,53.56267],[-113.37744,53.56263],[-113.37743,53.56253],[-113.37742,53.56249],[-113.37742,53.56242],[-113.37742,53.56235],[-113.37741,53.5623],[-113.37741,53.56224],[-113.37742,53.5622],[-113.37742,53.56216],[-113.37742,53.56212],[-113.37743,53.56209],[-113.37743,53.56206],[-113.37744,53.56201],[-113.37746,53.56194],[-113.37747,53.5619],[-113.37748,53.56186],[-113.37748,53.56183],[-113.3775,53.56179],[-113.3775,53.56177],[-113.37751,53.56174],[-113.37753,53.56171],[-113.37754,53.56168],[-113.37757,53.56162],[-113.37759,53.56158],[-113.3777,53.56132],[-113.37772,53.56128],[-113.37774,53.56123],[-113.37778,53.56114],[-113.37783,53.56103],[-113.37785,53.56099],[-113.37786,53.56095],[-113.37787,53.56093],[-113.37787,53.56091],[-113.37788,53.56089],[-113.37788,53.56088],[-113.37788,53.56086],[-113.3779,53.56062],[-113.3779,53.56059],[-113.3779,53.56057],[-113.37791,53.56052],[-113.37792,53.56048],[-113.37792,53.56046],[-113.37792,53.56044],[-113.37792,53.5604],[-113.37792,53.56027],[-113.37792,53.56022],[-113.37792,53.56018],[-113.37792,53.56016],[-113.37792,53.56014],[-113.37793,53.56013],[-113.37793,53.5601],[-113.37795,53.56004],[-113.37795,53.56],[-113.37796,53.55998],[-113.37798,53.55983],[-113.378,53.55975],[-113.37801,53.55969],[-113.37801,53.55965],[-113.37802,53.55962],[-113.37802,53.55959],[-113.37802,53.55953],[-113.37802,53.5595],[-113.37802,53.55947],[-113.37802,53.55945],[-113.37803,53.55943],[-113.37804,53.55938],[-113.37804,53.55935],[-113.37804,53.55932],[-113.37804,53.55928],[-113.37804,53.55926],[-113.37804,53.55923],[-113.37804,53.55921],[-113.37803,53.55918],[-113.37802,53.55914],[-113.37801,53.55912],[-113.378,53.55909],[-113.37799,53.55906],[-113.37797,53.55903],[-113.37796,53.559],[-113.37794,53.55895],[-113.37793,53.55894],[-113.37792,53.55893],[-113.37792,53.55892],[-113.3779,53.55891],[-113.37786,53.55887],[-113.37785,53.55886],[-113.37784,53.55885],[-113.37783,53.55884],[-113.37783,53.55884],[-113.37783,53.55883],[-113.37782,53.55882],[-113.37782,53.55881],[-113.37783,53.55878],[-113.37783,53.55875],[-113.37785,53.55864],[-113.37787,53.55858],[-113.37787,53.55855],[-113.37788,53.55853],[-113.37789,53.55852],[-113.3779,53.55849],[-113.37791,53.55847],[-113.37793,53.55843],[-113.37794,53.55843],[-113.37794,53.55842],[-113.37795,53.55842],[-113.37798,53.55839],[-113.37799,53.55838],[-113.37799,53.55837],[-113.378,53.55837],[-113.378,53.55836],[-113.37801,53.55834],[-113.37802,53.55832],[-113.37802,53.5583],[-113.37802,53.55829],[-113.37802,53.55828],[-113.37802,53.55827],[-113.37802,53.55826],[-113.37802,53.55823],[-113.37801,53.55821],[-113.37801,53.5582],[-113.37801,53.55819],[-113.37801,53.55818],[-113.37802,53.55818],[-113.37802,53.55816],[-113.37803,53.55814],[-113.37805,53.55811],[-113.37807,53.55809],[-113.37807,53.55808],[-113.37809,53.55805],[-113.37813,53.55795],[-113.37815,53.55791],[-113.37817,53.55789],[-113.37818,53.55787],[-113.37821,53.55783],[-113.37822,53.5578],[-113.37823,53.55779],[-113.37823,53.55778],[-113.37824,53.55775],[-113.37826,53.5577],[-113.37827,53.55769],[-113.37828,53.55767],[-113.37829,53.55766],[-113.3783,53.55765],[-113.37831,53.55762],[-113.37833,53.5576],[-113.37835,53.55758],[-113.37838,53.55755],[-113.37839,53.55754],[-113.37841,53.55753],[-113.37843,53.55751],[-113.37845,53.55749],[-113.37846,53.55748],[-113.37847,53.55747],[-113.37849,53.55745],[-113.3785,53.55743],[-113.37851,53.55742],[-113.37852,53.5574],[-113.37853,53.55739],[-113.37853,53.55738],[-113.37854,53.55737],[-113.37856,53.5573],[-113.37857,53.55724],[-113.37858,53.55722],[-113.37859,53.55716],[-113.3786,53.55713],[-113.3786,53.55711],[-113.37861,53.55709],[-113.37863,53.55705],[-113.37871,53.55686],[-113.37873,53.55681],[-113.37876,53.55676],[-113.37878,53.55672],[-113.37879,53.5567],[-113.3788,53.55668],[-113.37883,53.55664],[-113.37888,53.55656],[-113.3789,53.55653],[-113.37895,53.55646],[-113.37897,53.55643],[-113.37899,53.5564],[-113.379,53.55638],[-113.37901,53.55636],[-113.37902,53.55633],[-113.37903,53.55632],[-113.37907,53.55615],[-113.37909,53.5561],[-113.37909,53.5561],[-113.37909,53.55609],[-113.37909,53.55607],[-113.37909,53.55606],[-113.37909,53.55605],[-113.37908,53.55602],[-113.37908,53.556],[-113.37907,53.55597],[-113.37907,53.55595],[-113.37905,53.55589],[-113.37904,53.55586],[-113.37904,53.55584],[-113.37903,53.55581],[-113.37903,53.55579],[-113.37903,53.55576],[-113.37903,53.55575],[-113.37903,53.55573],[-113.37903,53.55572],[-113.37903,53.55571],[-113.37904,53.55569],[-113.37905,53.55564],[-113.37907,53.55559],[-113.37908,53.55557],[-113.37908,53.55556],[-113.37909,53.55555],[-113.3791,53.55554],[-113.37918,53.55545],[-113.37919,53.55543],[-113.3792,53.55542],[-113.37921,53.55541],[-113.37922,53.55539],[-113.37923,53.55537],[-113.37924,53.55535],[-113.37925,53.55532],[-113.37925,53.55531],[-113.37927,53.55522],[-113.37929,53.55516],[-113.37932,53.55505],[-113.37932,53.55503],[-113.37933,53.55501],[-113.37934,53.55498],[-113.37935,53.55496],[-113.37936,53.55495],[-113.37936,53.55493],[-113.37936,53.55492],[-113.37936,53.5549],[-113.37937,53.55488],[-113.37936,53.55482],[-113.37936,53.55481],[-113.37936,53.5548],[-113.37936,53.55478],[-113.37935,53.55476],[-113.37935,53.55475],[-113.37935,53.55474],[-113.37936,53.55473],[-113.37937,53.55471],[-113.37938,53.55468],[-113.37939,53.55463],[-113.3794,53.55462],[-113.37941,53.5546],[-113.37942,53.55458],[-113.37944,53.55455],[-113.3795,53.55447],[-113.37952,53.55444],[-113.37953,53.55443],[-113.37953,53.55442],[-113.37953,53.55441],[-113.37953,53.5544],[-113.37954,53.55437],[-113.37954,53.55436],[-113.37955,53.55435],[-113.37956,53.55433],[-113.37957,53.55431],[-113.3796,53.55427],[-113.37961,53.55425],[-113.37962,53.55423],[-113.37963,53.55422],[-113.37963,53.5542],[-113.37964,53.55418],[-113.37965,53.55416],[-113.37966,53.55415],[-113.37966,53.55414],[-113.37971,53.55407],[-113.3798,53.55395],[-113.37984,53.55389],[-113.37986,53.55387],[-113.37988,53.55384],[-113.37995,53.55375],[-113.37999,53.55371],[-113.38001,53.55368],[-113.38004,53.55366],[-113.38006,53.55364],[-113.38011,53.55359],[-113.38015,53.55355],[-113.3802,53.5535],[-113.38021,53.55349],[-113.38023,53.55347],[-113.38025,53.55344],[-113.38027,53.55342],[-113.38028,53.55341],[-113.38029,53.55341],[-113.3803,53.5534],[-113.38032,53.55339],[-113.38032,53.55338],[-113.38036,53.55336],[-113.38037,53.55335],[-113.38038,53.55334],[-113.38043,53.55331],[-113.38048,53.55327],[-113.38049,53.55325],[-113.38055,53.55319],[-113.38058,53.55317],[-113.38059,53.55316],[-113.38063,53.55313],[-113.38073,53.55306],[-113.38079,53.55301],[-113.38086,53.55296],[-113.38088,53.55295],[-113.38091,53.55293],[-113.38096,53.55289],[-113.38099,53.55287],[-113.38117,53.55276],[-113.38121,53.55273],[-113.38124,53.55272],[-113.38126,53.5527],[-113.38129,53.55268],[-113.38134,53.55263],[-113.38139,53.5526],[-113.38143,53.55257],[-113.38146,53.55255],[-113.38147,53.55254],[-113.38149,53.55253],[-113.3815,53.55252],[-113.38152,53.55252],[-113.38158,53.55249],[-113.3816,53.55248],[-113.38161,53.55247],[-113.38162,53.55247],[-113.38164,53.55245],[-113.38166,53.55244],[-113.3817,53.55241],[-113.38173,53.55239],[-113.38177,53.55236],[-113.38181,53.55233],[-113.38183,53.55231],[-113.38185,53.5523],[-113.3819,53.55228],[-113.38193,53.55226],[-113.382,53.55223],[-113.38205,53.55221],[-113.3821,53.55218],[-113.38213,53.55217],[-113.38215,53.55217],[-113.38216,53.55216],[-113.38219,53.55215],[-113.38225,53.55214],[-113.38226,53.55213],[-113.38228,53.55213],[-113.3823,53.55212],[-113.38238,53.55209],[-113.38242,53.55207],[-113.38245,53.55206],[-113.38247,53.55206],[-113.38252,53.55204],[-113.38256,53.55203],[-113.38257,53.55202],[-113.38259,53.55202],[-113.38262,53.552],[-113.38264,53.55199],[-113.38265,53.55199],[-113.38269,53.55198],[-113.38273,53.55196],[-113.38275,53.55196],[-113.38279,53.55195],[-113.38281,53.55194],[-113.38285,53.55194],[-113.38288,53.55193],[-113.38295,53.55192],[-113.383,53.55191],[-113.38305,53.5519],[-113.3831,53.55189],[-113.38313,53.55188],[-113.38317,53.55187],[-113.3832,53.55186],[-113.38323,53.55185],[-113.38326,53.55184],[-113.38328,53.55183],[-113.3833,53.55182],[-113.38334,53.55181],[-113.38338,53.55178],[-113.38343,53.55176],[-113.38346,53.55175],[-113.38348,53.55174],[-113.38351,53.55173],[-113.38356,53.55171],[-113.38359,53.5517],[-113.38361,53.55169],[-113.38362,53.55168],[-113.38364,53.55167],[-113.38367,53.55165],[-113.38371,53.55163],[-113.38378,53.55159],[-113.38389,53.55152],[-113.38391,53.55152],[-113.38392,53.55151],[-113.38395,53.55149],[-113.38397,53.55148],[-113.384,53.55147],[-113.38401,53.55147],[-113.38403,53.55146],[-113.38405,53.55146],[-113.38407,53.55145],[-113.38414,53.55143],[-113.38416,53.55143],[-113.38418,53.55142],[-113.38419,53.55142],[-113.3842,53.55141],[-113.38422,53.5514],[-113.38423,53.5514],[-113.38427,53.55137],[-113.38428,53.55136],[-113.3843,53.55135],[-113.38431,53.55135],[-113.38432,53.55135],[-113.38434,53.55134],[-113.38439,53.55133],[-113.38442,53.55132],[-113.38456,53.55128],[-113.38472,53.55123],[-113.3848,53.5512],[-113.38503,53.55113],[-113.38508,53.55112],[-113.38514,53.5511],[-113.38518,53.55109],[-113.38523,53.55108],[-113.38549,53.55103],[-113.38561,53.55101],[-113.38572,53.55098],[-113.3858,53.55096],[-113.38588,53.55095],[-113.38591,53.55094],[-113.38601,53.55091],[-113.38605,53.5509],[-113.38609,53.55089],[-113.38612,53.55089],[-113.3862,53.55087],[-113.38628,53.55086],[-113.38644,53.55084],[-113.38655,53.55082],[-113.38661,53.55081],[-113.38682,53.55078],[-113.38688,53.55077],[-113.38694,53.55076],[-113.38698,53.55076],[-113.38704,53.55075],[-113.38708,53.55075],[-113.38713,53.55074],[-113.38716,53.55074],[-113.3872,53.55074],[-113.38726,53.55074],[-113.38729,53.55074],[-113.38733,53.55074],[-113.38739,53.55075],[-113.38741,53.55075],[-113.38743,53.55075],[-113.38746,53.55076],[-113.38748,53.55076],[-113.38749,53.55076],[-113.38751,53.55077],[-113.38753,53.55077],[-113.38756,53.55076],[-113.38758,53.55076],[-113.38761,53.55076],[-113.38764,53.55076],[-113.38776,53.55074],[-113.3878,53.55074],[-113.38782,53.55074],[-113.38784,53.55074],[-113.38787,53.55074],[-113.38798,53.55074],[-113.3881,53.55074],[-113.38833,53.55074],[-113.38837,53.55074],[-113.38842,53.55074],[-113.38851,53.55074],[-113.38857,53.55074],[-113.38862,53.55074],[-113.38868,53.55074],[-113.38872,53.55074],[-113.38876,53.55074],[-113.38881,53.55074],[-113.38885,53.55075],[-113.38894,53.55075],[-113.38897,53.55076],[-113.38907,53.55077],[-113.38913,53.55077],[-113.38915,53.55077],[-113.38919,53.55078],[-113.38923,53.55078],[-113.38932,53.55078],[-113.38937,53.55078],[-113.3895,53.55078],[-113.38954,53.55078],[-113.38957,53.55078],[-113.3896,53.55078],[-113.38966,53.55078],[-113.3897,53.55078],[-113.38975,53.55077],[-113.3899,53.55076],[-113.38998,53.55076],[-113.39005,53.55075],[-113.39007,53.55075],[-113.39009,53.55075],[-113.39012,53.55074],[-113.39014,53.55073],[-113.39017,53.55073],[-113.39043,53.55063],[-113.39045,53.55062],[-113.39046,53.55062],[-113.39047,53.55062],[-113.39048,53.55062],[-113.39049,53.55062],[-113.39056,53.55062],[-113.39063,53.55061],[-113.39069,53.55061],[-113.39073,53.55061],[-113.39081,53.55061],[-113.39088,53.55061],[-113.39093,53.55061],[-113.39112,53.55061],[-113.39124,53.55061],[-113.39137,53.55062],[-113.39141,53.55062],[-113.39144,53.55062],[-113.39146,53.55062],[-113.39147,53.55062],[-113.39151,53.55062],[-113.39154,53.55063],[-113.39158,53.55063],[-113.3916,53.55064],[-113.39163,53.55064],[-113.39167,53.55065],[-113.39174,53.55067],[-113.39181,53.55069],[-113.39185,53.5507],[-113.39205,53.55075],[-113.39213,53.55077],[-113.39221,53.55078],[-113.39224,53.55079],[-113.39228,53.5508],[-113.3923,53.5508],[-113.39234,53.55081],[-113.39235,53.55081],[-113.39237,53.55081],[-113.39238,53.5508],[-113.39239,53.5508],[-113.39242,53.55079],[-113.39243,53.55079],[-113.39246,53.55079],[-113.39247,53.55079],[-113.3925,53.55079],[-113.39254,53.55079],[-113.39256,53.5508],[-113.3926,53.5508],[-113.39264,53.55081],[-113.39269,53.55082],[-113.39272,53.55083],[-113.39274,53.55083],[-113.39276,53.55084],[-113.39296,53.5509],[-113.39315,53.55095],[-113.39328,53.55099],[-113.39334,53.55101],[-113.39339,53.55103],[-113.39343,53.55104],[-113.39345,53.55105],[-113.39358,53.55109],[-113.39371,53.55115],[-113.39373,53.55116],[-113.39375,53.55116],[-113.39379,53.55118],[-113.39382,53.55119],[-113.39397,53.55125],[-113.39403,53.55128],[-113.3941,53.55131],[-113.39412,53.55132],[-113.39415,53.55133],[-113.39419,53.55136],[-113.39422,53.55137],[-113.39424,53.55138],[-113.39427,53.55139],[-113.39436,53.55143],[-113.3944,53.55144],[-113.39444,53.55147],[-113.39449,53.55149],[-113.39452,53.55151],[-113.39459,53.55154],[-113.39466,53.55156],[-113.3947,53.55159],[-113.39474,53.5516],[-113.39477,53.55162],[-113.39483,53.55165],[-113.39488,53.55167],[-113.3949,53.55168],[-113.39496,53.55171],[-113.39499,53.55172],[-113.39502,53.55173],[-113.39509,53.55177],[-113.39511,53.55178],[-113.39516,53.5518],[-113.39519,53.55181],[-113.3952,53.55182],[-113.39521,53.55183],[-113.39523,53.55184],[-113.39526,53.55186],[-113.39527,53.55187],[-113.39528,53.55188],[-113.3953,53.55189],[-113.39532,53.5519],[-113.39536,53.55191],[-113.39539,53.55192],[-113.3954,53.55193],[-113.39549,53.55198],[-113.39552,53.55199],[-113.39554,53.552],[-113.39555,53.55201],[-113.39556,53.55202],[-113.39557,53.55202],[-113.39558,53.55203],[-113.39559,53.55204],[-113.39561,53.55207],[-113.39562,53.55207],[-113.39563,53.55208],[-113.39565,53.55209],[-113.39566,53.55211],[-113.39568,53.55211],[-113.39569,53.55212],[-113.39579,53.55217],[-113.39595,53.55225],[-113.39597,53.55226],[-113.396,53.55228],[-113.39602,53.55228],[-113.39604,53.55229],[-113.39608,53.5523],[-113.39609,53.55231],[-113.3961,53.55231],[-113.39613,53.55231],[-113.39614,53.55231],[-113.39615,53.55231],[-113.39617,53.55232],[-113.39619,53.55232],[-113.3962,53.55233],[-113.39622,53.55233],[-113.39623,53.55234],[-113.39625,53.55235],[-113.39626,53.55235],[-113.39628,53.55237],[-113.3963,53.55238],[-113.39631,53.55238],[-113.39632,53.55239],[-113.39633,53.55241],[-113.39635,53.55242],[-113.39636,53.55242],[-113.39637,53.55243],[-113.39639,53.55244],[-113.39641,53.55245],[-113.39646,53.55247],[-113.39648,53.55248],[-113.39649,53.55249],[-113.3966,53.55255],[-113.39665,53.55257],[-113.3967,53.5526],[-113.39673,53.55261],[-113.39675,53.55263],[-113.3968,53.55266],[-113.39691,53.55273],[-113.39695,53.55275],[-113.39697,53.55276],[-113.39699,53.55278],[-113.39702,53.5528],[-113.3971,53.55286],[-113.39715,53.55291],[-113.39721,53.55295],[-113.39729,53.55301],[-113.39731,53.55302],[-113.39733,53.55303],[-113.39736,53.55304],[-113.39737,53.55305],[-113.39738,53.55305],[-113.3974,53.55306],[-113.39743,53.55309],[-113.3975,53.55313],[-113.39752,53.55314],[-113.39753,53.55315],[-113.39755,53.55316],[-113.39756,53.55318],[-113.39758,53.55319],[-113.39761,53.55322],[-113.39762,53.55323],[-113.39765,53.55325],[-113.39769,53.55328],[-113.39775,53.55332],[-113.3978,53.55336],[-113.39782,53.55337],[-113.39784,53.55339],[-113.39786,53.5534],[-113.39789,53.55343],[-113.39796,53.5535],[-113.39798,53.55351],[-113.398,53.55353],[-113.39804,53.55356],[-113.39809,53.55359],[-113.39812,53.55361],[-113.39816,53.55364],[-113.39822,53.55367],[-113.39827,53.55371],[-113.39839,53.55377],[-113.39843,53.55379],[-113.39849,53.55382],[-113.39852,53.55384],[-113.39857,53.55386],[-113.39859,53.55387],[-113.3986,53.55387],[-113.39861,53.55387],[-113.39863,53.55388],[-113.39869,53.55389],[-113.3987,53.55389],[-113.39872,53.5539],[-113.39873,53.5539],[-113.39876,53.55392],[-113.39879,53.55393],[-113.39881,53.55394],[-113.39884,53.55396],[-113.39885,53.55396],[-113.39887,53.55398],[-113.39888,53.55399],[-113.39891,53.55401],[-113.39898,53.55406],[-113.39901,53.55409],[-113.39924,53.55426],[-113.39931,53.55431],[-113.39935,53.55434],[-113.39937,53.55435],[-113.39938,53.55436],[-113.39942,53.55438],[-113.39948,53.55442],[-113.39953,53.55445],[-113.39961,53.5545],[-113.39964,53.55452],[-113.39967,53.55454],[-113.39969,53.55455],[-113.3997,53.55456],[-113.39971,53.55457],[-113.39972,53.55459],[-113.39977,53.55464],[-113.39978,53.55465],[-113.3998,53.55467],[-113.39989,53.55475],[-113.39999,53.55484],[-113.40005,53.5549],[-113.40013,53.55497],[-113.40021,53.55504],[-113.40027,53.55508],[-113.40031,53.55512],[-113.40036,53.55516],[-113.40045,53.55523],[-113.40051,53.55528],[-113.40054,53.55531],[-113.40057,53.55534],[-113.40064,53.55539],[-113.40068,53.55543],[-113.40071,53.55545],[-113.40074,53.55548],[-113.40097,53.55566],[-113.40105,53.55572],[-113.40114,53.55579],[-113.40119,53.55584],[-113.40121,53.55585],[-113.40123,53.55587],[-113.40127,53.55591],[-113.40134,53.55598],[-113.40136,53.556],[-113.40139,53.55602],[-113.40147,53.55609],[-113.40145,53.55763]]]]}},{"type":"Feature","properties":{"name":"CALLAGHAN"},"geometry":{"type":"MultiPolygon","coordinates":[[[[-113.5361,53.40412],[-113.53638,53.40425],[-113.53721,53.40469],[-113.53572,53.40575],[-113.53557,53.40584],[-113.53126,53.40863],[-113.52298,53.41398],[-113.5191,53.41644],[-113.51821,53.41709],[-113.51705,53.41656],[-113.51638,53.41639],[-113.51638,53.41453],[-113.51653,53.41457],[-113.51689,53.41464],[-113.51727,53.41465],[-113.51746,53.4146],[-113.51773,53.41458],[-113.51788,53.41461],[-113.51794,53.41467],[-113.51814,53.41477],[-113.51835,53.41482],[-113.51864,53.41483],[-113.51867,53.41487],[-113.51879,53.4149],[-113.51896,53.41493],[-113.5192,53.41489],[-113.51936,53.4148],[-113.51949,53.41467],[-113.51961,53.41454],[-113.51977,53.4145],[-113.51991,53.41449],[-113.52011,53.41442],[-113.52027,53.41433],[-113.52036,53.41423],[-113.52043,53.41405],[-113.52055,53.41385],[-113.52061,53.41369],[-113.52063,53.41353],[-113.52068,53.41333],[-113.52074,53.41313],[-113.52082,53.41306],[-113.52088,53.41296],[-113.52086,53.4128],[-113.52079,53.41266],[-113.52075,53.41254],[-113.52062,53.41241],[-113.52049,53.41233],[-113.52061,53.41219],[-113.52062,53.41202],[-113.52038,53.41139],[-113.52069,53.41129],[-113.52131,53.41128],[-113.52178,53.41123],[-113.52222,53.41097],[-113.52233,53.41037],[-113.52217,53.41037],[-113.52212,53.41036],[-113.52197,53.41034],[-113.52172,53.41033],[-113.52181,53.41025],[-113.52211,53.41011],[-113.52215,53.40998],[-113.52201,53.40975],[-113.52211,53.40952],[-113.52222,53.40952],[-113.52246,53.40946],[-113.52252,53.4094],[-113.52263,53.40935],[-113.52275,53.40933],[-113.52279,53.40918],[-113.52285,53.4091],[-113.52293,53.40911],[-113.52294,53.40921],[-113.52299,53.40925],[-113.52309,53.40931],[-113.52316,53.40929],[-113.5232,53.40924],[-113.52322,53.40916],[-113.52328,53.40904],[-113.5233,53.40896],[-113.52328,53.40891],[-113.52337,53.40882],[-113.52348,53.40869],[-113.52358,53.40851],[-113.52368,53.40843],[-113.52382,53.40831],[-113.52399,53.40813],[-113.52381,53.40782],[-113.52369,53.40774],[-113.52334,53.40763],[-113.52322,53.4076],[-113.52289,53.40764],[-113.52285,53.40761],[-113.52243,53.40758],[-113.52223,53.40765],[-113.52213,53.4077],[-113.52214,53.40786],[-113.52197,53.40784],[-113.52199,53.40769],[-113.52197,53.4075],[-113.52179,53.40742],[-113.52183,53.40726],[-113.52162,53.40706],[-113.5213,53.40689],[-113.5208,53.40675],[-113.52058,53.40676],[-113.52035,53.40671],[-113.52017,53.40676],[-113.51983,53.40708],[-113.51979,53.40718],[-113.51871,53.40741],[-113.51873,53.40737],[-113.5187,53.40727],[-113.51859,53.40669],[-113.51834,53.40662],[-113.51807,53.40643],[-113.52008,53.40555],[-113.52058,53.40526],[-113.5216,53.40466],[-113.52204,53.40441],[-113.52276,53.40403],[-113.5234,53.40376],[-113.5242,53.40352],[-113.52502,53.40335],[-113.52565,53.40326],[-113.52644,53.40319],[-113.52756,53.40315],[-113.5286,53.40315],[-113.53131,53.40314],[-113.53191,53.40314],[-113.53246,53.40317],[-113.53309,53.40323],[-113.53401,53.40338],[-113.5347,53.40356],[-113.53555,53.40386],[-113.5361,53.40412]]]]}},{"type":"Feature","properties":{"name":"RIVER VALLEY HIGHLANDS"},"geometry":{"type":"MultiPolygon","coordinates":[[[[-113.39891,53.55787],[-113.39899,53.55778],[-113.39971,53.55778],[-113.40145,53.55763],[-113.40219,53.55841],[-113.40323,53.55924],[-113.40417,53.55993],[-113.40536,53.56058],[-113.40672,53.5612],[-113.40788,53.56168],[-113.41035,53.56252],[-113.41217,53.56299],[-113.41379,53.56324],[-113.41543,53.56336],[-113.41755,53.56339],[-113.4192,53.56328],[-113.42146,53.56303],[-113.42355,53.56256],[-113.42548,53.56196],[-113.42645,53.56153],[-113.42988,53.55975],[-113.43347,53.55786],[-113.43488,53.55715],[-113.43647,53.55646],[-113.43858,53.5557],[-113.44011,53.55529],[-113.44153,53.55501],[-113.44476,53.55455],[-113.44611,53.5559],[-113.44659,53.55643],[-113.44709,53.55696],[-113.44731,53.55719],[-113.44741,53.55732],[-113.44817,53.55813],[-113.44819,53.55824],[-113.44718,53.5585],[-113.44661,53.55875],[-113.44441,53.55976],[-113.44267,53.56017],[-113.4425,53.56021],[-113.44207,53.56044],[-113.44169,53.56053],[-113.44053,53.56125],[-113.43785,53.5619],[-113.43771,53.56193],[-113.438,53.56264],[-113.43677,53.56293],[-113.43655,53.56275],[-113.43634,53.56263],[-113.43606,53.56255],[-113.43581,53.56253],[-113.43544,53.56257],[-113.43491,53.56259],[-113.43449,53.56263],[-113.43396,53.56273],[-113.43158,53.56361],[-113.4294,53.5644],[-113.42902,53.56446],[-113.42582,53.5648],[-113.42307,53.56509],[-113.42155,53.56524],[-113.42002,53.5654],[-113.41839,53.56559],[-113.41839,53.5653],[-113.41823,53.5653],[-113.41684,53.56529],[-113.4157,53.5653],[-113.41546,53.56528],[-113.4153,53.56537],[-113.41446,53.56529],[-113.41101,53.56507],[-113.40924,53.56432],[-113.40907,53.56423],[-113.40894,53.56412],[-113.40887,53.56402],[-113.40906,53.56402],[-113.40844,53.56343],[-113.40632,53.56267],[-113.40603,53.56267],[-113.40508,53.56227],[-113.40487,53.56234],[-113.40317,53.56144],[-113.40227,53.56072],[-113.40195,53.56045],[-113.40176,53.56035],[-113.40105,53.55997],[-113.40069,53.55966],[-113.40029,53.55932],[-113.39994,53.55878],[-113.39891,53.55787]]]]}},{"type":"Feature","properties":{"name":"ELSINORE"},"geometry":{"type":"MultiPolygon","coordinates":[[[[-113.50562,53.64041],[-113.50563,53.64067],[-113.50585,53.64066],[-113.50607,53.64065],[-113.50628,53.64063],[-113.5065,53.64061],[-113.50671,53.64057],[-113.50692,53.64054],[-113.50689,53.64253],[-113.50522,53.64253],[-113.50429,53.64252],[-113.50429,53.6433],[-113.50429,53.64417],[-113.5043,53.64428],[-113.50434,53.64442],[-113.50433,53.64486],[-113.50429,53.64483],[-113.50428,53.64547],[-113.50307,53.64546],[-113.50154,53.64544],[-113.49953,53.64541],[-113.49792,53.64495],[-113.49747,53.64464],[-113.49701,53.64432],[-113.49556,53.6433],[-113.4924,53.6433],[-113.49193,53.6433],[-113.49189,53.64092],[-113.49189,53.63845],[-113.49208,53.63789],[-113.49212,53.63606],[-113.49286,53.63606],[-113.49573,53.63606],[-113.49609,53.63606],[-113.49806,53.63606],[-113.49848,53.63606],[-113.50564,53.63606],[-113.50564,53.63687],[-113.50479,53.63687],[-113.50437,53.63685],[-113.50476,53.63727],[-113.50479,53.6373],[-113.50491,53.63753],[-113.50496,53.63769],[-113.505,53.63783],[-113.50501,53.63786],[-113.50502,53.63805],[-113.50502,53.63818],[-113.50496,53.63851],[-113.50523,53.63854],[-113.50571,53.6387],[-113.50569,53.63937],[-113.50555,53.63937],[-113.50562,53.64041]]]]}},{"type":"Feature","properties":{"name":"SWEET GRASS"},"geometry":{"type":"MultiPolygon","coordinates":[[[[-113.51642,53.4632],[-113.51647,53.46131],[-113.51647,53.46117],[-113.52095,53.4612],[-113.52733,53.46118],[-113.52734,53.46131],[-113.52877,53.4613],[-113.53195,53.4613],[-113.53846,53.4613],[-113.53876,53.4613],[-113.53885,53.46212],[-113.53871,53.46508],[-113.53871,53.46745],[-113.53376,53.46746],[-113.53226,53.46742],[-113.53067,53.46732],[-113.52863,53.46707],[-113.52507,53.46662],[-113.51911,53.46581],[-113.51636,53.4658],[-113.51642,53.4632]]]]}},{"type":"Feature","properties":{"name":"KENNEDALE INDUSTRIAL"},"geometry":{"type":"MultiPolygon","coordinates":[[[[-113.43356,53.58832],[-113.43051,53.59022],[-113.42739,53.59216],[-113.42565,53.59324],[-113.42561,53.59327],[-113.42535,53.59343],[-113.42098,53.59616],[-113.42009,53.59672],[-113.41886,53.59749],[-113.41844,53.59775],[-113.41823,53.59788],[-113.41762,53.59773],[-113.41568,53.59732],[-113.41339,53.59707],[-113.41352,53.59627],[-113.41374,53.59555],[-113.41407,53.59489],[-113.41457,53.5941],[-113.41506,53.59346],[-113.41625,53.59213],[-113.41677,53.59153],[-113.41722,53.59099],[-113.41769,53.59027],[-113.41808,53.58953],[-113.41818,53.58923],[-113.41826,53.58864],[-113.41827,53.58759],[-113.4184,53.58739],[-113.41842,53.58555],[-113.41829,53.5852],[-113.4183,53.58389],[-113.41852,53.58389],[-113.43065,53.58387],[-113.44005,53.58387],[-113.44068,53.58387],[-113.43673,53.58634],[-113.43386,53.58813],[-113.43356,53.58832]]]]}},{"type":"Feature","properties":{"name":"SIFTON PARK"},"geometry":{"type":"MultiPolygon","coordinates":[[[[-113.40248,53.59477],[-113.40268,53.59258],[-113.40278,53.59144],[-113.40282,53.59091],[-113.40328,53.591],[-113.40363,53.59125],[-113.40385,53.5914],[-113.40509,53.59165],[-113.40634,53.59164],[-113.4068,53.59181],[-113.40776,53.59165],[-113.40822,53.5918],[-113.40877,53.5918],[-113.40929,53.59221],[-113.40979,53.59247],[-113.41044,53.59244],[-113.41101,53.5926],[-113.4119,53.59307],[-113.41205,53.59312],[-113.41241,53.59277],[-113.41227,53.59273],[-113.41175,53.59258],[-113.41148,53.59221],[-113.41031,53.59183],[-113.41031,53.59164],[-113.41093,53.59158],[-113.41165,53.59182],[-113.41233,53.59158],[-113.41355,53.59159],[-113.41355,53.59152],[-113.41632,53.59153],[-113.41677,53.59153],[-113.41625,53.59213],[-113.41506,53.59346],[-113.41457,53.5941],[-113.41407,53.59489],[-113.41374,53.59555],[-113.41352,53.59627],[-113.41339,53.59707],[-113.41152,53.59703],[-113.40972,53.59712],[-113.40815,53.5973],[-113.4063,53.59758],[-113.40283,53.59814],[-113.40258,53.59751],[-113.40241,53.59687],[-113.40236,53.59618],[-113.40248,53.59477]]]]}},{"type":"Feature","properties":{"name":"WINTERBURN INDUSTRIAL AREA EAST"},"geometry":{"type":"MultiPolygon","coordinates":[[[[-113.66882,53.54123],[-113.68573,53.54115],[-113.68854,53.54116],[-113.68849,53.54416],[-113.68895,53.54715],[-113.68903,53.54822],[-113.68901,53.55177],[-113.68901,53.55592],[-113.68902,53.55817],[-113.68903,53.55882],[-113.68904,53.56002],[-113.68902,53.56157],[-113.68904,53.56341],[-113.68902,53.56583],[-113.68905,53.57005],[-113.67182,53.57336],[-113.6718,53.57266],[-113.6718,53.57215],[-113.67179,53.57124],[-113.67092,53.57139],[-113.66773,53.57078],[-113.66687,53.57063],[-113.66678,53.57056],[-113.66646,53.57039],[-113.66633,53.57023],[-113.66626,53.57017],[-113.66512,53.56856],[-113.66435,53.56856],[-113.66418,53.56856],[-113.66419,53.56705],[-113.66406,53.56705],[-113.66396,53.56692],[-113.66329,53.56436],[-113.66296,53.56312],[-113.66243,53.56023],[-113.6623,53.55903],[-113.6633,53.55866],[-113.66412,53.55866],[-113.66429,53.55866],[-113.66429,53.55862],[-113.6643,53.5547],[-113.6643,53.55373],[-113.66403,53.55362],[-113.66166,53.5527],[-113.66157,53.54961],[-113.66179,53.54947],[-113.66406,53.54948],[-113.66434,53.54948],[-113.66437,53.54653],[-113.66421,53.54653],[-113.66187,53.54626],[-113.66424,53.54275],[-113.66441,53.54251],[-113.66442,53.54124],[-113.66882,53.54123]]]]}},{"type":"Feature","properties":{"name":"YELLOWHEAD CORRIDOR EAST"},"geometry":{"type":"MultiPolygon","coordinates":[[[[-113.44511,53.58364],[-113.44509,53.58364],[-113.44506,53.58365],[-113.44503,53.58365],[-113.445,53.58366],[-113.44498,53.58367],[-113.44495,53.58367],[-113.44404,53.58367],[-113.44313,53.58366],[-113.44293,53.58366],[-113.44294,53.58246],[-113.44533,53.58096],[-113.44898,53.57868],[-113.44996,53.57808],[-113.45004,53.57803],[-113.45012,53.57798],[-113.45019,53.57793],[-113.45026,53.57789],[-113.45032,53.57785],[-113.45038,53.57781],[-113.45061,53.57765],[-113.45084,53.5775],[-113.45106,53.57734],[-113.45128,53.57719],[-113.45149,53.57703],[-113.45171,53.57687],[-113.45249,53.57623],[-113.45309,53.57571],[-113.45566,53.57346],[-113.45637,53.57346],[-113.45652,53.57357],[-113.45653,53.57516],[-113.45802,53.57516],[-113.45952,53.57516],[-113.45999,53.57514],[-113.45918,53.57672],[-113.45898,53.57707],[-113.45815,53.57772],[-113.45735,53.5783],[-113.4569,53.57862],[-113.45661,53.57882],[-113.45571,53.57924],[-113.45465,53.57952],[-113.45299,53.58056],[-113.45443,53.58174],[-113.45514,53.5821],[-113.4561,53.58238],[-113.45701,53.58246],[-113.46733,53.58223],[-113.46731,53.58139],[-113.46908,53.58144],[-113.46923,53.58142],[-113.46996,53.58142],[-113.46995,53.58183],[-113.47085,53.58159],[-113.47174,53.58139],[-113.47231,53.58133],[-113.47295,53.58131],[-113.47797,53.58132],[-113.48667,53.58136],[-113.48951,53.58145],[-113.49213,53.58148],[-113.49196,53.58225],[-113.49196,53.58477],[-113.49044,53.58478],[-113.48989,53.58476],[-113.48889,53.5848],[-113.48815,53.58484],[-113.48744,53.58485],[-113.48606,53.58485],[-113.4845,53.58483],[-113.48286,53.5848],[-113.48116,53.5848],[-113.47965,53.5848],[-113.47796,53.58481],[-113.47619,53.58481],[-113.47442,53.58483],[-113.47262,53.58484],[-113.47087,53.58486],[-113.46909,53.58487],[-113.4673,53.58485],[-113.46554,53.58488],[-113.46376,53.58493],[-113.46021,53.58494],[-113.45866,53.58495],[-113.4571,53.58495],[-113.45556,53.58494],[-113.45437,53.58495],[-113.45436,53.58403],[-113.45441,53.58403],[-113.45441,53.58374],[-113.45227,53.58374],[-113.44918,53.58374],[-113.44918,53.58396],[-113.4491,53.58396],[-113.4476,53.58396],[-113.44609,53.58397],[-113.44566,53.58396],[-113.44626,53.58368],[-113.44597,53.58368],[-113.44516,53.58367],[-113.44511,53.58364]]]]}},{"type":"Feature","properties":{"name":"ELMWOOD PARK"},"geometry":{"type":"MultiPolygon","coordinates":[[[[-113.45815,53.57772],[-113.45898,53.57707],[-113.45918,53.57672],[-113.45998,53.57672],[-113.46182,53.57673],[-113.4655,53.57673],[-113.46731,53.57673],[-113.46731,53.57829],[-113.4673,53.57984],[-113.46731,53.58139],[-113.46733,53.58223],[-113.45701,53.58246],[-113.4561,53.58238],[-113.45514,53.5821],[-113.45443,53.58174],[-113.45299,53.58056],[-113.45465,53.57952],[-113.45571,53.57924],[-113.45661,53.57882],[-113.4569,53.57862],[-113.45735,53.5783],[-113.45815,53.57772]]]]}},{"type":"Feature","properties":{"name":"PATRICIA HEIGHTS"},"geometry":{"type":"MultiPolygon","coordinates":[[[[-113.59306,53.50388],[-113.5933,53.50402],[-113.59354,53.50417],[-113.59377,53.50432],[-113.59398,53.50448],[-113.59419,53.50464],[-113.59438,53.50481],[-113.59493,53.50481],[-113.59627,53.50696],[-113.59618,53.50696],[-113.59641,53.5073],[-113.59517,53.50747],[-113.59443,53.50747],[-113.5938,53.50775],[-113.59379,53.50811],[-113.59379,53.50815],[-113.59409,53.50821],[-113.5941,53.50784],[-113.59453,53.50765],[-113.5952,53.50765],[-113.59646,53.50748],[-113.59765,53.50788],[-113.59867,53.50799],[-113.59845,53.50849],[-113.59845,53.50851],[-113.5989,53.5086],[-113.59923,53.50875],[-113.6001,53.50881],[-113.60173,53.5092],[-113.60271,53.50939],[-113.60305,53.50948],[-113.60365,53.50976],[-113.6042,53.51041],[-113.60423,53.5105],[-113.60463,53.51051],[-113.60506,53.51059],[-113.60507,53.5105],[-113.60538,53.51021],[-113.60528,53.50992],[-113.60554,53.50968],[-113.60634,53.50974],[-113.60714,53.50989],[-113.6077,53.51005],[-113.60825,53.51005],[-113.6089,53.51012],[-113.60925,53.51014],[-113.60961,53.51019],[-113.60998,53.51029],[-113.61012,53.51053],[-113.61028,53.51089],[-113.61044,53.51108],[-113.61057,53.51118],[-113.61076,53.51128],[-113.61115,53.51136],[-113.61147,53.51145],[-113.61153,53.51153],[-113.6119,53.5121],[-113.60339,53.51207],[-113.59672,53.51192],[-113.59035,53.51193],[-113.59036,53.50985],[-113.59036,53.5091],[-113.59037,53.50789],[-113.59037,53.50705],[-113.59038,53.50373],[-113.59038,53.50348],[-113.59053,53.50348],[-113.59053,53.50303],[-113.59071,53.50309],[-113.59097,53.50329],[-113.59094,53.50332],[-113.59151,53.50351],[-113.59168,53.50367],[-113.59176,53.5037],[-113.59193,53.50367],[-113.59206,53.50369],[-113.59221,53.50384],[-113.59229,53.50387],[-113.59238,53.50387],[-113.59251,53.50387],[-113.59261,53.50386],[-113.59274,53.50397],[-113.59284,53.50409],[-113.59278,53.5042],[-113.59307,53.50436],[-113.59306,53.50388]]]]}},{"type":"Feature","properties":{"name":"BLATCHFORD AREA"},"geometry":{"type":"MultiPolygon","coordinates":[[[[-113.51988,53.58079],[-113.51871,53.58085],[-113.51746,53.58099],[-113.51629,53.58121],[-113.51526,53.58148],[-113.51448,53.58148],[-113.50947,53.58149],[-113.50858,53.58138],[-113.50756,53.58134],[-113.50511,53.58139],[-113.50489,53.57944],[-113.50491,53.5783],[-113.50491,53.57671],[-113.50492,53.57563],[-113.5049,53.57538],[-113.50484,53.57513],[-113.5045,53.57475],[-113.50388,53.57432],[-113.50345,53.57399],[-113.50327,53.57379],[-113.50313,53.57354],[-113.50311,53.57195],[-113.50295,53.57083],[-113.50292,53.57036],[-113.5029,53.56706],[-113.50305,53.56639],[-113.50562,53.56532],[-113.50837,53.56414],[-113.51231,53.56248],[-113.51741,53.56463],[-113.51965,53.56559],[-113.52119,53.56625],[-113.52648,53.56849],[-113.52856,53.56937],[-113.52994,53.57001],[-113.53051,53.57025],[-113.53072,53.57029],[-113.53095,53.57031],[-113.53095,53.57194],[-113.53071,53.57211],[-113.53075,53.57512],[-113.53075,53.57765],[-113.53111,53.57775],[-113.53111,53.57781],[-113.53111,53.57784],[-113.53112,53.58083],[-113.53121,53.58096],[-113.53052,53.581],[-113.52882,53.58072],[-113.52552,53.58075],[-113.51988,53.58079]]]]}},{"type":"Feature","properties":{"name":"PAISLEY"},"geometry":{"type":"MultiPolygon","coordinates":[[[[-113.55315,53.41498],[-113.55313,53.41039],[-113.56503,53.41043],[-113.56539,53.41043],[-113.5654,53.41762],[-113.56519,53.41763],[-113.56519,53.41763],[-113.55317,53.41761],[-113.55316,53.41732],[-113.55315,53.41498]]]]}},{"type":"Feature","properties":{"name":"GRAYDON HILL"},"geometry":{"type":"MultiPolygon","coordinates":[[[[-113.55319,53.42177],[-113.55317,53.41877],[-113.55317,53.41761],[-113.55866,53.41762],[-113.55866,53.41762],[-113.56513,53.41763],[-113.5654,53.41762],[-113.56541,53.42218],[-113.5654,53.42491],[-113.56432,53.42491],[-113.55322,53.42491],[-113.55321,53.42482],[-113.55319,53.42177]]]]}},{"type":"Feature","properties":{"name":"HERITAGE VALLEY AREA"},"geometry":{"type":"MultiPolygon","coordinates":[[[[-113.54089,53.41036],[-113.54111,53.41036],[-113.55313,53.41039],[-113.55315,53.41355],[-113.55315,53.41498],[-113.55316,53.41732],[-113.55317,53.41761],[-113.55317,53.41877],[-113.55321,53.42482],[-113.55322,53.42491],[-113.54094,53.4249],[-113.54092,53.41919],[-113.54091,53.41392],[-113.54089,53.41152],[-113.54089,53.41093],[-113.54089,53.41036]]]]}},{"type":"Feature","properties":{"name":"CHARLESWORTH"},"geometry":{"type":"MultiPolygon","coordinates":[[[[-113.40586,53.42489],[-113.41816,53.42493],[-113.43044,53.42492],[-113.43627,53.42487],[-113.44266,53.42484],[-113.44271,53.42738],[-113.44271,53.43084],[-113.44273,53.43225],[-113.44257,53.43225],[-113.44203,53.43225],[-113.43002,53.43224],[-113.42297,53.43224],[-113.42015,53.43223],[-113.41852,53.43223],[-113.41838,53.43223],[-113.41793,53.43223],[-113.39371,53.43214],[-113.39356,53.43214],[-113.39355,53.42487],[-113.40586,53.42489]]]]}},{"type":"Feature","properties":{"name":"DECOTEAU"},"geometry":{"type":"MultiPolygon","coordinates":[[[[-113.41814,53.41038],[-113.41816,53.42493],[-113.40586,53.42489],[-113.39355,53.42487],[-113.39356,53.43214],[-113.38128,53.43215],[-113.36914,53.43215],[-113.35673,53.43217],[-113.35673,53.43352],[-113.3675,53.4335],[-113.36733,53.43571],[-113.36303,53.43635],[-113.36207,53.4381],[-113.35925,53.43941],[-113.35538,53.44022],[-113.34777,53.44151],[-113.3446,53.44157],[-113.34461,53.43942],[-113.34462,53.43239],[-113.34462,53.43224],[-113.34462,53.4322],[-113.34463,53.4248],[-113.34464,53.41033],[-113.34464,53.40493],[-113.34464,53.40312],[-113.34464,53.39566],[-113.36787,53.39569],[-113.36787,53.39574],[-113.36909,53.39574],[-113.38122,53.39573],[-113.39034,53.39572],[-113.39034,53.39567],[-113.39366,53.39567],[-113.39366,53.39571],[-113.4178,53.39579],[-113.41811,53.39579],[-113.41814,53.41038]]]]}},{"type":"Feature","properties":{"name":"BELVEDERE"},"geometry":{"type":"MultiPolygon","coordinates":[[[[-113.41844,53.59775],[-113.41886,53.59749],[-113.42009,53.59672],[-113.42098,53.59616],[-113.42535,53.59343],[-113.42561,53.59327],[-113.42565,53.59324],[-113.42739,53.59216],[-113.43051,53.59022],[-113.43303,53.58865],[-113.43386,53.58813],[-113.43673,53.58634],[-113.44068,53.58387],[-113.44294,53.58246],[-113.44293,53.58366],[-113.44293,53.58519],[-113.44292,53.58609],[-113.44293,53.58764],[-113.44297,53.58775],[-113.44298,53.58919],[-113.44297,53.59056],[-113.44296,53.59127],[-113.44296,53.59226],[-113.44296,53.5931],[-113.44296,53.59408],[-113.44294,53.59546],[-113.44294,53.59857],[-113.44294,53.59966],[-113.43885,53.59961],[-113.43515,53.59951],[-113.43058,53.59952],[-113.42634,53.59951],[-113.42451,53.5995],[-113.42349,53.59938],[-113.42203,53.59903],[-113.42117,53.59878],[-113.42016,53.59848],[-113.41823,53.59788],[-113.41844,53.59775]]]]}},{"type":"Feature","properties":{"name":"BRINTNELL"},"geometry":{"type":"MultiPolygon","coordinates":[[[[-113.41183,53.62677],[-113.41196,53.62864],[-113.41019,53.62864],[-113.40573,53.62863],[-113.40416,53.62818],[-113.40331,53.62786],[-113.40255,53.6275],[-113.40184,53.62712],[-113.40109,53.62676],[-113.39976,53.62625],[-113.39762,53.62567],[-113.39906,53.62193],[-113.39933,53.62132],[-113.39859,53.62132],[-113.39374,53.62131],[-113.39374,53.62098],[-113.39646,53.62099],[-113.39948,53.62099],[-113.40065,53.61838],[-113.40146,53.61702],[-113.40366,53.61415],[-113.40627,53.61514],[-113.40748,53.61544],[-113.40879,53.61568],[-113.40981,53.61577],[-113.41082,53.61582],[-113.41822,53.61582],[-113.4182,53.61714],[-113.41812,53.61808],[-113.41748,53.619],[-113.41647,53.62018],[-113.41414,53.62202],[-113.4134,53.62262],[-113.41272,53.62324],[-113.41218,53.62408],[-113.4119,53.62481],[-113.41178,53.62568],[-113.41183,53.62677]]]]}},{"type":"Feature","properties":{"name":"WALKER"},"geometry":{"type":"MultiPolygon","coordinates":[[[[-113.41814,53.41038],[-113.41846,53.41038],[-113.43041,53.4104],[-113.44252,53.41042],[-113.44268,53.41042],[-113.44268,53.41361],[-113.44275,53.42059],[-113.44266,53.42484],[-113.43627,53.42487],[-113.43044,53.42492],[-113.41816,53.42493],[-113.41814,53.41038]]]]}},{"type":"Feature","properties":{"name":"RIVER VALLEY OLESKIW"},"geometry":{"type":"MultiPolygon","coordinates":[[[[-113.59789,53.49443],[-113.5977,53.49438],[-113.59794,53.49407],[-113.59746,53.49385],[-113.59747,53.49392],[-113.59718,53.49397],[-113.59682,53.49409],[-113.59639,53.49427],[-113.59613,53.49438],[-113.59597,53.49451],[-113.59592,53.49471],[-113.59583,53.49487],[-113.59553,53.49516],[-113.59542,53.49533],[-113.59534,53.49551],[-113.59526,53.49562],[-113.59534,53.4957],[-113.5953,53.49583],[-113.59525,53.49592],[-113.59494,53.49616],[-113.59483,53.49628],[-113.59478,53.49638],[-113.59463,53.49651],[-113.59477,53.49671],[-113.59469,53.49682],[-113.59454,53.49687],[-113.5944,53.49702],[-113.59431,53.4971],[-113.59432,53.49715],[-113.5943,53.49726],[-113.59425,53.49737],[-113.59409,53.49748],[-113.594,53.49757],[-113.59247,53.49756],[-113.59103,53.49756],[-113.59089,53.49691],[-113.59069,53.49633],[-113.59024,53.49539],[-113.58973,53.49452],[-113.58936,53.49379],[-113.58898,53.49287],[-113.58822,53.4914],[-113.58766,53.49022],[-113.5874,53.48927],[-113.58735,53.48806],[-113.5875,53.48718],[-113.58765,53.48602],[-113.58785,53.48508],[-113.58835,53.48413],[-113.58899,53.48322],[-113.58982,53.48242],[-113.59072,53.48184],[-113.59125,53.48159],[-113.59184,53.48138],[-113.59269,53.48114],[-113.59359,53.48098],[-113.59494,53.48086],[-113.5958,53.48081],[-113.59666,53.48082],[-113.59763,53.48089],[-113.59868,53.48106],[-113.59923,53.48118],[-113.60009,53.48145],[-113.60096,53.48177],[-113.60177,53.48216],[-113.60259,53.48253],[-113.60346,53.48301],[-113.60432,53.48349],[-113.6052,53.48406],[-113.60708,53.48526],[-113.60831,53.486],[-113.60925,53.48654],[-113.611,53.48742],[-113.61198,53.48784],[-113.61288,53.48817],[-113.61463,53.48869],[-113.61646,53.48904],[-113.61829,53.48923],[-113.62004,53.4892],[-113.62153,53.48901],[-113.62269,53.48873],[-113.62413,53.4882],[-113.62552,53.48753],[-113.62616,53.48703],[-113.62725,53.48607],[-113.62764,53.4853],[-113.62785,53.48435],[-113.62777,53.48364],[-113.62768,53.48324],[-113.62727,53.48207],[-113.62656,53.48088],[-113.62631,53.48042],[-113.62609,53.48013],[-113.62759,53.4804],[-113.62959,53.48074],[-113.63149,53.48026],[-113.63129,53.48101],[-113.63061,53.48114],[-113.63037,53.48119],[-113.62963,53.48154],[-113.62989,53.48168],[-113.62932,53.48185],[-113.62945,53.48203],[-113.62832,53.48203],[-113.62833,53.48205],[-113.62835,53.48208],[-113.62836,53.4821],[-113.62838,53.48212],[-113.62839,53.48214],[-113.62841,53.48216],[-113.62845,53.4822],[-113.62847,53.48223],[-113.62849,53.48226],[-113.62852,53.48229],[-113.62853,53.48231],[-113.62854,53.48234],[-113.62856,53.48236],[-113.62858,53.4824],[-113.62859,53.48243],[-113.62863,53.48248],[-113.62866,53.48253],[-113.62867,53.48255],[-113.62871,53.48261],[-113.62873,53.48263],[-113.62874,53.48265],[-113.62875,53.48266],[-113.62875,53.48268],[-113.62876,53.48269],[-113.62876,53.48271],[-113.62877,53.48273],[-113.62877,53.48274],[-113.62877,53.48277],[-113.62877,53.4828],[-113.62878,53.48281],[-113.62878,53.48282],[-113.62885,53.48305],[-113.63024,53.48305],[-113.63043,53.48323],[-113.63031,53.48323],[-113.63088,53.48375],[-113.63286,53.48375],[-113.63279,53.48381],[-113.63018,53.48381],[-113.63074,53.48427],[-113.63006,53.48461],[-113.63008,53.48498],[-113.63093,53.48534],[-113.63087,53.48538],[-113.63042,53.48519],[-113.62948,53.48554],[-113.62948,53.48595],[-113.62895,53.48628],[-113.62895,53.48669],[-113.63046,53.48711],[-113.63042,53.48715],[-113.62974,53.48696],[-113.62964,53.48704],[-113.62936,53.48714],[-113.62901,53.48709],[-113.6289,53.48715],[-113.62904,53.4875],[-113.629,53.48749],[-113.629,53.4875],[-113.62899,53.4875],[-113.62899,53.4875],[-113.62899,53.4875],[-113.62898,53.48751],[-113.62898,53.48751],[-113.62897,53.48751],[-113.62897,53.48751],[-113.62891,53.48757],[-113.62891,53.48757],[-113.6289,53.48757],[-113.6289,53.48758],[-113.6289,53.48758],[-113.62889,53.48758],[-113.62889,53.48758],[-113.62888,53.48758],[-113.62869,53.48764],[-113.62869,53.48764],[-113.62868,53.48764],[-113.62868,53.48764],[-113.62867,53.48764],[-113.62867,53.48764],[-113.62867,53.48764],[-113.62835,53.48764],[-113.62838,53.48768],[-113.62838,53.48768],[-113.62839,53.48769],[-113.62839,53.48769],[-113.62839,53.48769],[-113.62839,53.4877],[-113.62839,53.4877],[-113.62839,53.4877],[-113.62839,53.4877],[-113.62839,53.48771],[-113.6283,53.48789],[-113.6283,53.48789],[-113.6283,53.48789],[-113.62829,53.48789],[-113.62829,53.4879],[-113.62829,53.4879],[-113.62829,53.4879],[-113.62828,53.4879],[-113.62828,53.48791],[-113.62827,53.48791],[-113.62827,53.48791],[-113.62826,53.48791],[-113.62826,53.48791],[-113.62825,53.48791],[-113.62825,53.48791],[-113.62824,53.48791],[-113.62815,53.48791],[-113.62802,53.488],[-113.62802,53.488],[-113.62801,53.488],[-113.62801,53.488],[-113.62801,53.48801],[-113.628,53.48801],[-113.628,53.48801],[-113.62771,53.48808],[-113.62761,53.48814],[-113.62761,53.48816],[-113.62787,53.48824],[-113.62787,53.48824],[-113.62787,53.48824],[-113.62788,53.48824],[-113.62788,53.48825],[-113.62788,53.48825],[-113.62789,53.48825],[-113.62789,53.48825],[-113.62789,53.48826],[-113.62789,53.48826],[-113.6279,53.48826],[-113.6279,53.48827],[-113.6279,53.48827],[-113.6279,53.48837],[-113.6279,53.48837],[-113.6279,53.48837],[-113.6279,53.48838],[-113.6279,53.48838],[-113.6279,53.48838],[-113.6279,53.48839],[-113.6279,53.48839],[-113.62789,53.48839],[-113.62789,53.48839],[-113.62789,53.4884],[-113.62762,53.48855],[-113.62762,53.48856],[-113.62761,53.48856],[-113.62761,53.48856],[-113.6276,53.48856],[-113.6276,53.48856],[-113.62759,53.48856],[-113.62759,53.48856],[-113.62758,53.48856],[-113.62756,53.48856],[-113.6275,53.48856],[-113.6275,53.48912],[-113.6275,53.48971],[-113.62679,53.49005],[-113.62646,53.49015],[-113.62605,53.49038],[-113.62566,53.4905],[-113.62493,53.49049],[-113.62488,53.4905],[-113.62376,53.49052],[-113.62315,53.49066],[-113.62315,53.49076],[-113.62292,53.49079],[-113.62131,53.49086],[-113.61566,53.4908],[-113.61542,53.49091],[-113.61543,53.49182],[-113.61512,53.49182],[-113.61512,53.49343],[-113.61549,53.49344],[-113.61589,53.49357],[-113.61606,53.49358],[-113.61678,53.49368],[-113.61711,53.49384],[-113.61766,53.49399],[-113.61797,53.49408],[-113.61809,53.49404],[-113.61839,53.49408],[-113.61864,53.49441],[-113.61894,53.49451],[-113.6199,53.49452],[-113.61997,53.49473],[-113.61949,53.49477],[-113.61905,53.49476],[-113.61883,53.49474],[-113.61745,53.49434],[-113.61697,53.49425],[-113.61678,53.49418],[-113.61647,53.49402],[-113.61598,53.49387],[-113.61573,53.49386],[-113.61526,53.49394],[-113.61513,53.49399],[-113.61513,53.49546],[-113.61256,53.49407],[-113.61188,53.4933],[-113.60996,53.4933],[-113.60996,53.48982],[-113.609,53.48982],[-113.60886,53.48964],[-113.60803,53.48964],[-113.60803,53.48957],[-113.60785,53.48967],[-113.60781,53.48986],[-113.60755,53.4899],[-113.60722,53.49004],[-113.60694,53.49002],[-113.60686,53.49019],[-113.60688,53.49029],[-113.60654,53.49031],[-113.60631,53.49004],[-113.6063,53.48986],[-113.60598,53.48972],[-113.60585,53.48973],[-113.60573,53.48987],[-113.60531,53.48978],[-113.60512,53.48986],[-113.60456,53.48992],[-113.60431,53.4899],[-113.60344,53.49012],[-113.60206,53.49018],[-113.60177,53.49035],[-113.60247,53.491],[-113.60287,53.49145],[-113.60289,53.49148],[-113.60292,53.49147],[-113.60294,53.4915],[-113.60297,53.49153],[-113.60299,53.49156],[-113.60301,53.49159],[-113.60303,53.49163],[-113.60305,53.49166],[-113.60308,53.49169],[-113.6031,53.49172],[-113.60312,53.49175],[-113.60314,53.49178],[-113.60316,53.49181],[-113.60318,53.49184],[-113.60319,53.49187],[-113.60321,53.4919],[-113.60323,53.49193],[-113.60325,53.49196],[-113.60327,53.492],[-113.60328,53.49203],[-113.6033,53.49206],[-113.60332,53.49209],[-113.60333,53.49212],[-113.60335,53.49215],[-113.60337,53.49218],[-113.60338,53.49222],[-113.6034,53.49225],[-113.60342,53.49229],[-113.60343,53.49233],[-113.60345,53.49236],[-113.60346,53.4924],[-113.60348,53.49244],[-113.6035,53.49248],[-113.60351,53.49252],[-113.60353,53.49256],[-113.60354,53.4926],[-113.60356,53.49264],[-113.60357,53.49268],[-113.60358,53.49273],[-113.6036,53.49277],[-113.60361,53.49281],[-113.60362,53.49285],[-113.60363,53.49289],[-113.60364,53.49293],[-113.60365,53.49296],[-113.60366,53.493],[-113.60367,53.49303],[-113.60367,53.49307],[-113.60368,53.4931],[-113.60369,53.49314],[-113.60369,53.49318],[-113.6037,53.49323],[-113.60371,53.49327],[-113.60371,53.49332],[-113.60372,53.49336],[-113.60372,53.49341],[-113.60373,53.49344],[-113.60373,53.49347],[-113.60373,53.4935],[-113.60373,53.49354],[-113.60373,53.49357],[-113.60374,53.4936],[-113.60374,53.49365],[-113.60374,53.49371],[-113.60374,53.49376],[-113.60374,53.49382],[-113.60373,53.49388],[-113.60373,53.49391],[-113.60373,53.49397],[-113.60373,53.494],[-113.60372,53.49404],[-113.60372,53.49409],[-113.60371,53.49414],[-113.6037,53.49418],[-113.6037,53.49423],[-113.60369,53.49428],[-113.60368,53.49432],[-113.60368,53.49435],[-113.60367,53.49439],[-113.60366,53.49443],[-113.60365,53.49447],[-113.60364,53.4945],[-113.60363,53.49455],[-113.60362,53.49459],[-113.60361,53.49463],[-113.60359,53.49468],[-113.60358,53.49472],[-113.60357,53.49477],[-113.60355,53.49482],[-113.60353,53.49488],[-113.60351,53.49493],[-113.60349,53.49498],[-113.60347,53.49503],[-113.60344,53.49509],[-113.60343,53.49512],[-113.60341,53.49515],[-113.60341,53.49517],[-113.6034,53.49518],[-113.60339,53.4952],[-113.60339,53.49522],[-113.60339,53.49524],[-113.60338,53.49526],[-113.60338,53.49529],[-113.60338,53.49531],[-113.60339,53.49534],[-113.60339,53.49537],[-113.6034,53.4954],[-113.60341,53.49543],[-113.60343,53.49546],[-113.60344,53.49549],[-113.60346,53.49552],[-113.60349,53.49554],[-113.60351,53.49557],[-113.60354,53.4956],[-113.60357,53.49562],[-113.6036,53.49564],[-113.60363,53.49566],[-113.60366,53.49568],[-113.6037,53.4957],[-113.60374,53.49572],[-113.60355,53.49586],[-113.60347,53.49582],[-113.6034,53.49578],[-113.60334,53.49573],[-113.60328,53.49569],[-113.60323,53.49563],[-113.60318,53.49558],[-113.60316,53.49562],[-113.60313,53.49566],[-113.60311,53.49569],[-113.60309,53.49573],[-113.60306,53.49577],[-113.60303,53.49581],[-113.603,53.49585],[-113.60297,53.4959],[-113.60293,53.49595],[-113.60289,53.496],[-113.60285,53.49605],[-113.60282,53.49609],[-113.60278,53.49614],[-113.60273,53.49619],[-113.60269,53.49625],[-113.60265,53.49628],[-113.6026,53.49635],[-113.60257,53.49638],[-113.60255,53.4964],[-113.60253,53.49641],[-113.60252,53.49643],[-113.6025,53.49645],[-113.60249,53.49647],[-113.60247,53.49649],[-113.60245,53.49652],[-113.60243,53.49654],[-113.60242,53.49657],[-113.6024,53.49659],[-113.60238,53.49662],[-113.60236,53.49665],[-113.60234,53.49668],[-113.60233,53.4967],[-113.60231,53.49673],[-113.60229,53.49676],[-113.60228,53.49679],[-113.60226,53.49682],[-113.60225,53.49685],[-113.60223,53.49688],[-113.60222,53.49692],[-113.6022,53.49695],[-113.60219,53.49698],[-113.60218,53.49701],[-113.60217,53.49705],[-113.60215,53.4971],[-113.60214,53.49714],[-113.60213,53.49718],[-113.60212,53.49723],[-113.60211,53.49728],[-113.6021,53.49733],[-113.60209,53.49738],[-113.60209,53.49743],[-113.60208,53.49748],[-113.60177,53.49756],[-113.59837,53.49755],[-113.59794,53.49746],[-113.59762,53.49735],[-113.59735,53.4972],[-113.597,53.49691],[-113.59706,53.49681],[-113.59729,53.49646],[-113.59728,53.49637],[-113.59752,53.496],[-113.59801,53.49574],[-113.59833,53.49533],[-113.59916,53.49414],[-113.59906,53.49417],[-113.59895,53.49415],[-113.5989,53.49408],[-113.59882,53.49405],[-113.59874,53.49408],[-113.59857,53.49409],[-113.59848,53.49408],[-113.59828,53.49399],[-113.59794,53.49444],[-113.59792,53.49444],[-113.59791,53.49443],[-113.5979,53.49443],[-113.59789,53.49443]]]]}},{"type":"Feature","properties":{"name":"ARGYLL"},"geometry":{"type":"MultiPolygon","coordinates":[[[[-113.46601,53.50289],[-113.46508,53.50355],[-113.46273,53.50522],[-113.46253,53.50529],[-113.46233,53.50531],[-113.46209,53.50544],[-113.4621,53.50552],[-113.46098,53.50632],[-113.45933,53.50549],[-113.45933,53.50465],[-113.45933,53.50457],[-113.45915,53.50456],[-113.45896,53.50452],[-113.45692,53.50406],[-113.45663,53.50396],[-113.45638,53.50383],[-113.4552,53.50299],[-113.45494,53.50315],[-113.45476,53.5032],[-113.45429,53.50323],[-113.45381,53.50283],[-113.45954,53.49999],[-113.45979,53.49992],[-113.4601,53.49991],[-113.46253,53.49991],[-113.4666,53.49988],[-113.4666,53.50014],[-113.4666,53.50044],[-113.46654,53.50053],[-113.46654,53.50137],[-113.46669,53.50142],[-113.46689,53.50142],[-113.46689,53.50281],[-113.46689,53.50289],[-113.46601,53.50289]]]]}},{"type":"Feature","properties":{"name":"STRATHCONA INDUSTRIAL PARK"},"geometry":{"type":"MultiPolygon","coordinates":[[[[-113.46647,53.48284],[-113.46633,53.48103],[-113.46627,53.47889],[-113.46642,53.47412],[-113.46648,53.4686],[-113.4665,53.46532],[-113.47015,53.46527],[-113.47158,53.46534],[-113.47289,53.46545],[-113.47403,53.46564],[-113.47501,53.46588],[-113.47856,53.46699],[-113.47958,53.46723],[-113.48121,53.46751],[-113.48222,53.46764],[-113.48335,53.46769],[-113.48604,53.4677],[-113.49206,53.46774],[-113.49204,53.47356],[-113.49173,53.47356],[-113.49115,53.47356],[-113.49088,53.48041],[-113.49042,53.48041],[-113.4861,53.48041],[-113.48473,53.48044],[-113.48303,53.48053],[-113.4794,53.48078],[-113.47588,53.48121],[-113.47323,53.48158],[-113.47062,53.48203],[-113.46647,53.48284]]]]}},{"type":"Feature","properties":{"name":"RIVER VALLEY LESSARD NORTH"},"geometry":{"type":"MultiPolygon","coordinates":[[[[-113.61209,53.50671],[-113.61107,53.5067],[-113.61106,53.50578],[-113.61128,53.50583],[-113.61141,53.50588],[-113.61157,53.5059],[-113.61159,53.50589],[-113.61175,53.5059],[-113.61181,53.50591],[-113.61194,53.50597],[-113.61203,53.50602],[-113.61208,53.50605],[-113.61251,53.50619],[-113.61262,53.50625],[-113.61289,53.50621],[-113.61311,53.50611],[-113.61374,53.50615],[-113.61405,53.50609],[-113.61444,53.50597],[-113.61499,53.50598],[-113.61499,53.50673],[-113.6148,53.50672],[-113.61231,53.50671],[-113.61209,53.50671]]],[[[-113.58994,53.50278],[-113.58993,53.50278],[-113.58992,53.50277],[-113.58991,53.50277],[-113.58989,53.50276],[-113.58974,53.50293],[-113.58963,53.50284],[-113.58959,53.50272],[-113.58949,53.50295],[-113.58938,53.50304],[-113.58931,53.50312],[-113.58926,53.50314],[-113.58909,53.50327],[-113.58902,53.5035],[-113.58899,53.50355],[-113.58899,53.50366],[-113.58853,53.50366],[-113.58853,53.50377],[-113.5887,53.50396],[-113.58468,53.50528],[-113.58448,53.50542],[-113.58364,53.50536],[-113.58295,53.50566],[-113.58251,53.50564],[-113.58206,53.50554],[-113.58138,53.50583],[-113.58095,53.5059],[-113.58106,53.50613],[-113.58131,53.50633],[-113.58134,53.50642],[-113.5812,53.50652],[-113.58115,53.50666],[-113.58117,53.50681],[-113.57938,53.50711],[-113.57804,53.50753],[-113.57804,53.50511],[-113.5782,53.50508],[-113.58037,53.50457],[-113.58167,53.50419],[-113.58334,53.50365],[-113.58492,53.50309],[-113.58636,53.50261],[-113.58738,53.50216],[-113.58858,53.5015],[-113.58951,53.50086],[-113.59025,53.50004],[-113.5906,53.49943],[-113.59077,53.49908],[-113.59104,53.49822],[-113.59103,53.49756],[-113.59247,53.49756],[-113.59386,53.49757],[-113.59379,53.49766],[-113.59365,53.49778],[-113.59359,53.49785],[-113.59355,53.49796],[-113.59346,53.49804],[-113.59345,53.4981],[-113.59342,53.49814],[-113.5934,53.49823],[-113.59347,53.49819],[-113.59361,53.49809],[-113.59372,53.49804],[-113.59388,53.49802],[-113.59402,53.49793],[-113.59412,53.4979],[-113.59466,53.49782],[-113.59478,53.49774],[-113.5949,53.49757],[-113.59475,53.49757],[-113.59489,53.49747],[-113.59499,53.49739],[-113.59513,53.49732],[-113.59526,53.49728],[-113.59531,53.49728],[-113.59538,53.4972],[-113.59573,53.49705],[-113.59582,53.49702],[-113.59595,53.497],[-113.5962,53.49699],[-113.59628,53.49698],[-113.59648,53.4969],[-113.59671,53.49686],[-113.59684,53.49702],[-113.59673,53.49714],[-113.59659,53.49723],[-113.59633,53.49738],[-113.59633,53.4974],[-113.59643,53.4974],[-113.5967,53.49747],[-113.59682,53.49748],[-113.59693,53.49753],[-113.59711,53.49759],[-113.59687,53.49759],[-113.59749,53.4978],[-113.5976,53.49792],[-113.59781,53.49809],[-113.59777,53.49812],[-113.59762,53.49812],[-113.59732,53.49795],[-113.59693,53.49786],[-113.59652,53.49787],[-113.59591,53.49798],[-113.59587,53.49805],[-113.59639,53.4984],[-113.59683,53.49877],[-113.59705,53.49879],[-113.59724,53.49894],[-113.59731,53.49925],[-113.59767,53.49936],[-113.59789,53.49957],[-113.59814,53.49983],[-113.59834,53.49985],[-113.59845,53.49995],[-113.59837,53.50049],[-113.59857,53.50061],[-113.59847,53.50071],[-113.59865,53.50087],[-113.59887,53.50088],[-113.59908,53.50095],[-113.59943,53.50101],[-113.59955,53.50118],[-113.59982,53.50117],[-113.60005,53.50125],[-113.60005,53.50143],[-113.6004,53.50152],[-113.60051,53.50168],[-113.60067,53.50166],[-113.60088,53.50168],[-113.60101,53.50162],[-113.6013,53.50162],[-113.60145,53.50146],[-113.60172,53.50136],[-113.60212,53.50133],[-113.60277,53.50136],[-113.60276,53.50124],[-113.60285,53.50124],[-113.60286,53.50124],[-113.60286,53.50148],[-113.60335,53.50165],[-113.60345,53.50167],[-113.6034,53.50184],[-113.60343,53.50203],[-113.60354,53.50219],[-113.60372,53.50234],[-113.60396,53.50243],[-113.60425,53.5025],[-113.60492,53.50253],[-113.60538,53.50259],[-113.60631,53.5028],[-113.60658,53.50283],[-113.60722,53.50276],[-113.60756,53.50275],[-113.60843,53.50284],[-113.60875,53.50284],[-113.60905,53.50277],[-113.60912,53.50284],[-113.60921,53.50311],[-113.60988,53.50319],[-113.61009,53.5034],[-113.61045,53.50339],[-113.61087,53.50351],[-113.61124,53.50359],[-113.61179,53.50356],[-113.61194,53.50327],[-113.61237,53.50319],[-113.61305,53.50322],[-113.61302,53.50346],[-113.61239,53.5034],[-113.61208,53.50375],[-113.61124,53.50385],[-113.61106,53.50385],[-113.61088,53.50385],[-113.61057,53.50383],[-113.61022,53.50374],[-113.60873,53.50357],[-113.60799,53.50361],[-113.60749,53.50361],[-113.60703,53.50385],[-113.6061,53.50399],[-113.60552,53.50376],[-113.60506,53.50372],[-113.60467,53.50353],[-113.60424,53.50349],[-113.60471,53.50376],[-113.60468,53.50387],[-113.60493,53.50388],[-113.60522,53.50403],[-113.60568,53.50437],[-113.60576,53.50451],[-113.60642,53.50457],[-113.60705,53.5047],[-113.60729,53.50489],[-113.60692,53.50489],[-113.60707,53.50493],[-113.60738,53.50496],[-113.6077,53.50505],[-113.60822,53.50511],[-113.60862,53.50517],[-113.60881,53.5052],[-113.60903,53.50527],[-113.60903,53.50616],[-113.60859,53.50611],[-113.60808,53.50595],[-113.60763,53.50581],[-113.60735,53.50571],[-113.60702,53.50598],[-113.60675,53.50589],[-113.60658,53.50588],[-113.6059,53.50568],[-113.6058,53.50559],[-113.60563,53.50555],[-113.60537,53.5054],[-113.60507,53.50535],[-113.60468,53.50524],[-113.60408,53.50487],[-113.60396,53.50487],[-113.60382,53.50469],[-113.60364,53.50472],[-113.60333,53.50462],[-113.60325,53.50435],[-113.60335,53.50423],[-113.60322,53.50424],[-113.60292,53.50416],[-113.60259,53.5042],[-113.60202,53.5038],[-113.602,53.50349],[-113.60154,53.50307],[-113.60135,53.50305],[-113.60107,53.50296],[-113.60092,53.50266],[-113.60034,53.50278],[-113.60019,53.50275],[-113.6,53.50265],[-113.59951,53.50255],[-113.59933,53.50257],[-113.59911,53.50252],[-113.59886,53.50226],[-113.59855,53.50213],[-113.5985,53.50187],[-113.59793,53.50163],[-113.59764,53.50173],[-113.59754,53.5017],[-113.59742,53.50175],[-113.59705,53.50156],[-113.59714,53.5015],[-113.59723,53.50124],[-113.59689,53.50107],[-113.5969,53.50091],[-113.59655,53.50095],[-113.59602,53.5006],[-113.59599,53.50051],[-113.59598,53.5004],[-113.59587,53.50011],[-113.59572,53.49985],[-113.59549,53.49948],[-113.59517,53.49941],[-113.59502,53.49933],[-113.59497,53.49914],[-113.59485,53.49915],[-113.59467,53.49937],[-113.59436,53.49948],[-113.5941,53.49971],[-113.59385,53.49975],[-113.59378,53.49994],[-113.59434,53.50094],[-113.5952,53.50135],[-113.59563,53.5015],[-113.59579,53.50157],[-113.59572,53.5016],[-113.59569,53.50161],[-113.59566,53.50162],[-113.59563,53.50163],[-113.59559,53.50164],[-113.59556,53.50165],[-113.59553,53.50166],[-113.59547,53.50164],[-113.59496,53.50145],[-113.59474,53.5016],[-113.59441,53.50141],[-113.59399,53.5013],[-113.59341,53.50123],[-113.59287,53.50139],[-113.59308,53.5016],[-113.59294,53.50186],[-113.59301,53.50192],[-113.59302,53.50224],[-113.5932,53.50232],[-113.59343,53.50259],[-113.59382,53.50275],[-113.59422,53.5027],[-113.59424,53.50287],[-113.59438,53.50304],[-113.5946,53.50317],[-113.59502,53.50325],[-113.59537,53.50338],[-113.59568,53.50356],[-113.59585,53.50375],[-113.5961,53.50414],[-113.59625,53.50428],[-113.59651,53.5044],[-113.59679,53.50443],[-113.59681,53.50443],[-113.59681,53.50451],[-113.5967,53.50482],[-113.59658,53.50482],[-113.5964,53.50496],[-113.59654,53.50517],[-113.59676,53.50538],[-113.59716,53.50604],[-113.59742,53.50682],[-113.59778,53.50702],[-113.59831,53.50716],[-113.59866,53.50735],[-113.59966,53.5076],[-113.60041,53.50757],[-113.60069,53.50768],[-113.60133,53.50771],[-113.60202,53.50795],[-113.60295,53.5084],[-113.60319,53.50854],[-113.60347,53.50859],[-113.6043,53.50877],[-113.60465,53.50882],[-113.60508,53.5086],[-113.60551,53.50854],[-113.60578,53.50854],[-113.60613,53.50861],[-113.60648,53.50857],[-113.60648,53.50854],[-113.60738,53.50886],[-113.60769,53.509],[-113.60827,53.50897],[-113.60869,53.50898],[-113.60899,53.50903],[-113.60937,53.50916],[-113.60966,53.50922],[-113.61,53.5094],[-113.61013,53.50955],[-113.61042,53.50976],[-113.61086,53.51001],[-113.61102,53.5104],[-113.6113,53.51082],[-113.61199,53.51116],[-113.6123,53.51147],[-113.61153,53.51153],[-113.61147,53.51145],[-113.61115,53.51136],[-113.61076,53.51128],[-113.61057,53.51118],[-113.61044,53.51108],[-113.61028,53.51089],[-113.61012,53.51053],[-113.60998,53.51029],[-113.60961,53.51019],[-113.60925,53.51014],[-113.6089,53.51012],[-113.60825,53.51005],[-113.6077,53.51005],[-113.60714,53.50989],[-113.60634,53.50974],[-113.60554,53.50968],[-113.60528,53.50992],[-113.60538,53.51021],[-113.60507,53.5105],[-113.60506,53.51059],[-113.60463,53.51051],[-113.60423,53.5105],[-113.6042,53.51041],[-113.60365,53.50976],[-113.60305,53.50948],[-113.60271,53.50939],[-113.60173,53.5092],[-113.6001,53.50881],[-113.59923,53.50875],[-113.5989,53.5086],[-113.59845,53.50851],[-113.59845,53.50849],[-113.59867,53.50799],[-113.59765,53.50788],[-113.59646,53.50748],[-113.5952,53.50765],[-113.59453,53.50765],[-113.5941,53.50784],[-113.59409,53.50821],[-113.59379,53.50815],[-113.59379,53.50811],[-113.5938,53.50775],[-113.59443,53.50747],[-113.59517,53.50747],[-113.59641,53.5073],[-113.59618,53.50696],[-113.59627,53.50696],[-113.59493,53.50481],[-113.59438,53.50481],[-113.59419,53.50464],[-113.59398,53.50448],[-113.59377,53.50432],[-113.59354,53.50417],[-113.5933,53.50402],[-113.59306,53.50388],[-113.59307,53.50436],[-113.59278,53.5042],[-113.59284,53.50409],[-113.59274,53.50397],[-113.59261,53.50386],[-113.59251,53.50387],[-113.59238,53.50387],[-113.59229,53.50387],[-113.59221,53.50384],[-113.59206,53.50369],[-113.59193,53.50367],[-113.59176,53.5037],[-113.59168,53.50367],[-113.59151,53.50351],[-113.59094,53.50332],[-113.59097,53.50329],[-113.59071,53.50309],[-113.59053,53.50303],[-113.59053,53.50348],[-113.59022,53.50348],[-113.59023,53.50279],[-113.59022,53.5028],[-113.59022,53.5028],[-113.59022,53.50281],[-113.59022,53.50281],[-113.59022,53.50282],[-113.59021,53.50282],[-113.59021,53.50283],[-113.5902,53.50283],[-113.5902,53.50284],[-113.59019,53.50284],[-113.59018,53.50284],[-113.59018,53.50284],[-113.59017,53.50285],[-113.59016,53.50285],[-113.59015,53.50285],[-113.59014,53.50285],[-113.59014,53.50285],[-113.59013,53.50285],[-113.59012,53.50285],[-113.59011,53.50285],[-113.5901,53.50285],[-113.59009,53.50285],[-113.59009,53.50285],[-113.59008,53.50285],[-113.59007,53.50284],[-113.59006,53.50284],[-113.58994,53.50278]]]]}},{"type":"Feature","properties":{"name":"DONSDALE"},"geometry":{"type":"MultiPolygon","coordinates":[[[[-113.63088,53.48375],[-113.63031,53.48323],[-113.63043,53.48323],[-113.63024,53.48305],[-113.62885,53.48305],[-113.62878,53.48282],[-113.62878,53.48281],[-113.62877,53.4828],[-113.62877,53.48277],[-113.62877,53.48274],[-113.62877,53.48273],[-113.62876,53.48271],[-113.62876,53.48269],[-113.62875,53.48268],[-113.62875,53.48266],[-113.62874,53.48265],[-113.62873,53.48263],[-113.62871,53.48261],[-113.62867,53.48255],[-113.62866,53.48253],[-113.62863,53.48248],[-113.62859,53.48243],[-113.62858,53.4824],[-113.62856,53.48236],[-113.62854,53.48234],[-113.62853,53.48231],[-113.62852,53.48229],[-113.62849,53.48226],[-113.62847,53.48223],[-113.62845,53.4822],[-113.62841,53.48216],[-113.62839,53.48214],[-113.62838,53.48212],[-113.62836,53.4821],[-113.62835,53.48208],[-113.62833,53.48205],[-113.62832,53.48203],[-113.62945,53.48203],[-113.62932,53.48185],[-113.62989,53.48168],[-113.62963,53.48154],[-113.63037,53.48119],[-113.63061,53.48114],[-113.63129,53.48101],[-113.63223,53.48101],[-113.63278,53.48138],[-113.63297,53.48144],[-113.63365,53.48167],[-113.63529,53.48201],[-113.63531,53.48197],[-113.63552,53.48202],[-113.63607,53.48201],[-113.63639,53.48197],[-113.63825,53.48201],[-113.63845,53.482],[-113.63874,53.48205],[-113.63918,53.48201],[-113.63968,53.48206],[-113.63967,53.48057],[-113.63998,53.48063],[-113.63998,53.48153],[-113.63998,53.48175],[-113.6412,53.48181],[-113.64194,53.48172],[-113.64286,53.48189],[-113.64347,53.48216],[-113.64399,53.48204],[-113.64412,53.48199],[-113.64451,53.4824],[-113.64523,53.48314],[-113.64549,53.4835],[-113.64567,53.48392],[-113.64578,53.48451],[-113.64309,53.48512],[-113.64233,53.48534],[-113.64145,53.48563],[-113.63997,53.4862],[-113.63428,53.48832],[-113.63326,53.48878],[-113.63234,53.48929],[-113.63154,53.4899],[-113.63074,53.49069],[-113.63054,53.49061],[-113.63033,53.49055],[-113.63005,53.49046],[-113.63008,53.49044],[-113.62993,53.49036],[-113.62981,53.49029],[-113.62963,53.49016],[-113.62796,53.48966],[-113.62775,53.48959],[-113.6275,53.48971],[-113.6275,53.48912],[-113.6275,53.48856],[-113.62756,53.48856],[-113.62758,53.48856],[-113.62759,53.48856],[-113.62759,53.48856],[-113.6276,53.48856],[-113.6276,53.48856],[-113.62761,53.48856],[-113.62761,53.48856],[-113.62762,53.48856],[-113.62762,53.48855],[-113.62789,53.4884],[-113.62789,53.48839],[-113.62789,53.48839],[-113.6279,53.48839],[-113.6279,53.48839],[-113.6279,53.48838],[-113.6279,53.48838],[-113.6279,53.48838],[-113.6279,53.48837],[-113.6279,53.48837],[-113.6279,53.48837],[-113.6279,53.48827],[-113.6279,53.48827],[-113.6279,53.48826],[-113.62789,53.48826],[-113.62789,53.48826],[-113.62789,53.48825],[-113.62789,53.48825],[-113.62788,53.48825],[-113.62788,53.48825],[-113.62788,53.48824],[-113.62787,53.48824],[-113.62787,53.48824],[-113.62787,53.48824],[-113.62761,53.48816],[-113.62761,53.48814],[-113.62771,53.48808],[-113.628,53.48801],[-113.628,53.48801],[-113.62801,53.48801],[-113.62801,53.488],[-113.62801,53.488],[-113.62802,53.488],[-113.62802,53.488],[-113.62815,53.48791],[-113.62824,53.48791],[-113.62825,53.48791],[-113.62825,53.48791],[-113.62826,53.48791],[-113.62826,53.48791],[-113.62827,53.48791],[-113.62827,53.48791],[-113.62828,53.48791],[-113.62828,53.4879],[-113.62829,53.4879],[-113.62829,53.4879],[-113.62829,53.4879],[-113.62829,53.48789],[-113.6283,53.48789],[-113.6283,53.48789],[-113.6283,53.48789],[-113.62839,53.48771],[-113.62839,53.4877],[-113.62839,53.4877],[-113.62839,53.4877],[-113.62839,53.4877],[-113.62839,53.48769],[-113.62839,53.48769],[-113.62839,53.48769],[-113.62838,53.48768],[-113.62838,53.48768],[-113.62835,53.48764],[-113.62867,53.48764],[-113.62867,53.48764],[-113.62867,53.48764],[-113.62868,53.48764],[-113.62868,53.48764],[-113.62869,53.48764],[-113.62869,53.48764],[-113.62888,53.48758],[-113.62889,53.48758],[-113.62889,53.48758],[-113.6289,53.48758],[-113.6289,53.48758],[-113.6289,53.48757],[-113.62891,53.48757],[-113.62891,53.48757],[-113.62897,53.48751],[-113.62897,53.48751],[-113.62898,53.48751],[-113.62898,53.48751],[-113.62899,53.4875],[-113.62899,53.4875],[-113.62899,53.4875],[-113.629,53.4875],[-113.629,53.48749],[-113.62904,53.4875],[-113.6289,53.48715],[-113.62901,53.48709],[-113.62936,53.48714],[-113.62964,53.48704],[-113.62974,53.48696],[-113.63042,53.48715],[-113.63046,53.48711],[-113.62895,53.48669],[-113.62895,53.48628],[-113.62948,53.48595],[-113.62948,53.48554],[-113.63042,53.48519],[-113.63087,53.48538],[-113.63093,53.48534],[-113.63008,53.48498],[-113.63006,53.48461],[-113.63074,53.48427],[-113.63018,53.48381],[-113.63279,53.48381],[-113.63286,53.48375],[-113.63088,53.48375]]]]}},{"type":"Feature","properties":{"name":"WESTRIDGE"},"geometry":{"type":"MultiPolygon","coordinates":[[[[-113.59572,53.5016],[-113.59579,53.50157],[-113.59563,53.5015],[-113.5952,53.50135],[-113.59434,53.50094],[-113.59378,53.49994],[-113.59385,53.49975],[-113.5941,53.49971],[-113.59436,53.49948],[-113.59467,53.49937],[-113.59485,53.49915],[-113.59497,53.49914],[-113.59502,53.49933],[-113.59517,53.49941],[-113.59549,53.49948],[-113.59572,53.49985],[-113.59587,53.50011],[-113.59598,53.5004],[-113.59599,53.50051],[-113.59602,53.5006],[-113.59655,53.50095],[-113.5969,53.50091],[-113.59689,53.50107],[-113.59723,53.50124],[-113.59714,53.5015],[-113.59705,53.50156],[-113.59742,53.50175],[-113.59754,53.5017],[-113.59764,53.50173],[-113.59793,53.50163],[-113.5985,53.50187],[-113.59855,53.50213],[-113.59886,53.50226],[-113.59911,53.50252],[-113.59933,53.50257],[-113.59951,53.50255],[-113.6,53.50265],[-113.60019,53.50275],[-113.60034,53.50278],[-113.60092,53.50266],[-113.60107,53.50296],[-113.60135,53.50305],[-113.60154,53.50307],[-113.602,53.50349],[-113.60202,53.5038],[-113.60259,53.5042],[-113.60292,53.50416],[-113.60322,53.50424],[-113.60335,53.50423],[-113.60325,53.50435],[-113.60333,53.50462],[-113.60364,53.50472],[-113.60382,53.50469],[-113.60396,53.50487],[-113.60408,53.50487],[-113.60468,53.50524],[-113.60507,53.50535],[-113.60537,53.5054],[-113.60563,53.50555],[-113.6058,53.50559],[-113.6059,53.50568],[-113.60658,53.50588],[-113.60675,53.50589],[-113.60702,53.50598],[-113.60735,53.50571],[-113.60763,53.50581],[-113.60808,53.50595],[-113.60859,53.50611],[-113.60903,53.50616],[-113.60903,53.50527],[-113.60881,53.5052],[-113.60862,53.50517],[-113.60822,53.50511],[-113.60853,53.50493],[-113.60902,53.50479],[-113.60951,53.50469],[-113.61014,53.50464],[-113.61106,53.50464],[-113.61545,53.50467],[-113.61525,53.51211],[-113.6119,53.5121],[-113.61153,53.51153],[-113.6123,53.51147],[-113.61199,53.51116],[-113.6113,53.51082],[-113.61102,53.5104],[-113.61086,53.51001],[-113.61042,53.50976],[-113.61013,53.50955],[-113.61,53.5094],[-113.60966,53.50922],[-113.60937,53.50916],[-113.60899,53.50903],[-113.60869,53.50898],[-113.60827,53.50897],[-113.60769,53.509],[-113.60738,53.50886],[-113.60648,53.50854],[-113.60648,53.50857],[-113.60613,53.50861],[-113.60578,53.50854],[-113.60551,53.50854],[-113.60508,53.5086],[-113.60465,53.50882],[-113.6043,53.50877],[-113.60347,53.50859],[-113.60319,53.50854],[-113.60295,53.5084],[-113.60202,53.50795],[-113.60133,53.50771],[-113.60069,53.50768],[-113.60041,53.50757],[-113.59966,53.5076],[-113.59866,53.50735],[-113.59831,53.50716],[-113.59778,53.50702],[-113.59742,53.50682],[-113.59716,53.50604],[-113.59676,53.50538],[-113.59654,53.50517],[-113.5964,53.50496],[-113.59658,53.50482],[-113.5967,53.50482],[-113.59681,53.50451],[-113.59681,53.50443],[-113.59679,53.50443],[-113.59651,53.5044],[-113.59625,53.50428],[-113.5961,53.50414],[-113.59585,53.50375],[-113.59568,53.50356],[-113.59537,53.50338],[-113.59502,53.50325],[-113.5946,53.50317],[-113.59438,53.50304],[-113.59424,53.50287],[-113.59422,53.5027],[-113.59382,53.50275],[-113.59343,53.50259],[-113.5932,53.50232],[-113.59302,53.50224],[-113.59301,53.50192],[-113.59294,53.50186],[-113.59308,53.5016],[-113.59287,53.50139],[-113.59341,53.50123],[-113.59399,53.5013],[-113.59441,53.50141],[-113.59474,53.5016],[-113.59496,53.50145],[-113.59547,53.50164],[-113.59553,53.50166],[-113.59556,53.50165],[-113.59559,53.50164],[-113.59563,53.50163],[-113.59566,53.50162],[-113.59569,53.50161],[-113.59572,53.5016]],[[-113.61209,53.50671],[-113.61231,53.50671],[-113.6148,53.50672],[-113.61499,53.50673],[-113.61499,53.50598],[-113.61444,53.50597],[-113.61405,53.50609],[-113.61374,53.50615],[-113.61311,53.50611],[-113.61289,53.50621],[-113.61262,53.50625],[-113.61251,53.50619],[-113.61208,53.50605],[-113.61203,53.50602],[-113.61194,53.50597],[-113.61181,53.50591],[-113.61175,53.5059],[-113.61159,53.50589],[-113.61157,53.5059],[-113.61141,53.50588],[-113.61128,53.50583],[-113.61106,53.50578],[-113.61107,53.5067],[-113.61209,53.50671]]]]}},{"type":"Feature","properties":{"name":"SUDER GREENS"},"geometry":{"type":"MultiPolygon","coordinates":[[[[-113.66807,53.52679],[-113.66804,53.5267],[-113.66566,53.5267],[-113.66451,53.5267],[-113.66436,53.5267],[-113.66435,53.52593],[-113.6645,53.52584],[-113.66565,53.52519],[-113.66565,53.52339],[-113.6677,53.52354],[-113.66819,53.52355],[-113.66943,53.5236],[-113.67014,53.52369],[-113.67065,53.52379],[-113.67124,53.52392],[-113.67241,53.5242],[-113.67297,53.52435],[-113.67461,53.52297],[-113.67527,53.52249],[-113.6763,53.52199],[-113.6773,53.52162],[-113.67845,53.52133],[-113.68153,53.52083],[-113.68283,53.52059],[-113.68382,53.5205],[-113.68533,53.52047],[-113.68881,53.52053],[-113.68897,53.5278],[-113.68897,53.52781],[-113.68719,53.52786],[-113.68592,53.52796],[-113.68442,53.52823],[-113.68301,53.52858],[-113.68212,53.52871],[-113.68113,53.52873],[-113.68011,53.52863],[-113.6792,53.52847],[-113.67795,53.52809],[-113.67725,53.52777],[-113.67682,53.52749],[-113.67707,53.5274],[-113.67749,53.52718],[-113.6781,53.52694],[-113.6783,53.52678],[-113.67841,53.52669],[-113.67652,53.52669],[-113.67625,53.52669],[-113.67563,53.52669],[-113.6757,53.52678],[-113.67352,53.52678],[-113.67352,53.52716],[-113.67245,53.52744],[-113.6718,53.52761],[-113.671,53.52789],[-113.67027,53.52819],[-113.66949,53.52838],[-113.66849,53.52811],[-113.66807,53.52679]]]]}},{"type":"Feature","properties":{"name":"TWEDDLE PLACE"},"geometry":{"type":"MultiPolygon","coordinates":[[[[-113.46647,53.48284],[-113.46131,53.48374],[-113.45676,53.48443],[-113.45327,53.48482],[-113.45256,53.48235],[-113.45239,53.48127],[-113.45219,53.47956],[-113.45208,53.47861],[-113.452,53.47818],[-113.45189,53.47774],[-113.45157,53.47689],[-113.4513,53.47638],[-113.45099,53.47587],[-113.44956,53.47376],[-113.45029,53.47355],[-113.45098,53.47331],[-113.45172,53.47298],[-113.45363,53.47191],[-113.45455,53.47249],[-113.45561,53.47312],[-113.45624,53.47342],[-113.45693,53.47366],[-113.45792,53.47392],[-113.45892,53.47408],[-113.46187,53.47412],[-113.46642,53.47412],[-113.46627,53.47889],[-113.46633,53.48103],[-113.46647,53.48284]]]]}},{"type":"Feature","properties":{"name":"MONTROSE"},"geometry":{"type":"MultiPolygon","coordinates":[[[[-113.43103,53.57931],[-113.43101,53.5793],[-113.431,53.57929],[-113.43098,53.57928],[-113.43097,53.57927],[-113.43096,53.57926],[-113.43094,53.57924],[-113.43093,53.57923],[-113.43092,53.57922],[-113.43091,53.57921],[-113.4309,53.57919],[-113.43088,53.57918],[-113.43088,53.57917],[-113.43086,53.57915],[-113.43085,53.57913],[-113.43085,53.57911],[-113.43084,53.57909],[-113.43083,53.57907],[-113.43083,53.57905],[-113.43083,53.57904],[-113.43083,53.57904],[-113.43083,53.57902],[-113.43083,53.57901],[-113.43083,53.57885],[-113.43083,53.57818],[-113.43091,53.57812],[-113.43072,53.57785],[-113.43066,53.57773],[-113.43068,53.57672],[-113.43069,53.57565],[-113.43069,53.57509],[-113.43069,53.57354],[-113.4307,53.57238],[-113.4307,53.57036],[-113.43225,53.57037],[-113.43303,53.57036],[-113.43378,53.57037],[-113.4353,53.57037],[-113.43647,53.57037],[-113.43815,53.57037],[-113.43989,53.57037],[-113.44145,53.57036],[-113.44297,53.57036],[-113.44455,53.57037],[-113.44487,53.57037],[-113.44609,53.57038],[-113.44658,53.57038],[-113.448,53.57038],[-113.44916,53.57038],[-113.44963,53.57038],[-113.45068,53.57037],[-113.45125,53.57037],[-113.45216,53.57036],[-113.45291,53.57036],[-113.45368,53.57037],[-113.45368,53.57198],[-113.45366,53.57239],[-113.45359,53.57271],[-113.45318,53.57368],[-113.45317,53.57434],[-113.45352,53.57434],[-113.45392,53.57434],[-113.45464,53.57435],[-113.45309,53.57571],[-113.45249,53.57623],[-113.45171,53.57687],[-113.45149,53.57703],[-113.45128,53.57719],[-113.45106,53.57734],[-113.45084,53.5775],[-113.45061,53.57765],[-113.45038,53.57781],[-113.45032,53.57785],[-113.45026,53.57789],[-113.45019,53.57793],[-113.45012,53.57798],[-113.45004,53.57803],[-113.44996,53.57808],[-113.44933,53.57847],[-113.44883,53.57839],[-113.44865,53.57837],[-113.44802,53.57833],[-113.4468,53.57832],[-113.44453,53.57832],[-113.44298,53.57832],[-113.4421,53.57808],[-113.43694,53.57807],[-113.43576,53.57809],[-113.43473,53.57824],[-113.4338,53.57854],[-113.4332,53.57889],[-113.4319,53.57987],[-113.43163,53.57967],[-113.43119,53.5794],[-113.43103,53.57931]]]]}},{"type":"Feature","properties":{"name":"INDUSTRIAL HEIGHTS"},"geometry":{"type":"MultiPolygon","coordinates":[[[[-113.43473,53.57824],[-113.43576,53.57809],[-113.43694,53.57807],[-113.4421,53.57808],[-113.44298,53.57832],[-113.44453,53.57832],[-113.4468,53.57832],[-113.44802,53.57833],[-113.44865,53.57837],[-113.44883,53.57839],[-113.44933,53.57847],[-113.44898,53.57868],[-113.44533,53.58096],[-113.44279,53.58255],[-113.44068,53.58387],[-113.44005,53.58387],[-113.43065,53.58387],[-113.41852,53.58389],[-113.4183,53.58389],[-113.41831,53.5825],[-113.42063,53.58249],[-113.42325,53.58238],[-113.42554,53.58217],[-113.42761,53.58175],[-113.42952,53.58104],[-113.4319,53.57987],[-113.4332,53.57889],[-113.4338,53.57854],[-113.43473,53.57824]]]]}},{"type":"Feature","properties":{"name":"RIVER VALLEY LAURIER"},"geometry":{"type":"MultiPolygon","coordinates":[[[[-113.57667,53.50811],[-113.57665,53.5081],[-113.57662,53.50809],[-113.5766,53.50808],[-113.57657,53.50807],[-113.57654,53.50807],[-113.57652,53.50806],[-113.57649,53.50806],[-113.57646,53.50806],[-113.57643,53.50806],[-113.5764,53.50806],[-113.57619,53.50808],[-113.57636,53.50751],[-113.57578,53.50756],[-113.57538,53.50744],[-113.57458,53.5075],[-113.5742,53.50754],[-113.57384,53.50769],[-113.57346,53.50774],[-113.57309,53.50786],[-113.57274,53.50791],[-113.57239,53.50791],[-113.57199,53.50784],[-113.5716,53.50762],[-113.57119,53.50763],[-113.57079,53.50765],[-113.57038,53.5077],[-113.56971,53.50774],[-113.5691,53.50783],[-113.568,53.50781],[-113.5686,53.50821],[-113.5691,53.50955],[-113.56914,53.5099],[-113.56941,53.51028],[-113.57205,53.51097],[-113.57486,53.51066],[-113.5765,53.51127],[-113.57852,53.51127],[-113.57959,53.51162],[-113.57964,53.51157],[-113.58069,53.5119],[-113.58541,53.51191],[-113.58571,53.51187],[-113.58602,53.51175],[-113.58837,53.51158],[-113.59017,53.51155],[-113.59035,53.51154],[-113.59035,53.51193],[-113.59035,53.51236],[-113.5902,53.51236],[-113.58657,53.51236],[-113.58498,53.51264],[-113.5834,53.5132],[-113.5833,53.5133],[-113.58325,53.51336],[-113.58317,53.51371],[-113.58357,53.51398],[-113.58848,53.5152],[-113.59019,53.51535],[-113.59034,53.51536],[-113.59034,53.51559],[-113.59019,53.51559],[-113.58944,53.51559],[-113.58835,53.51559],[-113.58381,53.51455],[-113.58284,53.51455],[-113.58284,53.51495],[-113.58306,53.51514],[-113.58307,53.51546],[-113.58311,53.51549],[-113.58311,53.51591],[-113.58311,53.51606],[-113.58275,53.51604],[-113.58258,53.51603],[-113.58245,53.516],[-113.58239,53.51594],[-113.58237,53.51587],[-113.58238,53.51523],[-113.5824,53.51505],[-113.58241,53.51442],[-113.58207,53.5142],[-113.58112,53.51358],[-113.58032,53.5137],[-113.5796,53.51387],[-113.5792,53.51405],[-113.57879,53.51435],[-113.57847,53.51473],[-113.57797,53.51474],[-113.5777,53.51474],[-113.57769,53.51418],[-113.57756,53.51379],[-113.57731,53.51332],[-113.57696,53.51289],[-113.57657,53.51257],[-113.57628,53.5124],[-113.57598,53.51226],[-113.57558,53.51218],[-113.57506,53.51215],[-113.57181,53.5122],[-113.57093,53.51222],[-113.57048,53.51221],[-113.57001,53.51214],[-113.56946,53.51202],[-113.56891,53.51176],[-113.56834,53.51141],[-113.56741,53.51084],[-113.56718,53.51067],[-113.56703,53.51043],[-113.56656,53.50941],[-113.56646,53.50929],[-113.56629,53.50918],[-113.56607,53.50911],[-113.56583,53.50908],[-113.56557,53.50909],[-113.5654,53.50913],[-113.56312,53.50993],[-113.56277,53.51013],[-113.56236,53.51046],[-113.56226,53.51065],[-113.56232,53.51082],[-113.56246,53.51095],[-113.56319,53.51139],[-113.5621,53.51201],[-113.56158,53.51171],[-113.56116,53.51157],[-113.56078,53.51151],[-113.5604,53.5115],[-113.5601,53.51156],[-113.55982,53.51167],[-113.55964,53.51181],[-113.55948,53.51203],[-113.55786,53.51286],[-113.55776,53.51299],[-113.55778,53.51364],[-113.5595,53.51365],[-113.56098,53.51365],[-113.56097,53.51434],[-113.55951,53.51434],[-113.55929,53.51434],[-113.55812,53.51459],[-113.55812,53.51449],[-113.55762,53.51407],[-113.55686,53.51407],[-113.55686,53.51374],[-113.55582,53.51374],[-113.55546,53.51374],[-113.55512,53.51359],[-113.55188,53.51274],[-113.5517,53.51263],[-113.54975,53.51211],[-113.5496,53.51201],[-113.54614,53.51201],[-113.54477,53.51201],[-113.54282,53.51203],[-113.54328,53.51153],[-113.54435,53.51059],[-113.54591,53.50958],[-113.54746,53.50879],[-113.54954,53.50796],[-113.55138,53.50748],[-113.55373,53.50715],[-113.55795,53.50689],[-113.56662,53.50644],[-113.56934,53.50629],[-113.57244,53.50605],[-113.57501,53.50572],[-113.57804,53.50511],[-113.57804,53.50753],[-113.57804,53.5089],[-113.57776,53.5089],[-113.57773,53.5089],[-113.57768,53.5088],[-113.57768,53.50811],[-113.57758,53.50786],[-113.57731,53.50784],[-113.57667,53.50811]]]]}},{"type":"Feature","properties":{"name":"EDMONTON RESEARCH AND DEVELOPMENT PARK"},"geometry":{"type":"MultiPolygon","coordinates":[[[[-113.47958,53.44693],[-113.47958,53.44929],[-113.47954,53.4497],[-113.47924,53.45007],[-113.47915,53.4503],[-113.47913,53.45141],[-113.47913,53.45297],[-113.47678,53.45243],[-113.4752,53.45215],[-113.47385,53.452],[-113.473,53.45196],[-113.4664,53.45185],[-113.46647,53.448],[-113.46655,53.43949],[-113.46767,53.43949],[-113.46789,53.43949],[-113.46812,53.43949],[-113.46835,53.43949],[-113.47958,53.43948],[-113.47958,53.44668],[-113.47965,53.44668],[-113.47958,53.44693]]]]}},{"type":"Feature","properties":{"name":"GLENRIDDING HEIGHTS"},"geometry":{"type":"MultiPolygon","coordinates":[[[[-113.61464,53.42126],[-113.61097,53.42123],[-113.60994,53.42138],[-113.60901,53.42155],[-113.60796,53.42186],[-113.60726,53.42219],[-113.60705,53.4223],[-113.60525,53.42324],[-113.6045,53.42366],[-113.60352,53.42417],[-113.60265,53.42447],[-113.6012,53.42488],[-113.58998,53.4249],[-113.59094,53.42263],[-113.59117,53.42227],[-113.59175,53.42173],[-113.5924,53.4213],[-113.59313,53.42098],[-113.59405,53.42062],[-113.59521,53.42006],[-113.59659,53.41924],[-113.59721,53.41882],[-113.59784,53.41831],[-113.5986,53.41756],[-113.60233,53.41756],[-113.6115,53.41754],[-113.6115,53.41664],[-113.61451,53.41664],[-113.61464,53.41664],[-113.61464,53.42126]]]]}},{"type":"Feature","properties":{"name":"SILVER BERRY"},"geometry":{"type":"MultiPolygon","coordinates":[[[[-113.3938,53.45384],[-113.39387,53.45923],[-113.39385,53.46348],[-113.39378,53.46653],[-113.39341,53.46646],[-113.39268,53.46632],[-113.39247,53.46627],[-113.39056,53.46545],[-113.39031,53.46525],[-113.39006,53.46512],[-113.38975,53.46501],[-113.38961,53.46492],[-113.38936,53.4648],[-113.38906,53.46466],[-113.38839,53.46446],[-113.38814,53.46445],[-113.38733,53.46445],[-113.38662,53.46407],[-113.38596,53.46399],[-113.38509,53.46404],[-113.3843,53.46431],[-113.38398,53.46484],[-113.38372,53.4654],[-113.38351,53.46572],[-113.38193,53.46631],[-113.38184,53.46736],[-113.38178,53.46803],[-113.38176,53.46833],[-113.38175,53.46848],[-113.38129,53.46848],[-113.38129,53.46671],[-113.38129,53.46659],[-113.38021,53.46712],[-113.3796,53.46741],[-113.37929,53.46753],[-113.37901,53.4676],[-113.37844,53.46746],[-113.37812,53.46735],[-113.37758,53.46709],[-113.37715,53.46684],[-113.3771,53.46657],[-113.37717,53.46637],[-113.37697,53.46611],[-113.37667,53.46551],[-113.37579,53.46542],[-113.37546,53.46549],[-113.37485,53.46549],[-113.37416,53.46558],[-113.37381,53.46563],[-113.37189,53.46571],[-113.37077,53.46571],[-113.37007,53.46572],[-113.36892,53.46567],[-113.36893,53.46346],[-113.36901,53.45399],[-113.3779,53.45402],[-113.38163,53.45402],[-113.38476,53.45399],[-113.38644,53.45395],[-113.38858,53.45389],[-113.3938,53.45384]]]]}},{"type":"Feature","properties":{"name":"WEIR INDUSTRIAL"},"geometry":{"type":"MultiPolygon","coordinates":[[[[-113.39388,53.51609],[-113.39386,53.51402],[-113.39386,53.51238],[-113.39385,53.51026],[-113.39385,53.50742],[-113.39385,53.50729],[-113.394,53.50728],[-113.40602,53.50696],[-113.41804,53.50663],[-113.41821,53.50663],[-113.41826,53.50817],[-113.41832,53.50998],[-113.41832,53.51087],[-113.41839,53.51248],[-113.41843,53.51433],[-113.40415,53.51653],[-113.40145,53.5168],[-113.39784,53.5169],[-113.3942,53.51689],[-113.39422,53.51605],[-113.39388,53.51609]]]]}},{"type":"Feature","properties":{"name":"RUNDLE HEIGHTS"},"geometry":{"type":"MultiPolygon","coordinates":[[[[-113.38836,53.55934],[-113.38824,53.55928],[-113.38788,53.55911],[-113.38816,53.5589],[-113.38823,53.55889],[-113.38863,53.55855],[-113.38883,53.55838],[-113.3888,53.55837],[-113.38845,53.55819],[-113.38846,53.55798],[-113.38835,53.5578],[-113.38882,53.55762],[-113.38913,53.55742],[-113.39016,53.55622],[-113.39024,53.55616],[-113.39037,53.5561],[-113.39059,53.55606],[-113.39191,53.55606],[-113.39373,53.55608],[-113.39395,53.55611],[-113.39437,53.55619],[-113.39476,53.55625],[-113.39507,53.55627],[-113.39615,53.55628],[-113.39649,53.55631],[-113.39695,53.55647],[-113.39724,53.55666],[-113.39739,53.5569],[-113.39765,53.55693],[-113.39795,53.55723],[-113.39718,53.55759],[-113.39513,53.55758],[-113.39513,53.55761],[-113.39513,53.55778],[-113.39513,53.55787],[-113.39638,53.55787],[-113.39637,53.55877],[-113.39638,53.55966],[-113.39636,53.56056],[-113.39636,53.56146],[-113.39636,53.56234],[-113.39636,53.56323],[-113.39636,53.56412],[-113.39518,53.56413],[-113.39372,53.56412],[-113.39372,53.5668],[-113.39371,53.56882],[-113.39371,53.57038],[-113.38955,53.57039],[-113.38852,53.57045],[-113.38715,53.57071],[-113.38689,53.57029],[-113.38694,53.57003],[-113.38729,53.56942],[-113.38748,53.56868],[-113.38757,53.56859],[-113.38753,53.56847],[-113.38759,53.56803],[-113.38757,53.56769],[-113.38744,53.56737],[-113.38733,53.56718],[-113.3872,53.5669],[-113.38706,53.56624],[-113.38849,53.56616],[-113.38726,53.56488],[-113.38663,53.56422],[-113.38652,53.56406],[-113.38605,53.56306],[-113.38593,53.56279],[-113.38589,53.56261],[-113.38591,53.56239],[-113.38618,53.56132],[-113.38626,53.5611],[-113.38641,53.56087],[-113.38659,53.56069],[-113.38836,53.55934]]]]}},{"type":"Feature","properties":{"name":"HOMESTEADER"},"geometry":{"type":"MultiPolygon","coordinates":[[[[-113.40343,53.59008],[-113.40209,53.58992],[-113.40207,53.58852],[-113.40123,53.58837],[-113.40113,53.58821],[-113.40122,53.58813],[-113.40078,53.58741],[-113.40065,53.58742],[-113.39863,53.58742],[-113.39833,53.58734],[-113.39673,53.58734],[-113.39587,53.58656],[-113.39551,53.58616],[-113.3952,53.58571],[-113.39457,53.58461],[-113.39522,53.5844],[-113.39565,53.58419],[-113.39596,53.58399],[-113.39624,53.58375],[-113.3964,53.5835],[-113.39658,53.58302],[-113.39595,53.58295],[-113.39375,53.58279],[-113.39376,53.57987],[-113.39375,53.57791],[-113.41125,53.58193],[-113.41378,53.58236],[-113.41533,53.58248],[-113.41831,53.5825],[-113.41829,53.5852],[-113.41842,53.58555],[-113.4184,53.58739],[-113.41827,53.58759],[-113.41826,53.58864],[-113.41818,53.58923],[-113.41808,53.58953],[-113.41769,53.59027],[-113.41722,53.59099],[-113.41677,53.59153],[-113.41632,53.59153],[-113.41311,53.59152],[-113.41249,53.59099],[-113.41158,53.59094],[-113.41123,53.59073],[-113.41069,53.59085],[-113.41031,53.59061],[-113.409,53.59068],[-113.40838,53.59075],[-113.40758,53.59072],[-113.40711,53.59057],[-113.40692,53.59053],[-113.40654,53.59061],[-113.40616,53.59075],[-113.40548,53.59081],[-113.40475,53.59074],[-113.4044,53.59057],[-113.40436,53.59033],[-113.40427,53.59021],[-113.40387,53.59009],[-113.40346,53.59003],[-113.40343,53.59008]]]]}},{"type":"Feature","properties":{"name":"BERGMAN"},"geometry":{"type":"MultiPolygon","coordinates":[[[[-113.41831,53.5825],[-113.41533,53.58248],[-113.41378,53.58236],[-113.41125,53.58193],[-113.39375,53.57791],[-113.39403,53.57764],[-113.39403,53.57731],[-113.39403,53.57719],[-113.39407,53.57716],[-113.39408,53.57663],[-113.39475,53.57663],[-113.39475,53.57672],[-113.39692,53.57673],[-113.39839,53.57672],[-113.39992,53.57671],[-113.40146,53.57671],[-113.403,53.57671],[-113.40453,53.57671],[-113.40607,53.57671],[-113.40763,53.57671],[-113.40916,53.57671],[-113.4107,53.5767],[-113.41224,53.5767],[-113.41377,53.5767],[-113.41531,53.5767],[-113.41685,53.5767],[-113.41838,53.5767],[-113.41838,53.57834],[-113.41839,53.57996],[-113.41831,53.5825]]]]}},{"type":"Feature","properties":{"name":"BARANOW"},"geometry":{"type":"MultiPolygon","coordinates":[[[[-113.54126,53.61445],[-113.54119,53.61453],[-113.54115,53.61535],[-113.54113,53.61696],[-113.53889,53.61697],[-113.53731,53.61697],[-113.53733,53.61676],[-113.5371,53.61449],[-113.53709,53.61446],[-113.53708,53.61413],[-113.53708,53.61324],[-113.53624,53.61272],[-113.53567,53.60981],[-113.53529,53.60689],[-113.53508,53.60689],[-113.53508,53.60557],[-113.53508,53.60429],[-113.53508,53.60372],[-113.53508,53.60222],[-113.53539,53.60211],[-113.53509,53.6018],[-113.5309,53.60182],[-113.5309,53.5997],[-113.53092,53.59946],[-113.53495,53.59945],[-113.54116,53.59941],[-113.54121,53.60092],[-113.54126,53.60098],[-113.54124,53.60213],[-113.54126,53.6023],[-113.5413,53.60417],[-113.5413,53.60671],[-113.5413,53.61048],[-113.54128,53.6133],[-113.54126,53.61445]]]]}},{"type":"Feature","properties":{"name":"BALWIN"},"geometry":{"type":"MultiPolygon","coordinates":[[[[-113.46724,53.59221],[-113.46378,53.59223],[-113.46181,53.59222],[-113.45785,53.59222],[-113.45765,53.59222],[-113.45553,53.59223],[-113.45234,53.59225],[-113.44784,53.59226],[-113.44757,53.59224],[-113.44608,53.59222],[-113.4438,53.59223],[-113.44371,53.59227],[-113.44296,53.59226],[-113.44296,53.59127],[-113.44297,53.59056],[-113.44298,53.58919],[-113.44297,53.58775],[-113.44293,53.58764],[-113.44292,53.58609],[-113.44293,53.58519],[-113.44293,53.58366],[-113.44313,53.58366],[-113.44404,53.58367],[-113.44495,53.58367],[-113.44498,53.58367],[-113.445,53.58366],[-113.44503,53.58365],[-113.44506,53.58365],[-113.44509,53.58364],[-113.44511,53.58364],[-113.44516,53.58367],[-113.44597,53.58368],[-113.44626,53.58368],[-113.44566,53.58396],[-113.44609,53.58397],[-113.4476,53.58396],[-113.4491,53.58396],[-113.44918,53.58396],[-113.44918,53.58374],[-113.45227,53.58374],[-113.45441,53.58374],[-113.45441,53.58403],[-113.45436,53.58403],[-113.45437,53.58495],[-113.45556,53.58494],[-113.4571,53.58495],[-113.45866,53.58495],[-113.46021,53.58494],[-113.46376,53.58493],[-113.46554,53.58488],[-113.4673,53.58485],[-113.46725,53.58605],[-113.46718,53.58696],[-113.46718,53.58914],[-113.46724,53.59221]]]]}},{"type":"Feature","properties":{"name":"NEWTON"},"geometry":{"type":"MultiPolygon","coordinates":[[[[-113.43083,53.57901],[-113.43083,53.57902],[-113.43083,53.57903],[-113.43083,53.57904],[-113.43083,53.57905],[-113.43083,53.57907],[-113.43084,53.57909],[-113.43085,53.57911],[-113.43085,53.57913],[-113.43086,53.57915],[-113.43088,53.57917],[-113.43088,53.57918],[-113.4309,53.57919],[-113.43091,53.57921],[-113.43092,53.57922],[-113.43093,53.57923],[-113.43094,53.57924],[-113.43096,53.57926],[-113.43097,53.57927],[-113.43098,53.57928],[-113.431,53.57929],[-113.43101,53.5793],[-113.43103,53.57931],[-113.43119,53.5794],[-113.43163,53.57967],[-113.4319,53.57987],[-113.42952,53.58104],[-113.42761,53.58175],[-113.42554,53.58217],[-113.42325,53.58238],[-113.42063,53.58249],[-113.41831,53.5825],[-113.41839,53.57996],[-113.41838,53.57834],[-113.41838,53.5767],[-113.41838,53.57507],[-113.41839,53.57352],[-113.41839,53.57189],[-113.41839,53.57035],[-113.42001,53.57035],[-113.42154,53.57035],[-113.42459,53.57036],[-113.42611,53.57036],[-113.42765,53.57036],[-113.4307,53.57036],[-113.4307,53.57238],[-113.43069,53.57354],[-113.43069,53.57509],[-113.43069,53.57565],[-113.43068,53.57672],[-113.43066,53.57773],[-113.43072,53.57785],[-113.43091,53.57812],[-113.43083,53.57818],[-113.43083,53.57885],[-113.43083,53.57901]]]]}},{"type":"Feature","properties":{"name":"DELWOOD"},"geometry":{"type":"MultiPolygon","coordinates":[[[[-113.46724,53.59221],[-113.46726,53.59318],[-113.46727,53.5944],[-113.46731,53.59532],[-113.46733,53.59686],[-113.46736,53.59772],[-113.4674,53.59966],[-113.46243,53.59966],[-113.45546,53.59966],[-113.44906,53.59969],[-113.4462,53.59967],[-113.44294,53.59966],[-113.44294,53.59857],[-113.44294,53.59546],[-113.44296,53.59408],[-113.44296,53.5931],[-113.44296,53.59226],[-113.44371,53.59227],[-113.4438,53.59223],[-113.44608,53.59222],[-113.44757,53.59224],[-113.44784,53.59226],[-113.45234,53.59225],[-113.45553,53.59223],[-113.45765,53.59222],[-113.45785,53.59222],[-113.46181,53.59222],[-113.46378,53.59223],[-113.46724,53.59221]]]]}},{"type":"Feature","properties":{"name":"EAUX CLAIRES"},"geometry":{"type":"MultiPolygon","coordinates":[[[[-113.49201,53.62864],[-113.49188,53.62883],[-113.48714,53.62881],[-113.48154,53.62875],[-113.47969,53.62874],[-113.4797,53.62856],[-113.4797,53.62134],[-113.47964,53.62134],[-113.47975,53.62102],[-113.47978,53.62093],[-113.47968,53.62092],[-113.47934,53.62084],[-113.47939,53.62075],[-113.47965,53.62053],[-113.47926,53.62027],[-113.4797,53.61987],[-113.4797,53.61678],[-113.47974,53.61668],[-113.47974,53.6163],[-113.4797,53.61627],[-113.4797,53.61523],[-113.48601,53.61444],[-113.48794,53.61419],[-113.48907,53.61404],[-113.48967,53.61402],[-113.49179,53.61403],[-113.49181,53.61764],[-113.49184,53.62127],[-113.49199,53.62152],[-113.492,53.62369],[-113.49201,53.62584],[-113.49201,53.62864]]]]}},{"type":"Feature","properties":{"name":"GOLD BAR"},"geometry":{"type":"MultiPolygon","coordinates":[[[[-113.41132,53.54226],[-113.41135,53.54225],[-113.41138,53.54223],[-113.41138,53.54138],[-113.41138,53.54115],[-113.41491,53.54114],[-113.41855,53.54118],[-113.41856,53.54259],[-113.41857,53.5447],[-113.41856,53.54744],[-113.41854,53.55141],[-113.41854,53.55227],[-113.41651,53.55227],[-113.41552,53.55228],[-113.41498,53.55301],[-113.41492,53.55311],[-113.41488,53.55322],[-113.41485,53.55333],[-113.41485,53.55411],[-113.41295,53.55411],[-113.41265,53.5541],[-113.41212,53.55409],[-113.41153,53.55405],[-113.41151,53.55481],[-113.41051,53.55486],[-113.41043,53.55488],[-113.41035,53.55491],[-113.41029,53.55494],[-113.41024,53.55499],[-113.41021,53.55503],[-113.4102,53.55507],[-113.41021,53.55512],[-113.41022,53.55516],[-113.41106,53.55634],[-113.40976,53.55667],[-113.409,53.5556],[-113.40797,53.5556],[-113.40799,53.55536],[-113.40803,53.55532],[-113.40808,53.55456],[-113.40923,53.55373],[-113.41008,53.55351],[-113.41083,53.55354],[-113.4147,53.55366],[-113.41474,53.55367],[-113.41475,53.55339],[-113.41478,53.55323],[-113.41484,53.55308],[-113.41474,53.55297],[-113.4143,53.55289],[-113.41061,53.55289],[-113.41061,53.55244],[-113.4092,53.55244],[-113.40921,53.55103],[-113.40855,53.55103],[-113.4087,53.55229],[-113.4087,53.55233],[-113.4087,53.55238],[-113.40868,53.55242],[-113.40867,53.55247],[-113.40865,53.55251],[-113.40862,53.55256],[-113.40858,53.5526],[-113.40854,53.55264],[-113.4085,53.55267],[-113.40845,53.55271],[-113.4084,53.55274],[-113.40834,53.55277],[-113.40827,53.5528],[-113.40821,53.55282],[-113.40814,53.55284],[-113.40807,53.55286],[-113.40805,53.55286],[-113.40805,53.55296],[-113.40805,53.55332],[-113.40602,53.55323],[-113.40566,53.55296],[-113.40577,53.55284],[-113.40584,53.55277],[-113.4057,53.55271],[-113.40557,53.55264],[-113.4055,53.55259],[-113.40544,53.55252],[-113.40539,53.55245],[-113.40526,53.55251],[-113.40516,53.55254],[-113.40457,53.55234],[-113.40459,53.55214],[-113.40464,53.55212],[-113.40497,53.54947],[-113.40596,53.54833],[-113.40639,53.54784],[-113.40717,53.54785],[-113.40718,53.54612],[-113.40744,53.54391],[-113.40739,53.54391],[-113.40752,53.54287],[-113.40924,53.54287],[-113.40924,53.54349],[-113.41132,53.54226]]]]}},{"type":"Feature","properties":{"name":"BROOKSIDE"},"geometry":{"type":"MultiPolygon","coordinates":[[[[-113.56582,53.49936],[-113.56574,53.49936],[-113.56573,53.49789],[-113.56572,53.49781],[-113.56524,53.49792],[-113.56478,53.49794],[-113.56436,53.49787],[-113.56443,53.49798],[-113.56443,53.49854],[-113.56413,53.49871],[-113.56413,53.49967],[-113.56325,53.49964],[-113.56324,53.49781],[-113.56389,53.49781],[-113.56393,53.49773],[-113.5636,53.49749],[-113.56344,53.4972],[-113.56343,53.49695],[-113.56346,53.49489],[-113.56332,53.49393],[-113.56339,53.49352],[-113.56377,53.49287],[-113.56394,53.49259],[-113.56418,53.49219],[-113.56423,53.49188],[-113.56423,53.49045],[-113.56302,53.49047],[-113.56279,53.4904],[-113.56277,53.4904],[-113.56182,53.49],[-113.56162,53.48924],[-113.56172,53.48838],[-113.56343,53.48792],[-113.56385,53.48837],[-113.56393,53.48845],[-113.56475,53.48818],[-113.56509,53.48814],[-113.5657,53.48814],[-113.56569,53.48734],[-113.56554,53.48734],[-113.56228,53.48735],[-113.56155,53.48711],[-113.5598,53.48577],[-113.56071,53.48434],[-113.56067,53.4843],[-113.56082,53.48396],[-113.56059,53.48367],[-113.56014,53.48371],[-113.55973,53.48325],[-113.55655,53.4832],[-113.55591,53.48326],[-113.5549,53.4832],[-113.5549,53.48317],[-113.55436,53.48317],[-113.55432,53.48299],[-113.55423,53.48251],[-113.55482,53.4825],[-113.56376,53.4825],[-113.5707,53.48264],[-113.57205,53.48804],[-113.57204,53.49041],[-113.57195,53.49762],[-113.5718,53.49835],[-113.57139,53.49906],[-113.57052,53.49985],[-113.56927,53.50074],[-113.56866,53.50117],[-113.56637,53.49987],[-113.56582,53.49936]]]]}},{"type":"Feature","properties":{"name":"LYNNWOOD"},"geometry":{"type":"MultiPolygon","coordinates":[[[[-113.58311,53.51606],[-113.58311,53.51591],[-113.58311,53.51549],[-113.58307,53.51546],[-113.58306,53.51514],[-113.58284,53.51495],[-113.58284,53.51455],[-113.58381,53.51455],[-113.58835,53.51559],[-113.58944,53.51559],[-113.59019,53.51559],[-113.59034,53.51559],[-113.59034,53.51536],[-113.59019,53.51535],[-113.58848,53.5152],[-113.58357,53.51398],[-113.58317,53.51371],[-113.58325,53.51336],[-113.5833,53.5133],[-113.5834,53.5132],[-113.58498,53.51264],[-113.58657,53.51236],[-113.5902,53.51236],[-113.59035,53.51236],[-113.59035,53.51193],[-113.59672,53.51192],[-113.59672,53.51517],[-113.59668,53.51685],[-113.59665,53.51949],[-113.5917,53.51946],[-113.59035,53.51946],[-113.58683,53.51945],[-113.58506,53.51945],[-113.58242,53.51944],[-113.5798,53.51945],[-113.57791,53.51943],[-113.57796,53.51692],[-113.57797,53.51474],[-113.57847,53.51473],[-113.57879,53.51435],[-113.5792,53.51405],[-113.5796,53.51387],[-113.58032,53.5137],[-113.58112,53.51358],[-113.58207,53.5142],[-113.58241,53.51442],[-113.5824,53.51505],[-113.58238,53.51523],[-113.58237,53.51587],[-113.58239,53.51594],[-113.58245,53.516],[-113.58258,53.51603],[-113.58275,53.51604],[-113.58311,53.51606]]]]}},{"type":"Feature","properties":{"name":"ABBOTTSFIELD"},"geometry":{"type":"MultiPolygon","coordinates":[[[[-113.38763,53.57613],[-113.38363,53.57461],[-113.38405,53.5736],[-113.38437,53.57291],[-113.38466,53.57228],[-113.38524,53.57173],[-113.38715,53.57071],[-113.38852,53.57045],[-113.38955,53.57039],[-113.39371,53.57038],[-113.39371,53.57192],[-113.3937,53.57277],[-113.39369,53.57354],[-113.39369,53.57509],[-113.39408,53.57509],[-113.39408,53.57663],[-113.39407,53.57716],[-113.39403,53.57719],[-113.39403,53.57731],[-113.39403,53.57764],[-113.39375,53.57791],[-113.38886,53.5766],[-113.38763,53.57613]]]]}},{"type":"Feature","properties":{"name":"OVERLANDERS"},"geometry":{"type":"MultiPolygon","coordinates":[[[[-113.39108,53.58682],[-113.39079,53.58675],[-113.38874,53.58659],[-113.38865,53.58658],[-113.38856,53.58657],[-113.38847,53.58655],[-113.38839,53.58653],[-113.38831,53.5865],[-113.38823,53.58646],[-113.38816,53.58643],[-113.3881,53.58639],[-113.38804,53.58635],[-113.38799,53.5863],[-113.38704,53.58537],[-113.38466,53.58493],[-113.38481,53.58515],[-113.38414,53.58526],[-113.38367,53.58388],[-113.38278,53.58168],[-113.38248,53.58057],[-113.38238,53.57945],[-113.38236,53.57873],[-113.38244,53.57794],[-113.38265,53.57702],[-113.3829,53.57633],[-113.38319,53.57566],[-113.38363,53.57461],[-113.38886,53.5766],[-113.39375,53.57791],[-113.39376,53.57987],[-113.39375,53.58279],[-113.39595,53.58295],[-113.39658,53.58302],[-113.3964,53.5835],[-113.39624,53.58375],[-113.39596,53.58399],[-113.39565,53.58419],[-113.39522,53.5844],[-113.39457,53.58461],[-113.3952,53.58571],[-113.39551,53.58616],[-113.39587,53.58656],[-113.39673,53.58734],[-113.39663,53.58741],[-113.39523,53.58741],[-113.39465,53.5867],[-113.39266,53.58724],[-113.39108,53.58682]]]]}},{"type":"Feature","properties":{"name":"MEYOKUMIN"},"geometry":{"type":"MultiPolygon","coordinates":[[[[-113.42939,53.44554],[-113.43148,53.4457],[-113.43408,53.44596],[-113.43654,53.44619],[-113.43529,53.44965],[-113.43477,53.45245],[-113.4347,53.45357],[-113.43189,53.4535],[-113.42988,53.45356],[-113.4277,53.45376],[-113.42427,53.45421],[-113.42008,53.45476],[-113.41942,53.45207],[-113.41929,53.45113],[-113.41931,53.45006],[-113.4195,53.44689],[-113.41939,53.44583],[-113.42449,53.44551],[-113.42634,53.44547],[-113.42785,53.44548],[-113.42939,53.44554]]]]}},{"type":"Feature","properties":{"name":"GAGNON ESTATE INDUSTRIAL"},"geometry":{"type":"MultiPolygon","coordinates":[[[[-113.57811,53.5836],[-113.57811,53.58333],[-113.57796,53.58129],[-113.57798,53.579],[-113.578,53.57676],[-113.58435,53.57677],[-113.58712,53.57677],[-113.58729,53.57677],[-113.58747,53.57679],[-113.58781,53.57687],[-113.58807,53.577],[-113.5886,53.57741],[-113.58899,53.57754],[-113.58943,53.57762],[-113.59037,53.57762],[-113.59036,53.57928],[-113.59226,53.57885],[-113.59271,53.57954],[-113.59277,53.57962],[-113.5927,53.57964],[-113.59335,53.58002],[-113.59371,53.58023],[-113.59324,53.58034],[-113.5936,53.58055],[-113.59055,53.58124],[-113.59039,53.58127],[-113.58398,53.58272],[-113.58382,53.58275],[-113.58374,53.58277],[-113.58366,53.58279],[-113.58357,53.58281],[-113.58325,53.58288],[-113.58294,53.58294],[-113.58263,53.583],[-113.58231,53.58306],[-113.58199,53.58312],[-113.58167,53.58317],[-113.58154,53.58319],[-113.5814,53.58321],[-113.58127,53.58323],[-113.58113,53.58326],[-113.58099,53.58328],[-113.58086,53.5833],[-113.58073,53.58331],[-113.5806,53.58333],[-113.58047,53.58335],[-113.58034,53.58337],[-113.58021,53.58338],[-113.58008,53.5834],[-113.57983,53.58343],[-113.57958,53.58346],[-113.57933,53.58349],[-113.57908,53.58351],[-113.57884,53.58354],[-113.57859,53.58356],[-113.57851,53.58357],[-113.57835,53.58358],[-113.57827,53.58359],[-113.57811,53.5836]]]]}},{"type":"Feature","properties":{"name":"HAWIN PARK ESTATE INDUSTRIAL"},"geometry":{"type":"MultiPolygon","coordinates":[[[[-113.60274,53.57643],[-113.59036,53.57928],[-113.5904,53.57356],[-113.59041,53.57042],[-113.59716,53.57042],[-113.60282,53.57044],[-113.60278,53.57355],[-113.60274,53.57643]]]]}},{"type":"Feature","properties":{"name":"BATURYN"},"geometry":{"type":"MultiPolygon","coordinates":[[[[-113.51625,53.63605],[-113.51529,53.63605],[-113.51416,53.63605],[-113.51246,53.63605],[-113.50592,53.63606],[-113.50508,53.63606],[-113.49848,53.63606],[-113.49806,53.63606],[-113.49609,53.63606],[-113.49573,53.63606],[-113.49286,53.63606],[-113.49212,53.63606],[-113.4921,53.63299],[-113.49213,53.63083],[-113.49191,53.63068],[-113.49188,53.62883],[-113.49841,53.62884],[-113.5051,53.62884],[-113.50607,53.62879],[-113.5071,53.62867],[-113.50806,53.6285],[-113.50888,53.62832],[-113.50971,53.62805],[-113.51029,53.62784],[-113.51042,53.62779],[-113.51198,53.62708],[-113.51439,53.6259],[-113.51583,53.62697],[-113.51615,53.62733],[-113.51642,53.62773],[-113.51652,53.62805],[-113.51661,53.62872],[-113.51655,53.63102],[-113.51649,53.63108],[-113.51649,53.63243],[-113.51657,53.63249],[-113.51654,53.63339],[-113.51655,53.63605],[-113.51625,53.63605]]]]}},{"type":"Feature","properties":{"name":"CARLISLE"},"geometry":{"type":"MultiPolygon","coordinates":[[[[-113.5309,53.60182],[-113.53509,53.6018],[-113.53539,53.60211],[-113.53508,53.60222],[-113.53508,53.60372],[-113.53508,53.60429],[-113.53508,53.60557],[-113.53508,53.60689],[-113.53473,53.60689],[-113.53313,53.60689],[-113.53133,53.6069],[-113.53129,53.60694],[-113.53068,53.6071],[-113.53001,53.60728],[-113.52967,53.60682],[-113.52776,53.6073],[-113.5277,53.60732],[-113.52726,53.60742],[-113.52686,53.60748],[-113.52648,53.60752],[-113.52608,53.60756],[-113.52561,53.60758],[-113.52539,53.60759],[-113.52473,53.60756],[-113.52402,53.60751],[-113.52303,53.60741],[-113.52176,53.6073],[-113.51922,53.60707],[-113.51874,53.60704],[-113.51824,53.60703],[-113.51772,53.60703],[-113.51678,53.60703],[-113.51673,53.60202],[-113.51671,53.59945],[-113.51832,53.59955],[-113.52172,53.59958],[-113.52686,53.59959],[-113.52799,53.59959],[-113.528,53.59946],[-113.53092,53.59946],[-113.5309,53.5997],[-113.5309,53.60182]]]]}},{"type":"Feature","properties":{"name":"POLLARD MEADOWS"},"geometry":{"type":"MultiPolygon","coordinates":[[[[-113.40737,53.44283],[-113.40799,53.44299],[-113.40956,53.44359],[-113.41335,53.44501],[-113.41506,53.44564],[-113.41568,53.4458],[-113.41637,53.4459],[-113.41699,53.44595],[-113.41758,53.44597],[-113.41813,53.44594],[-113.41939,53.44583],[-113.4195,53.44689],[-113.41931,53.45006],[-113.41929,53.45113],[-113.41942,53.45207],[-113.42008,53.45476],[-113.41639,53.45522],[-113.41494,53.45535],[-113.41313,53.45545],[-113.41198,53.45548],[-113.41106,53.45547],[-113.40908,53.45536],[-113.40923,53.4536],[-113.40938,53.45194],[-113.40939,53.45152],[-113.4093,53.45115],[-113.40912,53.45077],[-113.40886,53.45039],[-113.40848,53.45004],[-113.40773,53.44958],[-113.40603,53.44882],[-113.40323,53.44747],[-113.40284,53.44721],[-113.4025,53.44693],[-113.4022,53.44654],[-113.40205,53.4462],[-113.40198,53.44589],[-113.40199,53.44554],[-113.40208,53.4452],[-113.40229,53.44484],[-113.40272,53.44437],[-113.40399,53.44341],[-113.40445,53.44313],[-113.40491,53.44296],[-113.40545,53.44283],[-113.40608,53.44275],[-113.40676,53.44276],[-113.40737,53.44283]]]]}},{"type":"Feature","properties":{"name":"SAKAW"},"geometry":{"type":"MultiPolygon","coordinates":[[[[-113.42449,53.44551],[-113.41939,53.44583],[-113.41924,53.44493],[-113.41864,53.44244],[-113.41849,53.44129],[-113.4185,53.43978],[-113.4182,53.43946],[-113.41839,53.43946],[-113.41922,53.43946],[-113.41925,53.43942],[-113.41969,53.43912],[-113.42035,53.43867],[-113.42139,53.4382],[-113.42294,53.43787],[-113.42317,53.43782],[-113.42345,53.43777],[-113.43393,53.43778],[-113.43569,53.43811],[-113.43667,53.43864],[-113.43694,53.43897],[-113.43752,53.4391],[-113.43823,53.43948],[-113.43972,53.43948],[-113.44018,53.43945],[-113.43969,53.44076],[-113.43933,53.44154],[-113.43863,53.44275],[-113.43734,53.44474],[-113.43654,53.44619],[-113.43408,53.44596],[-113.43148,53.4457],[-113.42939,53.44554],[-113.42785,53.44548],[-113.42634,53.44547],[-113.42449,53.44551]]]]}},{"type":"Feature","properties":{"name":"BEVERLY HEIGHTS"},"geometry":{"type":"MultiPolygon","coordinates":[[[[-113.40317,53.56144],[-113.40487,53.56234],[-113.40508,53.56227],[-113.40603,53.56267],[-113.40632,53.56267],[-113.40844,53.56343],[-113.40906,53.56402],[-113.40887,53.56402],[-113.40894,53.56412],[-113.40907,53.56423],[-113.40924,53.56432],[-113.41101,53.56507],[-113.41446,53.56529],[-113.4153,53.56537],[-113.41546,53.56528],[-113.4157,53.5653],[-113.41684,53.56529],[-113.41823,53.5653],[-113.41839,53.5653],[-113.41839,53.56559],[-113.41839,53.56589],[-113.41839,53.56678],[-113.41839,53.56726],[-113.41839,53.56767],[-113.41839,53.56857],[-113.4184,53.56946],[-113.41839,53.57035],[-113.41686,53.57035],[-113.41533,53.57035],[-113.41378,53.57035],[-113.41225,53.57036],[-113.41071,53.57036],[-113.40917,53.57036],[-113.40762,53.57035],[-113.4061,53.57036],[-113.40455,53.57036],[-113.40302,53.57037],[-113.40148,53.57037],[-113.39994,53.57037],[-113.39687,53.57037],[-113.39371,53.57038],[-113.39371,53.56882],[-113.39372,53.5668],[-113.39372,53.56412],[-113.39518,53.56413],[-113.39636,53.56412],[-113.39636,53.56323],[-113.39636,53.56234],[-113.39636,53.56146],[-113.39636,53.56056],[-113.39638,53.55966],[-113.39637,53.55877],[-113.39638,53.55787],[-113.39891,53.55787],[-113.39994,53.55878],[-113.40029,53.55932],[-113.40069,53.55966],[-113.40105,53.55997],[-113.40176,53.56035],[-113.40195,53.56045],[-113.40227,53.56072],[-113.40317,53.56144]]]]}},{"type":"Feature","properties":{"name":"KENSINGTON"},"geometry":{"type":"MultiPolygon","coordinates":[[[[-113.53495,53.59945],[-113.528,53.59946],[-113.52799,53.59959],[-113.52686,53.59959],[-113.52172,53.59958],[-113.51832,53.59955],[-113.51671,53.59945],[-113.5167,53.5984],[-113.5167,53.59707],[-113.51665,53.59492],[-113.51658,53.59213],[-113.51826,53.59214],[-113.51995,53.59216],[-113.52168,53.59215],[-113.52338,53.59215],[-113.5241,53.59215],[-113.52509,53.59215],[-113.52886,53.59216],[-113.53041,53.59216],[-113.53196,53.59217],[-113.5366,53.59218],[-113.53749,53.59218],[-113.53969,53.59218],[-113.54117,53.59219],[-113.54118,53.59377],[-113.54118,53.59464],[-113.54117,53.59642],[-113.54116,53.59941],[-113.53495,53.59945]]]]}},{"type":"Feature","properties":{"name":"ALBANY"},"geometry":{"type":"MultiPolygon","coordinates":[[[[-113.56025,53.6316],[-113.55351,53.63371],[-113.55154,53.63454],[-113.54743,53.63605],[-113.54135,53.63605],[-113.54118,53.63605],[-113.54118,53.62871],[-113.55943,53.62872],[-113.56336,53.62873],[-113.56326,53.62882],[-113.56025,53.6316]]]]}},{"type":"Feature","properties":{"name":"ASPEN GARDENS"},"geometry":{"type":"MultiPolygon","coordinates":[[[[-113.54164,53.48098],[-113.54223,53.48089],[-113.54586,53.48234],[-113.54586,53.48241],[-113.54197,53.48233],[-113.54165,53.48228],[-113.54118,53.48226],[-113.54117,53.48138],[-113.54105,53.48074],[-113.54069,53.48013],[-113.53996,53.47953],[-113.53908,53.47879],[-113.53884,53.47838],[-113.53872,53.47789],[-113.53875,53.4766],[-113.53864,53.47634],[-113.53867,53.47267],[-113.54097,53.47266],[-113.54331,53.47303],[-113.54331,53.47407],[-113.55044,53.47408],[-113.55084,53.47496],[-113.55093,53.47513],[-113.55107,53.47511],[-113.55182,53.47497],[-113.5522,53.47503],[-113.55205,53.4752],[-113.55233,53.47612],[-113.55288,53.47666],[-113.55267,53.47674],[-113.55192,53.4768],[-113.55175,53.47681],[-113.5518,53.47706],[-113.55175,53.47741],[-113.5519,53.47743],[-113.55256,53.47751],[-113.5528,53.47766],[-113.55239,53.47777],[-113.5518,53.47858],[-113.55121,53.47917],[-113.55045,53.4797],[-113.55019,53.47966],[-113.54989,53.4795],[-113.54974,53.47942],[-113.54881,53.47997],[-113.54753,53.48053],[-113.54628,53.48107],[-113.546,53.48114],[-113.54567,53.48117],[-113.54537,53.48115],[-113.54511,53.48109],[-113.54252,53.48005],[-113.54242,53.48013],[-113.54226,53.48028],[-113.54145,53.48028],[-113.54162,53.48092],[-113.54164,53.48098]]]]}},{"type":"Feature","properties":{"name":"CROMDALE"},"geometry":{"type":"MultiPolygon","coordinates":[[[[-113.47063,53.55972],[-113.46915,53.56102],[-113.4673,53.56264],[-113.46718,53.56274],[-113.46403,53.56274],[-113.46252,53.56274],[-113.46161,53.56273],[-113.46161,53.56265],[-113.4616,53.56172],[-113.4616,53.5613],[-113.4616,53.5612],[-113.46152,53.5612],[-113.45701,53.56121],[-113.45694,53.56099],[-113.45621,53.55943],[-113.45634,53.55937],[-113.45688,53.55928],[-113.45738,53.56035],[-113.45922,53.56005],[-113.46006,53.55991],[-113.46153,53.55966],[-113.46163,53.55965],[-113.46177,53.55962],[-113.46378,53.55962],[-113.46546,53.56076],[-113.46712,53.56076],[-113.46729,53.56076],[-113.46729,53.56042],[-113.46729,53.55963],[-113.46729,53.55907],[-113.46543,53.55873],[-113.46258,53.5582],[-113.46168,53.55827],[-113.46122,53.55831],[-113.46087,53.5585],[-113.46059,53.55857],[-113.4603,53.55858],[-113.46004,53.55854],[-113.45973,53.55843],[-113.45951,53.55828],[-113.45928,53.55818],[-113.45826,53.55807],[-113.45816,53.55803],[-113.45813,53.55797],[-113.45812,53.55757],[-113.45838,53.55756],[-113.45866,53.55758],[-113.46046,53.55774],[-113.46166,53.55774],[-113.46515,53.55711],[-113.46661,53.55683],[-113.46727,53.55676],[-113.46774,53.55661],[-113.46789,53.55656],[-113.46806,53.55649],[-113.46855,53.5563],[-113.47068,53.55538],[-113.47081,53.55563],[-113.47085,53.55594],[-113.47085,53.55603],[-113.47084,53.55809],[-113.47084,53.55953],[-113.47063,53.55972]]]]}},{"type":"Feature","properties":{"name":"KENILWORTH"},"geometry":{"type":"MultiPolygon","coordinates":[[[[-113.44296,53.51821],[-113.44294,53.51903],[-113.44304,53.51917],[-113.44303,53.52005],[-113.44305,53.52117],[-113.44306,53.52205],[-113.44305,53.52243],[-113.44306,53.52332],[-113.44306,53.52469],[-113.4429,53.52523],[-113.43986,53.52523],[-113.43682,53.52522],[-113.43148,53.52519],[-113.43044,53.52518],[-113.42987,53.52513],[-113.42935,53.52503],[-113.42492,53.52373],[-113.42286,53.52309],[-113.42058,53.52237],[-113.41979,53.52204],[-113.41859,53.52139],[-113.41859,53.51969],[-113.41855,53.51803],[-113.42281,53.51804],[-113.43065,53.51804],[-113.4368,53.51804],[-113.43985,53.51804],[-113.44041,53.51805],[-113.44123,53.51805],[-113.44226,53.51804],[-113.44306,53.51804],[-113.44296,53.51821]]]]}},{"type":"Feature","properties":{"name":"STEINHAUER"},"geometry":{"type":"MultiPolygon","coordinates":[[[[-113.51642,53.4632],[-113.51636,53.4658],[-113.51491,53.46589],[-113.51327,53.46608],[-113.51177,53.46636],[-113.50987,53.46679],[-113.50792,53.46722],[-113.5067,53.46746],[-113.50555,53.46765],[-113.50472,53.46775],[-113.50415,53.46779],[-113.49619,53.46777],[-113.49599,53.46616],[-113.4958,53.46518],[-113.4953,53.46415],[-113.49446,53.46319],[-113.49308,53.46134],[-113.49336,53.46126],[-113.49356,53.46134],[-113.49383,53.46135],[-113.4952,53.46134],[-113.49707,53.46134],[-113.49727,53.46134],[-113.49754,53.46134],[-113.50035,53.46134],[-113.50147,53.46134],[-113.50203,53.46134],[-113.50417,53.46133],[-113.51176,53.46132],[-113.51217,53.46132],[-113.51536,53.46132],[-113.51632,53.46131],[-113.51647,53.46131],[-113.51642,53.4632]]]]}},{"type":"Feature","properties":{"name":"YELLOWHEAD CORRIDOR WEST"},"geometry":{"type":"MultiPolygon","coordinates":[[[[-113.53714,53.58348],[-113.54103,53.58348],[-113.54117,53.58348],[-113.54117,53.58392],[-113.54103,53.58392],[-113.54073,53.58392],[-113.5404,53.58392],[-113.53952,53.58392],[-113.53937,53.58392],[-113.53789,53.58392],[-113.53774,53.58392],[-113.53597,53.58393],[-113.53597,53.58496],[-113.53505,53.58496],[-113.53349,53.58496],[-113.53197,53.58496],[-113.5304,53.58496],[-113.52886,53.58495],[-113.52681,53.58494],[-113.52509,53.58494],[-113.52339,53.58494],[-113.52167,53.58493],[-113.51997,53.58493],[-113.51827,53.58493],[-113.51655,53.58493],[-113.51024,53.5849],[-113.5086,53.58489],[-113.50843,53.58496],[-113.50427,53.58493],[-113.49901,53.58489],[-113.49726,53.58488],[-113.49656,53.58482],[-113.49549,53.58481],[-113.49429,53.58476],[-113.49372,53.58476],[-113.49196,53.58477],[-113.49196,53.58225],[-113.49213,53.58148],[-113.49649,53.58153],[-113.50511,53.58139],[-113.50756,53.58134],[-113.50858,53.58138],[-113.50947,53.58149],[-113.51448,53.58148],[-113.51526,53.58148],[-113.51629,53.58121],[-113.51746,53.58099],[-113.51871,53.58085],[-113.51988,53.58079],[-113.52552,53.58075],[-113.52882,53.58072],[-113.53052,53.581],[-113.53121,53.58096],[-113.53127,53.58109],[-113.53128,53.58112],[-113.53128,53.58115],[-113.53129,53.58116],[-113.5313,53.58119],[-113.53131,53.58122],[-113.53132,53.58125],[-113.53134,53.58128],[-113.53135,53.58131],[-113.53137,53.58134],[-113.5314,53.5814],[-113.53142,53.58145],[-113.53146,53.5815],[-113.53149,53.58155],[-113.53152,53.5816],[-113.53156,53.58165],[-113.5316,53.5817],[-113.53164,53.58175],[-113.53168,53.5818],[-113.53173,53.58185],[-113.53177,53.5819],[-113.53182,53.58194],[-113.53184,53.58196],[-113.53186,53.58198],[-113.53189,53.582],[-113.53191,53.58203],[-113.53199,53.58209],[-113.53206,53.58215],[-113.53215,53.58221],[-113.53223,53.58227],[-113.53232,53.58232],[-113.53241,53.58238],[-113.53256,53.58247],[-113.53272,53.58255],[-113.53289,53.58262],[-113.53306,53.5827],[-113.53325,53.58276],[-113.53343,53.58282],[-113.5335,53.58284],[-113.53358,53.58286],[-113.53365,53.58288],[-113.53373,53.5829],[-113.53381,53.58292],[-113.53388,53.58294],[-113.53495,53.58317],[-113.53573,53.58334],[-113.53578,53.58336],[-113.53584,53.58337],[-113.53589,53.58337],[-113.53591,53.58338],[-113.53597,53.58339],[-113.53599,53.58339],[-113.53604,53.5834],[-113.53609,53.58341],[-113.53612,53.58341],[-113.53623,53.58343],[-113.53634,53.58344],[-113.53646,53.58345],[-113.53657,53.58346],[-113.53669,53.58347],[-113.53681,53.58347],[-113.53686,53.58347],[-113.53692,53.58347],[-113.53697,53.58348],[-113.53703,53.58348],[-113.53708,53.58348],[-113.53714,53.58348]]]]}},{"type":"Feature","properties":{"name":"RIVER VALLEY FORT EDMONTON"},"geometry":{"type":"MultiPolygon","coordinates":[[[[-113.57925,53.49894],[-113.57918,53.49886],[-113.58093,53.49831],[-113.58245,53.49791],[-113.58257,53.49787],[-113.58266,53.49781],[-113.58271,53.49773],[-113.58271,53.49765],[-113.58269,53.49759],[-113.58289,53.49759],[-113.58367,53.49758],[-113.58392,53.49713],[-113.58391,53.49595],[-113.58402,53.49596],[-113.58402,53.49587],[-113.58421,53.49589],[-113.58529,53.49618],[-113.58563,53.49622],[-113.5859,53.49626],[-113.58628,53.49631],[-113.58634,53.49622],[-113.58662,53.49628],[-113.58721,53.49541],[-113.5872,53.49538],[-113.58849,53.49538],[-113.58897,53.49608],[-113.58922,53.49681],[-113.58931,53.49719],[-113.5894,53.49756],[-113.58952,53.49756],[-113.59103,53.49756],[-113.59104,53.49822],[-113.59077,53.49908],[-113.5906,53.49943],[-113.59025,53.50004],[-113.58951,53.50086],[-113.58858,53.5015],[-113.58738,53.50216],[-113.58636,53.50261],[-113.58492,53.50309],[-113.58334,53.50365],[-113.58167,53.50419],[-113.58037,53.50457],[-113.5782,53.50508],[-113.57501,53.50572],[-113.57244,53.50605],[-113.56934,53.50629],[-113.56662,53.50644],[-113.5666,53.50632],[-113.56653,53.50547],[-113.56653,53.50536],[-113.56651,53.50522],[-113.56652,53.50485],[-113.56672,53.50368],[-113.5668,53.50331],[-113.56691,53.50294],[-113.56708,53.5026],[-113.56737,53.50218],[-113.56772,53.50182],[-113.56927,53.50074],[-113.57047,53.50169],[-113.57133,53.50142],[-113.57135,53.50131],[-113.57342,53.50066],[-113.57476,53.50024],[-113.57642,53.49972],[-113.57672,53.4996],[-113.57694,53.49946],[-113.57708,53.49931],[-113.57719,53.49911],[-113.57724,53.49889],[-113.57719,53.49867],[-113.57734,53.49867],[-113.57784,53.49861],[-113.57777,53.49843],[-113.57763,53.49828],[-113.57775,53.49824],[-113.57832,53.49888],[-113.57847,53.49906],[-113.57856,53.49905],[-113.57864,53.49905],[-113.57873,53.49904],[-113.57882,53.49903],[-113.5789,53.49902],[-113.57899,53.499],[-113.57903,53.49899],[-113.57908,53.49898],[-113.57912,53.49897],[-113.57916,53.49896],[-113.57921,53.49895],[-113.57925,53.49894]]]]}},{"type":"Feature","properties":{"name":"BRANDER GARDENS"},"geometry":{"type":"MultiPolygon","coordinates":[[[[-113.57925,53.49894],[-113.57921,53.49895],[-113.57916,53.49896],[-113.57912,53.49897],[-113.57908,53.49898],[-113.57903,53.49899],[-113.57899,53.499],[-113.5789,53.49902],[-113.57882,53.49903],[-113.57873,53.49904],[-113.57864,53.49905],[-113.57856,53.49905],[-113.57847,53.49906],[-113.57832,53.49888],[-113.57775,53.49824],[-113.57763,53.49828],[-113.57777,53.49843],[-113.57784,53.49861],[-113.57734,53.49867],[-113.57719,53.49867],[-113.57724,53.49889],[-113.57719,53.49911],[-113.57708,53.49931],[-113.57694,53.49946],[-113.57672,53.4996],[-113.57642,53.49972],[-113.57476,53.50024],[-113.57342,53.50066],[-113.57135,53.50131],[-113.57133,53.50142],[-113.57047,53.50169],[-113.56927,53.50074],[-113.57052,53.49985],[-113.57139,53.49906],[-113.5718,53.49835],[-113.57195,53.49762],[-113.57204,53.49041],[-113.57204,53.48908],[-113.57329,53.48908],[-113.5749,53.48907],[-113.57535,53.48905],[-113.57582,53.48897],[-113.57669,53.48879],[-113.57697,53.48876],[-113.57779,53.48873],[-113.57868,53.48873],[-113.57908,53.48879],[-113.58012,53.48909],[-113.58048,53.48915],[-113.58077,53.48917],[-113.58102,53.48918],[-113.58259,53.48918],[-113.58249,53.49034],[-113.58408,53.49034],[-113.58552,53.49034],[-113.58657,53.49204],[-113.58599,53.49215],[-113.5854,53.49304],[-113.5856,53.49317],[-113.58663,53.49386],[-113.58683,53.495],[-113.5869,53.49538],[-113.58628,53.49631],[-113.5859,53.49626],[-113.58563,53.49622],[-113.58529,53.49618],[-113.58421,53.49589],[-113.58402,53.49587],[-113.58402,53.49596],[-113.58391,53.49595],[-113.58392,53.49713],[-113.58367,53.49758],[-113.58289,53.49759],[-113.58269,53.49759],[-113.58271,53.49765],[-113.58271,53.49773],[-113.58266,53.49781],[-113.58257,53.49787],[-113.58245,53.49791],[-113.58093,53.49831],[-113.57918,53.49886],[-113.57925,53.49894]]]]}},{"type":"Feature","properties":{"name":"UNIVERSITY OF ALBERTA FARM"},"geometry":{"type":"MultiPolygon","coordinates":[[[[-113.53204,53.50717],[-113.53127,53.50738],[-113.53047,53.50734],[-113.52977,53.50737],[-113.52832,53.50742],[-113.52692,53.50757],[-113.52586,53.50775],[-113.52459,53.50811],[-113.52299,53.50636],[-113.52294,53.5039],[-113.52291,53.49829],[-113.52269,53.49772],[-113.52358,53.49752],[-113.52372,53.49773],[-113.52569,53.49774],[-113.52868,53.49743],[-113.52885,53.49742],[-113.52885,53.49683],[-113.52884,53.49495],[-113.52883,53.49257],[-113.52882,53.48826],[-113.53174,53.48828],[-113.54115,53.48831],[-113.54114,53.49036],[-113.54141,53.49036],[-113.54297,53.49036],[-113.54601,53.49036],[-113.54975,53.49035],[-113.5505,53.49036],[-113.55268,53.49035],[-113.55321,53.49035],[-113.55576,53.49036],[-113.55593,53.49035],[-113.55593,53.4904],[-113.55996,53.4904],[-113.56049,53.49097],[-113.5595,53.49097],[-113.55956,53.49764],[-113.55661,53.49764],[-113.55647,53.49774],[-113.55494,53.49775],[-113.54945,53.49774],[-113.5478,53.49773],[-113.54609,53.49772],[-113.5437,53.49773],[-113.54113,53.49772],[-113.54115,53.50039],[-113.54117,53.50196],[-113.54058,53.50286],[-113.53891,53.50384],[-113.53723,53.50442],[-113.53586,53.5047],[-113.53439,53.50516],[-113.53348,53.50562],[-113.53189,53.50687],[-113.53203,53.50715],[-113.53204,53.50717]]]]}},{"type":"Feature","properties":{"name":"GIRARD INDUSTRIAL"},"geometry":{"type":"MultiPolygon","coordinates":[[[[-113.44305,53.51226],[-113.43986,53.51226],[-113.43916,53.51225],[-113.43673,53.51225],[-113.4361,53.51294],[-113.43556,53.51359],[-113.43527,53.51369],[-113.43445,53.51472],[-113.43321,53.51546],[-113.43159,53.51632],[-113.42509,53.51483],[-113.42581,53.51447],[-113.43028,53.51223],[-113.4333,53.51073],[-113.43515,53.5098],[-113.43663,53.50906],[-113.43686,53.50894],[-113.43732,53.50871],[-113.44219,53.50628],[-113.44251,53.50612],[-113.44271,53.50602],[-113.44276,53.50793],[-113.44297,53.50827],[-113.44302,53.50946],[-113.44303,53.50981],[-113.44305,53.51226]]]]}},{"type":"Feature","properties":{"name":"HADDOW"},"geometry":{"type":"MultiPolygon","coordinates":[[[[-113.59287,53.44929],[-113.59289,53.44927],[-113.59291,53.44925],[-113.59295,53.44921],[-113.59298,53.44917],[-113.59302,53.44914],[-113.59306,53.4491],[-113.59311,53.44906],[-113.59315,53.44903],[-113.59338,53.44885],[-113.59364,53.44868],[-113.59391,53.44852],[-113.5942,53.44838],[-113.59451,53.44824],[-113.59484,53.44812],[-113.59627,53.44884],[-113.59975,53.44965],[-113.60021,53.45029],[-113.60018,53.45032],[-113.60109,53.45154],[-113.60153,53.45217],[-113.60159,53.45217],[-113.60181,53.45247],[-113.60289,53.45395],[-113.60293,53.454],[-113.60409,53.45559],[-113.60475,53.45611],[-113.60442,53.45624],[-113.60472,53.45655],[-113.60483,53.45672],[-113.6052,53.45702],[-113.60554,53.45733],[-113.60579,53.45748],[-113.60566,53.45772],[-113.60552,53.45773],[-113.60547,53.45781],[-113.60551,53.45789],[-113.60579,53.45813],[-113.60571,53.45822],[-113.60553,53.45827],[-113.60518,53.45831],[-113.60497,53.45838],[-113.60493,53.45845],[-113.60502,53.45852],[-113.60615,53.45852],[-113.60615,53.45873],[-113.60561,53.45909],[-113.60623,53.45914],[-113.60615,53.45944],[-113.60618,53.45986],[-113.60624,53.46029],[-113.60629,53.46045],[-113.60643,53.46078],[-113.60643,53.4609],[-113.60576,53.4608],[-113.60553,53.46072],[-113.60532,53.46055],[-113.60517,53.46037],[-113.60497,53.46026],[-113.60469,53.46016],[-113.60465,53.46039],[-113.60458,53.46056],[-113.60452,53.46063],[-113.60454,53.46075],[-113.60458,53.46104],[-113.60457,53.46129],[-113.6046,53.46138],[-113.60065,53.46137],[-113.59444,53.46135],[-113.59421,53.46135],[-113.59396,53.46135],[-113.5903,53.46134],[-113.59,53.46134],[-113.5881,53.46134],[-113.58805,53.46134],[-113.58735,53.46129],[-113.58822,53.45997],[-113.58881,53.45873],[-113.58918,53.45755],[-113.58938,53.45619],[-113.5895,53.45491],[-113.58958,53.45138],[-113.5901,53.45031],[-113.59026,53.45031],[-113.59187,53.45032],[-113.59287,53.44929]]]]}},{"type":"Feature","properties":{"name":"WHITEMUD CREEK RAVINE NORTH"},"geometry":{"type":"MultiPolygon","coordinates":[[[[-113.56324,53.49781],[-113.56324,53.49764],[-113.55956,53.49764],[-113.5595,53.49097],[-113.56049,53.49097],[-113.55996,53.4904],[-113.55593,53.4904],[-113.55593,53.49035],[-113.55576,53.49036],[-113.55576,53.49029],[-113.55582,53.49],[-113.55568,53.48991],[-113.55578,53.48942],[-113.55577,53.48919],[-113.55564,53.48903],[-113.55469,53.48796],[-113.55446,53.48775],[-113.55415,53.48761],[-113.55372,53.48753],[-113.55211,53.48728],[-113.55163,53.48714],[-113.55124,53.48695],[-113.55089,53.48672],[-113.55063,53.48646],[-113.55046,53.48616],[-113.55027,53.4857],[-113.55014,53.48547],[-113.54994,53.48523],[-113.54954,53.48488],[-113.54866,53.48434],[-113.54831,53.48413],[-113.54813,53.48405],[-113.54795,53.484],[-113.54774,53.48398],[-113.54751,53.48397],[-113.54755,53.48388],[-113.5477,53.4835],[-113.54769,53.48289],[-113.54851,53.48283],[-113.55127,53.48257],[-113.55423,53.48251],[-113.55432,53.48299],[-113.55436,53.48317],[-113.5549,53.48317],[-113.5549,53.4832],[-113.55591,53.48326],[-113.55655,53.4832],[-113.55973,53.48325],[-113.56014,53.48371],[-113.56059,53.48367],[-113.56082,53.48396],[-113.56067,53.4843],[-113.56071,53.48434],[-113.5598,53.48577],[-113.56155,53.48711],[-113.56228,53.48735],[-113.56554,53.48734],[-113.56569,53.48734],[-113.5657,53.48814],[-113.56509,53.48814],[-113.56475,53.48818],[-113.56393,53.48845],[-113.56385,53.48837],[-113.56343,53.48792],[-113.56172,53.48838],[-113.56162,53.48924],[-113.56182,53.49],[-113.56277,53.4904],[-113.56279,53.4904],[-113.56302,53.49047],[-113.56423,53.49045],[-113.56423,53.49188],[-113.56418,53.49219],[-113.56394,53.49259],[-113.56377,53.49287],[-113.56339,53.49352],[-113.56332,53.49393],[-113.56346,53.49489],[-113.56343,53.49695],[-113.56344,53.4972],[-113.5636,53.49749],[-113.56393,53.49773],[-113.56389,53.49781],[-113.56324,53.49781]]]]}},{"type":"Feature","properties":{"name":"LANSDOWNE"},"geometry":{"type":"MultiPolygon","coordinates":[[[[-113.55576,53.49036],[-113.55321,53.49035],[-113.55268,53.49035],[-113.5505,53.49036],[-113.54975,53.49035],[-113.54601,53.49036],[-113.54297,53.49036],[-113.54141,53.49036],[-113.54114,53.49036],[-113.54115,53.48831],[-113.54122,53.48564],[-113.54119,53.48305],[-113.54377,53.48309],[-113.54629,53.48299],[-113.54769,53.48289],[-113.5477,53.4835],[-113.54755,53.48388],[-113.54751,53.48397],[-113.54774,53.48398],[-113.54795,53.484],[-113.54813,53.48405],[-113.54831,53.48413],[-113.54866,53.48434],[-113.54954,53.48488],[-113.54994,53.48523],[-113.55014,53.48547],[-113.55027,53.4857],[-113.55046,53.48616],[-113.55063,53.48646],[-113.55089,53.48672],[-113.55124,53.48695],[-113.55163,53.48714],[-113.55211,53.48728],[-113.55372,53.48753],[-113.55415,53.48761],[-113.55446,53.48775],[-113.55469,53.48796],[-113.55564,53.48903],[-113.55577,53.48919],[-113.55578,53.48942],[-113.55568,53.48991],[-113.55582,53.49],[-113.55576,53.49029],[-113.55576,53.49036]]]]}},{"type":"Feature","properties":{"name":"OGILVIE RIDGE"},"geometry":{"type":"MultiPolygon","coordinates":[[[[-113.56345,53.46589],[-113.56331,53.46592],[-113.56258,53.46562],[-113.5621,53.46567],[-113.56139,53.46595],[-113.56093,53.46618],[-113.56054,53.46641],[-113.55987,53.46669],[-113.55976,53.46656],[-113.55956,53.46658],[-113.55953,53.46691],[-113.55923,53.46692],[-113.55882,53.46684],[-113.55871,53.46673],[-113.55876,53.46649],[-113.55929,53.46605],[-113.55962,53.46586],[-113.55977,53.46549],[-113.55977,53.46539],[-113.55946,53.46514],[-113.55911,53.46508],[-113.55905,53.46495],[-113.5592,53.46481],[-113.55855,53.46452],[-113.55822,53.46423],[-113.55752,53.46392],[-113.55643,53.46384],[-113.55584,53.46364],[-113.55509,53.46392],[-113.55453,53.46362],[-113.5545,53.46351],[-113.55451,53.4633],[-113.55457,53.46311],[-113.55463,53.4628],[-113.55457,53.46273],[-113.55425,53.46247],[-113.55422,53.46212],[-113.55413,53.46203],[-113.55413,53.46194],[-113.5533,53.46194],[-113.5533,53.46131],[-113.55926,53.46131],[-113.55941,53.46131],[-113.55958,53.46131],[-113.56573,53.46131],[-113.56573,53.46186],[-113.56798,53.46186],[-113.56828,53.46187],[-113.56916,53.46299],[-113.56998,53.46395],[-113.57077,53.46469],[-113.57157,53.46527],[-113.57255,53.46583],[-113.575,53.46686],[-113.57285,53.4685],[-113.57228,53.4682],[-113.57209,53.46804],[-113.57194,53.4678],[-113.57192,53.46755],[-113.57208,53.46715],[-113.57193,53.46712],[-113.57121,53.46705],[-113.57128,53.46681],[-113.57077,53.46674],[-113.57053,53.46673],[-113.57052,53.46679],[-113.57008,53.46677],[-113.56978,53.46672],[-113.56964,53.46663],[-113.56957,53.46663],[-113.5695,53.46664],[-113.56944,53.46664],[-113.56937,53.46664],[-113.5693,53.46664],[-113.56923,53.46663],[-113.56907,53.46662],[-113.56892,53.46662],[-113.56877,53.46662],[-113.56862,53.46663],[-113.56847,53.46664],[-113.56831,53.46666],[-113.56731,53.46678],[-113.56714,53.4668],[-113.56696,53.4668],[-113.56679,53.4668],[-113.56662,53.46679],[-113.56645,53.46676],[-113.56629,53.46672],[-113.56619,53.4667],[-113.56609,53.46666],[-113.566,53.46663],[-113.56591,53.46659],[-113.56582,53.46655],[-113.56574,53.4665],[-113.56574,53.4664],[-113.56569,53.46637],[-113.56565,53.46633],[-113.56561,53.46629],[-113.56557,53.46625],[-113.56553,53.46621],[-113.5655,53.46617],[-113.56549,53.46616],[-113.56547,53.46613],[-113.56546,53.46612],[-113.56544,53.4661],[-113.56544,53.46625],[-113.56542,53.46623],[-113.56542,53.46622],[-113.56541,53.46622],[-113.5654,53.4662],[-113.56532,53.46611],[-113.56524,53.46603],[-113.56514,53.46595],[-113.56504,53.46588],[-113.56492,53.46581],[-113.56479,53.46575],[-113.56352,53.46518],[-113.56339,53.46512],[-113.56326,53.46504],[-113.56315,53.46496],[-113.56304,53.46488],[-113.56295,53.46479],[-113.56288,53.4647],[-113.56278,53.46457],[-113.56273,53.46449],[-113.5627,53.46441],[-113.56267,53.46433],[-113.56265,53.46425],[-113.56265,53.46417],[-113.56266,53.46409],[-113.56233,53.46405],[-113.56228,53.46405],[-113.56227,53.46412],[-113.56206,53.4642],[-113.56213,53.46444],[-113.56242,53.46477],[-113.56282,53.46516],[-113.56345,53.46589]]]]}},{"type":"Feature","properties":{"name":"DALY GROVE"},"geometry":{"type":"MultiPolygon","coordinates":[[[[-113.4022,53.44654],[-113.4025,53.44693],[-113.40284,53.44721],[-113.40323,53.44747],[-113.40603,53.44882],[-113.40773,53.44958],[-113.40848,53.45004],[-113.40886,53.45039],[-113.40912,53.45077],[-113.4093,53.45115],[-113.40939,53.45152],[-113.40938,53.45194],[-113.40923,53.4536],[-113.40908,53.45536],[-113.40787,53.45529],[-113.4068,53.45519],[-113.40568,53.45504],[-113.39913,53.45405],[-113.39752,53.45386],[-113.39625,53.45379],[-113.39508,53.45378],[-113.3938,53.45384],[-113.39383,53.4477],[-113.39386,53.44371],[-113.39662,53.44372],[-113.39713,53.44374],[-113.39777,53.4438],[-113.39837,53.44388],[-113.39911,53.44402],[-113.40077,53.44445],[-113.40229,53.44484],[-113.40208,53.4452],[-113.40199,53.44554],[-113.40198,53.44589],[-113.40205,53.4462],[-113.4022,53.44654]]]]}},{"type":"Feature","properties":{"name":"DAVIES INDUSTRIAL EAST"},"geometry":{"type":"MultiPolygon","coordinates":[[[[-113.42111,53.50655],[-113.42118,53.50655],[-113.42138,53.50654],[-113.42159,53.50653],[-113.42179,53.50652],[-113.42199,53.5065],[-113.42219,53.50648],[-113.42239,53.50646],[-113.42266,53.50642],[-113.42292,53.50638],[-113.42319,53.50634],[-113.42345,53.50629],[-113.4237,53.50624],[-113.42396,53.50618],[-113.42419,53.50612],[-113.42442,53.50606],[-113.42464,53.50599],[-113.42486,53.50592],[-113.42508,53.50584],[-113.42529,53.50577],[-113.42559,53.50565],[-113.42588,53.50552],[-113.42616,53.50539],[-113.42643,53.50525],[-113.4267,53.5051],[-113.42695,53.50495],[-113.42699,53.50493],[-113.42707,53.50487],[-113.42755,53.50455],[-113.43043,53.50264],[-113.43043,53.50138],[-113.43234,53.50138],[-113.43346,53.50064],[-113.43368,53.50049],[-113.43392,53.50035],[-113.43416,53.50021],[-113.43441,53.50007],[-113.43466,53.49994],[-113.43491,53.49981],[-113.43503,53.49975],[-113.43516,53.49969],[-113.43528,53.49963],[-113.4354,53.49958],[-113.43553,53.49952],[-113.43565,53.49947],[-113.43569,53.49946],[-113.43586,53.49939],[-113.43601,53.49932],[-113.43617,53.49926],[-113.43633,53.4992],[-113.43649,53.49914],[-113.43665,53.49909],[-113.43673,53.49906],[-113.43843,53.49857],[-113.44249,53.4976],[-113.44269,53.49755],[-113.44269,53.5015],[-113.44269,53.50503],[-113.44271,53.50602],[-113.44251,53.50612],[-113.44219,53.50628],[-113.43732,53.50871],[-113.43686,53.50894],[-113.43663,53.50906],[-113.43515,53.5098],[-113.4333,53.51073],[-113.43028,53.51223],[-113.42581,53.51447],[-113.42509,53.51483],[-113.42457,53.51473],[-113.42236,53.51427],[-113.42106,53.51418],[-113.41843,53.51433],[-113.41839,53.51248],[-113.41832,53.51087],[-113.41832,53.50998],[-113.41826,53.50817],[-113.41821,53.50663],[-113.41834,53.5066],[-113.41999,53.5066],[-113.41999,53.50658],[-113.42111,53.50655]]]]}},{"type":"Feature","properties":{"name":"BONNIE DOON"},"geometry":{"type":"MultiPolygon","coordinates":[[[[-113.47441,53.53262],[-113.47415,53.53268],[-113.47295,53.53231],[-113.47155,53.53173],[-113.47113,53.5316],[-113.46935,53.53057],[-113.46836,53.52999],[-113.46689,53.52937],[-113.46538,53.52873],[-113.46386,53.52801],[-113.46299,53.52759],[-113.4616,53.52679],[-113.45918,53.52543],[-113.45877,53.52531],[-113.45747,53.52526],[-113.45548,53.52315],[-113.45526,53.52285],[-113.45518,53.52257],[-113.45518,53.52214],[-113.45516,53.52003],[-113.45511,53.518],[-113.45831,53.518],[-113.46136,53.51803],[-113.46439,53.51803],[-113.46743,53.51803],[-113.47015,53.51803],[-113.47176,53.51803],[-113.47176,53.51819],[-113.47215,53.5185],[-113.47242,53.51858],[-113.47114,53.51858],[-113.47114,53.51854],[-113.47031,53.51854],[-113.47015,53.51854],[-113.47016,53.51905],[-113.47192,53.51905],[-113.47227,53.51905],[-113.47227,53.51914],[-113.47228,53.51954],[-113.47193,53.51954],[-113.47167,53.51954],[-113.47167,53.51957],[-113.47167,53.52013],[-113.47249,53.52013],[-113.47249,53.52194],[-113.47308,53.52193],[-113.4746,53.52193],[-113.4746,53.52241],[-113.47476,53.52241],[-113.47488,53.52288],[-113.47611,53.52288],[-113.47611,53.5235],[-113.47309,53.52349],[-113.47309,53.52375],[-113.47324,53.52375],[-113.47419,53.52378],[-113.47504,53.52386],[-113.47534,53.52394],[-113.47535,53.5259],[-113.47311,53.5259],[-113.47312,53.52714],[-113.47419,53.52714],[-113.47419,53.52723],[-113.47506,53.52723],[-113.47507,53.52905],[-113.47508,53.52919],[-113.47513,53.52927],[-113.47523,53.52953],[-113.47523,53.53015],[-113.47629,53.53015],[-113.47629,53.53016],[-113.47727,53.53034],[-113.47914,53.53096],[-113.47944,53.53096],[-113.47945,53.53172],[-113.47929,53.53172],[-113.47929,53.5321],[-113.47931,53.53261],[-113.47634,53.53261],[-113.47441,53.53262]]]]}},{"type":"Feature","properties":{"name":"ROPER INDUSTRIAL"},"geometry":{"type":"MultiPolygon","coordinates":[[[[-113.43665,53.49909],[-113.43649,53.49914],[-113.43633,53.4992],[-113.43617,53.49926],[-113.43601,53.49932],[-113.43586,53.49939],[-113.4357,53.49945],[-113.43565,53.49947],[-113.43553,53.49952],[-113.4354,53.49958],[-113.43528,53.49963],[-113.43516,53.49969],[-113.43503,53.49975],[-113.43491,53.49981],[-113.43466,53.49994],[-113.43441,53.50007],[-113.43416,53.50021],[-113.43392,53.50035],[-113.43368,53.50049],[-113.43346,53.50064],[-113.43234,53.50138],[-113.43043,53.50138],[-113.43043,53.50264],[-113.42726,53.50475],[-113.42704,53.50489],[-113.42698,53.50493],[-113.42695,53.50495],[-113.4267,53.5051],[-113.42643,53.50525],[-113.42616,53.50539],[-113.42588,53.50552],[-113.42559,53.50565],[-113.42529,53.50577],[-113.42508,53.50584],[-113.42486,53.50592],[-113.42464,53.50599],[-113.42442,53.50606],[-113.42419,53.50612],[-113.42396,53.50618],[-113.4237,53.50624],[-113.42345,53.50629],[-113.42319,53.50634],[-113.42292,53.50638],[-113.42266,53.50642],[-113.42239,53.50646],[-113.42219,53.50648],[-113.42199,53.5065],[-113.42179,53.50652],[-113.42159,53.50653],[-113.42138,53.50654],[-113.42118,53.50655],[-113.42113,53.50655],[-113.41999,53.50658],[-113.41999,53.5066],[-113.41834,53.5066],[-113.41821,53.50663],[-113.41815,53.50487],[-113.41811,53.50226],[-113.41812,53.50061],[-113.41818,53.49551],[-113.41817,53.49188],[-113.41817,53.48952],[-113.41822,53.48729],[-113.42349,53.48697],[-113.43807,53.48535],[-113.44266,53.48497],[-113.44267,53.48802],[-113.44267,53.49044],[-113.44268,53.49268],[-113.44268,53.49491],[-113.44269,53.49755],[-113.44249,53.4976],[-113.43843,53.49857],[-113.43673,53.49906],[-113.43665,53.49909]]]]}},{"type":"Feature","properties":{"name":"MILL WOODS GOLF COURSE"},"geometry":{"type":"MultiPolygon","coordinates":[[[[-113.42349,53.48697],[-113.41822,53.48729],[-113.41816,53.48483],[-113.41817,53.4819],[-113.41815,53.47923],[-113.41802,53.47855],[-113.41774,53.47771],[-113.41731,53.47696],[-113.41771,53.47684],[-113.41838,53.47693],[-113.41916,53.47701],[-113.41937,53.47697],[-113.41952,53.47695],[-113.41966,53.47712],[-113.41997,53.47731],[-113.421,53.47785],[-113.42204,53.47833],[-113.42222,53.47846],[-113.42235,53.4786],[-113.4227,53.47923],[-113.42289,53.4794],[-113.42277,53.47944],[-113.4226,53.47975],[-113.42265,53.48],[-113.423,53.48021],[-113.42357,53.48031],[-113.4242,53.48036],[-113.42443,53.48007],[-113.42445,53.47978],[-113.42432,53.47947],[-113.42427,53.47938],[-113.42441,53.47923],[-113.42446,53.47906],[-113.42461,53.47907],[-113.42526,53.479],[-113.42587,53.47817],[-113.42603,53.47807],[-113.4273,53.4784],[-113.42715,53.4788],[-113.4276,53.47888],[-113.4277,53.47896],[-113.42757,53.47912],[-113.42752,53.47933],[-113.42756,53.4795],[-113.42773,53.47981],[-113.42774,53.48001],[-113.42771,53.48021],[-113.42774,53.48034],[-113.42787,53.48049],[-113.42809,53.48061],[-113.42838,53.48068],[-113.4287,53.48067],[-113.42906,53.48057],[-113.42938,53.48055],[-113.42975,53.48058],[-113.43006,53.48056],[-113.4303,53.4805],[-113.43051,53.4804],[-113.43068,53.48027],[-113.43077,53.48012],[-113.43079,53.47993],[-113.43094,53.47992],[-113.43162,53.47988],[-113.43196,53.47967],[-113.43212,53.47939],[-113.43201,53.47912],[-113.43153,53.47886],[-113.43139,53.4788],[-113.43154,53.47867],[-113.43163,53.47848],[-113.43167,53.47835],[-113.43166,53.4782],[-113.43164,53.47813],[-113.43182,53.4781],[-113.43332,53.47782],[-113.43335,53.47785],[-113.43374,53.47822],[-113.4348,53.4783],[-113.43509,53.478],[-113.43588,53.47815],[-113.4366,53.47791],[-113.43671,53.47772],[-113.43803,53.47736],[-113.43975,53.47718],[-113.44021,53.47715],[-113.44186,53.47855],[-113.44233,53.47907],[-113.4426,53.47961],[-113.4427,53.48028],[-113.44266,53.48497],[-113.43807,53.48535],[-113.42349,53.48697]]]]}},{"type":"Feature","properties":{"name":"HAZELDEAN"},"geometry":{"type":"MultiPolygon","coordinates":[[[[-113.46788,53.50649],[-113.46791,53.50648],[-113.46796,53.50645],[-113.468,53.50642],[-113.46845,53.50611],[-113.46969,53.50611],[-113.46968,53.50549],[-113.46996,53.5054],[-113.47039,53.5053],[-113.47039,53.50489],[-113.46955,53.50489],[-113.46955,53.50437],[-113.46955,53.50437],[-113.46955,53.50403],[-113.46958,53.5039],[-113.46936,53.5039],[-113.46913,53.5039],[-113.46896,53.50343],[-113.46896,53.5034],[-113.46758,53.50339],[-113.46758,53.5029],[-113.46788,53.5029],[-113.46788,53.50088],[-113.46946,53.50089],[-113.46946,53.50006],[-113.46946,53.49987],[-113.46961,53.49987],[-113.47646,53.49989],[-113.47948,53.49991],[-113.47997,53.49987],[-113.48623,53.49987],[-113.48626,53.50184],[-113.48623,53.50288],[-113.48622,53.50356],[-113.48622,53.50387],[-113.48624,53.50487],[-113.48624,53.50569],[-113.48624,53.50664],[-113.48625,53.50758],[-113.48625,53.50806],[-113.48618,53.50853],[-113.48284,53.50854],[-113.47993,53.50854],[-113.47978,53.50851],[-113.47962,53.50849],[-113.47646,53.50849],[-113.47344,53.50848],[-113.47041,53.50848],[-113.46665,53.50848],[-113.46664,53.50753],[-113.46736,53.50753],[-113.46736,53.50719],[-113.46738,53.50708],[-113.46747,53.50696],[-113.46765,53.50683],[-113.46785,53.50672],[-113.46788,53.50649]]]]}},{"type":"Feature","properties":{"name":"JACKSON HEIGHTS"},"geometry":{"type":"MultiPolygon","coordinates":[[[[-113.41822,53.48729],[-113.40971,53.48767],[-113.40813,53.48769],[-113.39378,53.48753],[-113.39377,53.48705],[-113.395,53.48639],[-113.39726,53.48515],[-113.40121,53.483],[-113.40161,53.48278],[-113.40173,53.48271],[-113.40189,53.48261],[-113.40546,53.48053],[-113.40554,53.48052],[-113.40864,53.47872],[-113.40943,53.4782],[-113.41051,53.4775],[-113.41072,53.47737],[-113.41246,53.47624],[-113.41247,53.47623],[-113.41329,53.4757],[-113.4134,53.47563],[-113.41367,53.4757],[-113.41525,53.4761],[-113.41567,53.47616],[-113.41613,53.47618],[-113.41684,53.47614],[-113.41774,53.47771],[-113.41802,53.47855],[-113.41815,53.47923],[-113.41817,53.4819],[-113.41816,53.48483],[-113.41822,53.48729]]]]}},{"type":"Feature","properties":{"name":"RIVER VALLEY WHITEMUD"},"geometry":{"type":"MultiPolygon","coordinates":[[[[-113.56582,53.49936],[-113.56637,53.49987],[-113.56866,53.50117],[-113.56772,53.50182],[-113.56737,53.50218],[-113.56708,53.5026],[-113.56691,53.50294],[-113.5668,53.50331],[-113.56672,53.50368],[-113.56652,53.50485],[-113.56651,53.50522],[-113.56653,53.50536],[-113.56653,53.50547],[-113.5666,53.50632],[-113.56662,53.50644],[-113.55795,53.50689],[-113.55373,53.50715],[-113.55138,53.50748],[-113.54954,53.50796],[-113.54746,53.50879],[-113.54591,53.50958],[-113.54435,53.51059],[-113.54328,53.51153],[-113.5426,53.51228],[-113.54241,53.51266],[-113.54101,53.51264],[-113.54101,53.51234],[-113.53969,53.51234],[-113.53889,53.51226],[-113.53944,53.51183],[-113.54024,53.51105],[-113.54025,53.51089],[-113.53998,53.51044],[-113.53997,53.51033],[-113.53988,53.50887],[-113.53995,53.50846],[-113.54012,53.50806],[-113.54101,53.50671],[-113.54104,53.50645],[-113.54094,53.5062],[-113.54058,53.50595],[-113.54014,53.50578],[-113.53901,53.50533],[-113.53857,53.50527],[-113.53814,53.50532],[-113.53687,53.50558],[-113.53532,53.50591],[-113.53499,53.50603],[-113.53204,53.50717],[-113.53203,53.50715],[-113.53189,53.50687],[-113.53348,53.50562],[-113.53439,53.50516],[-113.53586,53.5047],[-113.53723,53.50442],[-113.53891,53.50384],[-113.54058,53.50286],[-113.54117,53.50196],[-113.54115,53.50344],[-113.54114,53.50378],[-113.54129,53.50379],[-113.54147,53.50379],[-113.54235,53.50419],[-113.5432,53.50433],[-113.54366,53.50457],[-113.5442,53.50461],[-113.54459,53.50436],[-113.54487,53.50411],[-113.54523,53.50389],[-113.54587,53.50362],[-113.54629,53.50323],[-113.5468,53.50305],[-113.54645,53.50262],[-113.5464,53.50255],[-113.54654,53.5025],[-113.54917,53.50191],[-113.54971,53.50182],[-113.55028,53.50177],[-113.55388,53.50175],[-113.55504,53.50175],[-113.55556,53.5017],[-113.55601,53.50158],[-113.55644,53.50135],[-113.55668,53.50114],[-113.55684,53.50096],[-113.55694,53.50069],[-113.55695,53.50043],[-113.55647,53.49774],[-113.55661,53.49764],[-113.56324,53.49764],[-113.56324,53.49781],[-113.56325,53.49964],[-113.56413,53.49967],[-113.56413,53.49871],[-113.56443,53.49854],[-113.56443,53.49798],[-113.56436,53.49787],[-113.56478,53.49794],[-113.56524,53.49792],[-113.56572,53.49781],[-113.56573,53.49789],[-113.56574,53.49936],[-113.56582,53.49936]]]]}},{"type":"Feature","properties":{"name":"GRANDVIEW HEIGHTS"},"geometry":{"type":"MultiPolygon","coordinates":[[[[-113.54645,53.50262],[-113.5468,53.50305],[-113.54629,53.50323],[-113.54587,53.50362],[-113.54523,53.50389],[-113.54487,53.50411],[-113.54459,53.50436],[-113.5442,53.50461],[-113.54366,53.50457],[-113.5432,53.50433],[-113.54235,53.50419],[-113.54147,53.50379],[-113.54129,53.50379],[-113.54114,53.50378],[-113.54115,53.50344],[-113.54117,53.50196],[-113.54115,53.50039],[-113.54113,53.49772],[-113.5437,53.49773],[-113.54609,53.49772],[-113.5478,53.49773],[-113.54945,53.49774],[-113.55494,53.49775],[-113.55647,53.49774],[-113.55695,53.50043],[-113.55694,53.50069],[-113.55684,53.50096],[-113.55668,53.50114],[-113.55644,53.50135],[-113.55601,53.50158],[-113.55556,53.5017],[-113.55504,53.50175],[-113.55388,53.50175],[-113.55028,53.50177],[-113.54971,53.50182],[-113.54917,53.50191],[-113.54654,53.5025],[-113.5464,53.50255],[-113.54645,53.50262]]]]}},{"type":"Feature","properties":{"name":"OZERNA"},"geometry":{"type":"MultiPolygon","coordinates":[[[[-113.4429,53.6287],[-113.44292,53.62672],[-113.44289,53.62412],[-113.44288,53.62149],[-113.44287,53.61947],[-113.44283,53.61587],[-113.45494,53.61586],[-113.45494,53.61703],[-113.45512,53.61711],[-113.45512,53.61752],[-113.45512,53.61779],[-113.45512,53.61829],[-113.45521,53.61843],[-113.45521,53.61944],[-113.45512,53.61944],[-113.45512,53.62078],[-113.45512,53.6208],[-113.45512,53.62083],[-113.45512,53.62139],[-113.45512,53.62195],[-113.45468,53.62203],[-113.45455,53.62206],[-113.45496,53.62237],[-113.45441,53.62258],[-113.45397,53.62285],[-113.45366,53.6232],[-113.45341,53.62347],[-113.45323,53.62374],[-113.45315,53.62402],[-113.45311,53.62427],[-113.45316,53.6245],[-113.45331,53.62468],[-113.45352,53.62485],[-113.45369,53.62484],[-113.45507,53.62471],[-113.45512,53.62471],[-113.45512,53.62504],[-113.45405,53.62514],[-113.45388,53.62516],[-113.45429,53.6255],[-113.45482,53.62598],[-113.45494,53.62614],[-113.45496,53.62633],[-113.45495,53.62709],[-113.45512,53.62717],[-113.45512,53.62747],[-113.45511,53.62854],[-113.45511,53.62869],[-113.45127,53.62868],[-113.4429,53.6287]]]]}},{"type":"Feature","properties":{"name":"ANTHONY HENDAY SOUTH BLACKBURNE"},"geometry":{"type":"MultiPolygon","coordinates":[[[[-113.51622,53.43876],[-113.51538,53.4383],[-113.51187,53.43847],[-113.51148,53.43896],[-113.51146,53.43925],[-113.51139,53.43946],[-113.50968,53.43946],[-113.50936,53.43946],[-113.50716,53.43946],[-113.49251,53.43946],[-113.4928,53.43224],[-113.49419,53.43224],[-113.49977,53.43223],[-113.50009,53.4324],[-113.50206,53.4334],[-113.50663,53.43329],[-113.51367,53.43179],[-113.51416,53.43168],[-113.51622,53.43168],[-113.51622,53.42956],[-113.51637,53.42943],[-113.51653,53.42956],[-113.51653,53.43239],[-113.51652,53.43595],[-113.51653,53.43742],[-113.51653,53.43844],[-113.51653,53.43858],[-113.51653,53.43932],[-113.51657,53.43937],[-113.51652,53.43952],[-113.51651,53.43951],[-113.51608,53.43925],[-113.51617,53.43919],[-113.51622,53.43919],[-113.51622,53.43876]]]]}},{"type":"Feature","properties":{"name":"MATT BERRY"},"geometry":{"type":"MultiPolygon","coordinates":[[[[-113.42953,53.62525],[-113.42932,53.62525],[-113.42912,53.62525],[-113.42924,53.62485],[-113.42932,53.6247],[-113.4295,53.62442],[-113.42976,53.62415],[-113.42996,53.62401],[-113.43036,53.62371],[-113.43056,53.62353],[-113.43071,53.6233],[-113.43071,53.6206],[-113.4307,53.6195],[-113.43075,53.61928],[-113.43096,53.61888],[-113.43128,53.61854],[-113.43209,53.61788],[-113.43246,53.61756],[-113.43264,53.61738],[-113.43278,53.61713],[-113.43285,53.61694],[-113.43288,53.61671],[-113.43284,53.61586],[-113.44283,53.61587],[-113.44287,53.61947],[-113.44288,53.62149],[-113.44289,53.62412],[-113.44292,53.62672],[-113.4429,53.6287],[-113.4416,53.6287],[-113.44144,53.62865],[-113.43074,53.62864],[-113.43073,53.62787],[-113.43069,53.62769],[-113.4306,53.62748],[-113.43044,53.62728],[-113.42978,53.62665],[-113.42947,53.62632],[-113.42925,53.62597],[-113.42915,53.62562],[-113.42915,53.62558],[-113.42933,53.62558],[-113.43053,53.62558],[-113.43053,53.62525],[-113.42953,53.62525]]]]}},{"type":"Feature","properties":{"name":"SOUTH EDMONTON COMMON"},"geometry":{"type":"MultiPolygon","coordinates":[[[[-113.47958,53.44929],[-113.47958,53.44693],[-113.47965,53.44668],[-113.47958,53.44668],[-113.47958,53.43948],[-113.49206,53.43946],[-113.49251,53.43946],[-113.49303,53.43946],[-113.49269,53.44664],[-113.49252,53.45399],[-113.49134,53.45399],[-113.49036,53.45389],[-113.48962,53.45386],[-113.48599,53.45392],[-113.48444,53.45387],[-113.48292,53.45373],[-113.48162,53.45352],[-113.47913,53.45297],[-113.47913,53.45141],[-113.47915,53.4503],[-113.47924,53.45007],[-113.47954,53.4497],[-113.47958,53.44929]]]]}},{"type":"Feature","properties":{"name":"ERMINESKIN"},"geometry":{"type":"MultiPolygon","coordinates":[[[[-113.51536,53.46132],[-113.51217,53.46132],[-113.51176,53.46132],[-113.50417,53.46133],[-113.50203,53.46134],[-113.50147,53.46134],[-113.50035,53.46134],[-113.49754,53.46134],[-113.49727,53.46134],[-113.49707,53.46134],[-113.4952,53.46134],[-113.49487,53.46036],[-113.49478,53.46027],[-113.49483,53.45901],[-113.49494,53.45901],[-113.49496,53.45848],[-113.495,53.4575],[-113.49501,53.45719],[-113.49503,53.45687],[-113.49504,53.4564],[-113.49507,53.45567],[-113.4935,53.45565],[-113.49249,53.45563],[-113.49252,53.45399],[-113.50147,53.45394],[-113.50899,53.45393],[-113.51312,53.45394],[-113.51645,53.45395],[-113.51647,53.46117],[-113.51647,53.46131],[-113.51632,53.46131],[-113.51536,53.46132]]]]}},{"type":"Feature","properties":{"name":"BEARSPAW"},"geometry":{"type":"MultiPolygon","coordinates":[[[[-113.5126,53.44611],[-113.51332,53.44643],[-113.51351,53.44635],[-113.514,53.44651],[-113.514,53.44668],[-113.51239,53.44668],[-113.51226,53.44665],[-113.51214,53.44665],[-113.51146,53.44665],[-113.51141,53.44668],[-113.51073,53.44668],[-113.51014,53.44668],[-113.50996,53.44668],[-113.50861,53.44668],[-113.50842,53.44668],[-113.50824,53.44668],[-113.50439,53.44668],[-113.50414,53.44668],[-113.50317,53.44649],[-113.50284,53.44668],[-113.5018,53.44668],[-113.50059,53.44738],[-113.50045,53.44747],[-113.50023,53.44708],[-113.50006,53.44668],[-113.49987,53.44668],[-113.49314,53.44668],[-113.49269,53.44664],[-113.49303,53.43946],[-113.49343,53.43946],[-113.49545,53.43946],[-113.49786,53.43946],[-113.50277,53.43946],[-113.5071,53.43946],[-113.50718,53.43964],[-113.50705,53.43979],[-113.50693,53.44008],[-113.50693,53.44024],[-113.50703,53.4406],[-113.50747,53.44073],[-113.50753,53.44073],[-113.50768,53.44115],[-113.50841,53.44131],[-113.5084,53.44136],[-113.50751,53.44174],[-113.50754,53.44213],[-113.50767,53.44235],[-113.50783,53.44303],[-113.50827,53.44353],[-113.50875,53.44346],[-113.50881,53.44356],[-113.50861,53.44373],[-113.50883,53.44402],[-113.5091,53.44428],[-113.50936,53.44435],[-113.50996,53.44475],[-113.50993,53.44481],[-113.50989,53.44488],[-113.5102,53.44494],[-113.5108,53.44512],[-113.51127,53.44533],[-113.51172,53.44562],[-113.51206,53.44597],[-113.51218,53.44618],[-113.51228,53.44612],[-113.5126,53.44611]]]]}},{"type":"Feature","properties":{"name":"BELGRAVIA"},"geometry":{"type":"MultiPolygon","coordinates":[[[[-113.53204,53.50717],[-113.53499,53.50603],[-113.53532,53.50591],[-113.53687,53.50558],[-113.53814,53.50532],[-113.53857,53.50527],[-113.53901,53.50533],[-113.54014,53.50578],[-113.54058,53.50595],[-113.54094,53.5062],[-113.54104,53.50645],[-113.54101,53.50671],[-113.54012,53.50806],[-113.53995,53.50846],[-113.53988,53.50887],[-113.53997,53.51033],[-113.53998,53.51044],[-113.54025,53.51089],[-113.54024,53.51105],[-113.53944,53.51183],[-113.53889,53.51226],[-113.53867,53.5127],[-113.53829,53.51352],[-113.53807,53.51384],[-113.53781,53.51408],[-113.53757,53.51438],[-113.53739,53.51473],[-113.53732,53.51504],[-113.53728,53.51562],[-113.53707,53.51614],[-113.53689,53.51772],[-113.53671,53.51832],[-113.53444,53.51791],[-113.53292,53.51764],[-113.53156,53.51741],[-113.53201,53.51644],[-113.53129,53.51632],[-113.53133,53.51623],[-113.5315,53.51586],[-113.53115,53.51545],[-113.53115,53.51509],[-113.53114,53.51463],[-113.53174,53.51462],[-113.53204,53.51462],[-113.53205,53.51415],[-113.53206,53.51362],[-113.53199,53.51348],[-113.53188,53.51336],[-113.53166,53.51319],[-113.52884,53.51321],[-113.52884,53.51224],[-113.52599,53.51224],[-113.52596,53.50989],[-113.52588,53.50943],[-113.52518,53.50842],[-113.52459,53.50811],[-113.52586,53.50775],[-113.52692,53.50757],[-113.52832,53.50742],[-113.52977,53.50737],[-113.53047,53.50734],[-113.53127,53.50738],[-113.53204,53.50717]]]]}},{"type":"Feature","properties":{"name":"LEGER"},"geometry":{"type":"MultiPolygon","coordinates":[[[[-113.58298,53.45572],[-113.58533,53.45643],[-113.58761,53.45709],[-113.58918,53.45755],[-113.58881,53.45873],[-113.58822,53.45997],[-113.58735,53.46129],[-113.58648,53.46134],[-113.57178,53.46132],[-113.56817,53.46132],[-113.56784,53.46132],[-113.56708,53.46035],[-113.56658,53.45963],[-113.56599,53.45861],[-113.56569,53.45763],[-113.56557,53.4568],[-113.56552,53.45577],[-113.56551,53.45404],[-113.57354,53.45407],[-113.57611,53.45426],[-113.57791,53.45453],[-113.58013,53.45494],[-113.58216,53.45548],[-113.58298,53.45572]]]]}},{"type":"Feature","properties":{"name":"BRECKENRIDGE GREENS"},"geometry":{"type":"MultiPolygon","coordinates":[[[[-113.67827,53.51447],[-113.67781,53.51338],[-113.6776,53.51222],[-113.68876,53.51223],[-113.68881,53.52053],[-113.68533,53.52047],[-113.68382,53.5205],[-113.68283,53.52059],[-113.68153,53.52083],[-113.68077,53.5184],[-113.68031,53.51718],[-113.67991,53.51651],[-113.67827,53.51447]]]]}},{"type":"Feature","properties":{"name":"RAMPART INDUSTRIAL"},"geometry":{"type":"MultiPolygon","coordinates":[[[[-113.585,53.6214],[-113.58182,53.6226],[-113.58095,53.62265],[-113.57502,53.62301],[-113.57087,53.62503],[-113.56598,53.62741],[-113.56583,53.6275],[-113.56582,53.62873],[-113.56522,53.62873],[-113.56523,53.62138],[-113.56508,53.62138],[-113.56509,53.61599],[-113.56524,53.61594],[-113.56524,53.61409],[-113.56509,53.61409],[-113.56508,53.61017],[-113.56507,53.6085],[-113.56506,53.60693],[-113.56521,53.60693],[-113.56519,53.59962],[-113.56519,53.59953],[-113.56564,53.59953],[-113.56577,53.59944],[-113.56876,53.59947],[-113.57503,53.59945],[-113.5783,53.60324],[-113.58007,53.60524],[-113.58067,53.60572],[-113.5912,53.61169],[-113.59072,53.6123],[-113.5907,53.61685],[-113.59031,53.61783],[-113.58962,53.61879],[-113.58861,53.6197],[-113.58723,53.62056],[-113.585,53.6214]]]]}},{"type":"Feature","properties":{"name":"GARNEAU"},"geometry":{"type":"MultiPolygon","coordinates":[[[[-113.5136,53.52566],[-113.51359,53.5256],[-113.51358,53.52554],[-113.51356,53.52548],[-113.51355,53.52542],[-113.51353,53.52536],[-113.51351,53.5253],[-113.5135,53.52527],[-113.51349,53.52524],[-113.51348,53.52522],[-113.51346,53.52518],[-113.51344,53.52513],[-113.51342,53.52509],[-113.5134,53.52505],[-113.51337,53.525],[-113.51335,53.52496],[-113.51333,53.52494],[-113.51332,53.52491],[-113.5133,53.52489],[-113.51328,53.52486],[-113.51326,53.52483],[-113.51324,53.5248],[-113.51322,53.52477],[-113.5132,53.52474],[-113.51317,53.5247],[-113.51315,53.52467],[-113.51312,53.52464],[-113.5131,53.52461],[-113.51307,53.52458],[-113.51305,53.52456],[-113.51302,53.52453],[-113.513,53.5245],[-113.51297,53.52448],[-113.51295,53.52446],[-113.51293,53.52444],[-113.51291,53.52441],[-113.51287,53.52438],[-113.51284,53.52435],[-113.5128,53.52432],[-113.51277,53.52429],[-113.51273,53.52426],[-113.51271,53.52424],[-113.51268,53.52422],[-113.51266,53.5242],[-113.51263,53.52418],[-113.51261,53.52416],[-113.51258,53.52414],[-113.51256,53.52412],[-113.51253,53.5241],[-113.51251,53.52409],[-113.51248,53.52407],[-113.51246,53.52405],[-113.51243,53.52403],[-113.51238,53.524],[-113.51236,53.52398],[-113.5123,53.52395],[-113.51227,53.52393],[-113.51226,53.52387],[-113.51196,53.52387],[-113.50966,53.52396],[-113.50631,53.5234],[-113.5063,53.52193],[-113.5063,53.52099],[-113.50631,53.52003],[-113.50631,53.51909],[-113.50631,53.51809],[-113.50934,53.5181],[-113.51204,53.5181],[-113.51204,53.5171],[-113.51204,53.51615],[-113.51204,53.51521],[-113.51204,53.51426],[-113.51204,53.51407],[-113.51502,53.51457],[-113.51662,53.51485],[-113.52075,53.51554],[-113.52298,53.51592],[-113.52308,53.51628],[-113.52246,53.51642],[-113.522,53.51664],[-113.52163,53.51694],[-113.52117,53.51772],[-113.52102,53.51793],[-113.52075,53.5181],[-113.52076,53.5191],[-113.52077,53.52005],[-113.52078,53.521],[-113.52078,53.52195],[-113.52079,53.5229],[-113.5178,53.5229],[-113.51501,53.52289],[-113.51501,53.52385],[-113.515,53.5248],[-113.515,53.52575],[-113.51361,53.52575],[-113.51361,53.5257],[-113.5136,53.52566]]]]}},{"type":"Feature","properties":{"name":"RIVER VALLEY KINNAIRD"},"geometry":{"type":"MultiPolygon","coordinates":[[[[-113.47475,53.54774],[-113.47489,53.54798],[-113.47524,53.54855],[-113.47509,53.54887],[-113.47429,53.54997],[-113.47334,53.55129],[-113.47323,53.55167],[-113.47253,53.55376],[-113.47239,53.55407],[-113.47177,53.5546],[-113.47105,53.5552],[-113.47068,53.55538],[-113.46855,53.5563],[-113.46806,53.55649],[-113.46789,53.55656],[-113.46774,53.55661],[-113.46727,53.55676],[-113.46661,53.55683],[-113.46515,53.55711],[-113.46166,53.55774],[-113.46046,53.55774],[-113.45866,53.55758],[-113.45838,53.55756],[-113.45812,53.55757],[-113.45813,53.55797],[-113.45816,53.55803],[-113.45826,53.55807],[-113.45928,53.55818],[-113.45951,53.55828],[-113.45973,53.55843],[-113.46004,53.55854],[-113.4603,53.55858],[-113.46059,53.55857],[-113.46087,53.5585],[-113.46122,53.55831],[-113.46168,53.55827],[-113.46258,53.5582],[-113.46543,53.55873],[-113.46729,53.55907],[-113.46729,53.55963],[-113.46729,53.56042],[-113.46729,53.56076],[-113.46712,53.56076],[-113.46546,53.56076],[-113.46378,53.55962],[-113.46177,53.55962],[-113.46163,53.55965],[-113.46153,53.55966],[-113.46006,53.55991],[-113.45922,53.56005],[-113.45738,53.56035],[-113.45688,53.55928],[-113.45634,53.55937],[-113.45621,53.55943],[-113.45482,53.55947],[-113.45351,53.55946],[-113.45339,53.55945],[-113.45242,53.55942],[-113.45193,53.5595],[-113.45016,53.55759],[-113.4495,53.55781],[-113.44819,53.55824],[-113.44817,53.55813],[-113.44741,53.55732],[-113.44731,53.55719],[-113.44709,53.55696],[-113.44659,53.55643],[-113.44611,53.5559],[-113.44476,53.55455],[-113.44657,53.55446],[-113.44845,53.55444],[-113.45062,53.55458],[-113.45312,53.55492],[-113.45593,53.5553],[-113.45816,53.55554],[-113.46054,53.55557],[-113.46208,53.55549],[-113.46385,53.55529],[-113.46552,53.55485],[-113.46678,53.55431],[-113.46767,53.5537],[-113.46824,53.55307],[-113.46846,53.55247],[-113.46853,53.55186],[-113.46794,53.55021],[-113.47143,53.54968],[-113.47192,53.54917],[-113.4723,53.54878],[-113.47248,53.54829],[-113.47258,53.54825],[-113.47263,53.54826],[-113.47325,53.54847],[-113.47403,53.54807],[-113.47396,53.54792],[-113.47475,53.54774]]]]}},{"type":"Feature","properties":{"name":"RIVER VALLEY WALTERDALE"},"geometry":{"type":"MultiPolygon","coordinates":[[[[-113.48615,53.53233],[-113.48615,53.53172],[-113.48551,53.53172],[-113.48558,53.5311],[-113.48558,53.53087],[-113.4851,53.52945],[-113.48525,53.52853],[-113.48535,53.52827],[-113.48608,53.52732],[-113.48645,53.52731],[-113.4884,53.52638],[-113.48873,53.52632],[-113.48873,53.52644],[-113.48873,53.52672],[-113.49089,53.52672],[-113.49113,53.52671],[-113.49168,53.52671],[-113.49169,53.52671],[-113.4917,53.5267],[-113.4917,53.52669],[-113.4917,53.52669],[-113.49169,53.52633],[-113.49169,53.52624],[-113.49215,53.52624],[-113.49215,53.52615],[-113.49215,53.52579],[-113.49215,53.52574],[-113.49215,53.52538],[-113.49215,53.5253],[-113.49185,53.5253],[-113.49185,53.5252],[-113.49184,53.52487],[-113.49184,53.52468],[-113.49343,53.52423],[-113.49477,53.52386],[-113.49582,53.52365],[-113.49755,53.52338],[-113.50046,53.52327],[-113.50346,53.52316],[-113.50395,53.52315],[-113.50469,53.52319],[-113.50631,53.5234],[-113.50966,53.52396],[-113.51196,53.52387],[-113.51226,53.52387],[-113.51227,53.52393],[-113.5123,53.52395],[-113.51236,53.52398],[-113.51241,53.52402],[-113.51243,53.52403],[-113.51246,53.52405],[-113.51248,53.52407],[-113.51251,53.52409],[-113.51253,53.5241],[-113.51256,53.52412],[-113.51258,53.52414],[-113.51261,53.52416],[-113.51263,53.52418],[-113.51266,53.5242],[-113.51268,53.52422],[-113.51271,53.52424],[-113.51275,53.52427],[-113.51278,53.5243],[-113.51281,53.52433],[-113.51285,53.52436],[-113.51288,53.52439],[-113.51291,53.52441],[-113.51293,53.52444],[-113.51295,53.52446],[-113.51297,53.52448],[-113.513,53.5245],[-113.51302,53.52453],[-113.51305,53.52456],[-113.51307,53.52458],[-113.5131,53.52461],[-113.51312,53.52464],[-113.51315,53.52467],[-113.51317,53.5247],[-113.5132,53.52474],[-113.51322,53.52477],[-113.51324,53.5248],[-113.51326,53.52483],[-113.51328,53.52486],[-113.5133,53.52489],[-113.51333,53.52492],[-113.51335,53.52496],[-113.51337,53.525],[-113.5134,53.52505],[-113.51342,53.52509],[-113.51344,53.52513],[-113.51346,53.52518],[-113.51348,53.52522],[-113.5135,53.52527],[-113.51351,53.5253],[-113.51353,53.52536],[-113.51355,53.52542],[-113.51356,53.52548],[-113.51358,53.52554],[-113.51359,53.5256],[-113.5136,53.52566],[-113.5136,53.52567],[-113.51361,53.52572],[-113.51361,53.52575],[-113.515,53.52575],[-113.51511,53.52589],[-113.51779,53.52665],[-113.51807,53.52675],[-113.51961,53.52773],[-113.52085,53.52838],[-113.52195,53.52876],[-113.52294,53.52903],[-113.52427,53.52957],[-113.52494,53.52972],[-113.52573,53.52982],[-113.52646,53.5299],[-113.5269,53.52997],[-113.53074,53.53089],[-113.53075,53.53355],[-113.52944,53.53297],[-113.52841,53.53257],[-113.52733,53.53225],[-113.52623,53.53196],[-113.52521,53.53174],[-113.52394,53.53153],[-113.52248,53.53135],[-113.52091,53.53118],[-113.51958,53.53103],[-113.51858,53.53093],[-113.51773,53.53085],[-113.51653,53.53077],[-113.51298,53.53074],[-113.51186,53.53072],[-113.51074,53.53065],[-113.50958,53.53051],[-113.50841,53.53027],[-113.50606,53.52971],[-113.50478,53.52939],[-113.50297,53.52886],[-113.50146,53.52827],[-113.50039,53.52785],[-113.49947,53.52752],[-113.49857,53.52726],[-113.49721,53.5269],[-113.49601,53.5267],[-113.49497,53.52666],[-113.49402,53.52677],[-113.49312,53.52697],[-113.49237,53.52724],[-113.49182,53.52749],[-113.49121,53.52797],[-113.49032,53.52886],[-113.48973,53.52962],[-113.48931,53.53029],[-113.48901,53.53082],[-113.48888,53.53126],[-113.48873,53.53198],[-113.4887,53.53249],[-113.48867,53.53336],[-113.48852,53.53439],[-113.48829,53.53536],[-113.48804,53.53607],[-113.48774,53.53674],[-113.48745,53.53727],[-113.48719,53.53771],[-113.48696,53.538],[-113.48569,53.53758],[-113.48529,53.53745],[-113.48485,53.5373],[-113.48445,53.5372],[-113.48422,53.53708],[-113.48349,53.53627],[-113.48311,53.53576],[-113.48486,53.53561],[-113.48494,53.5356],[-113.48563,53.53555],[-113.48611,53.53551],[-113.48615,53.53433],[-113.48626,53.53432],[-113.48672,53.53432],[-113.48676,53.5326],[-113.48679,53.53233],[-113.48617,53.53233],[-113.48615,53.53233]]]]}},{"type":"Feature","properties":{"name":"RIVER VALLEY RIVERSIDE"},"geometry":{"type":"MultiPolygon","coordinates":[[[[-113.44024,53.55326],[-113.44313,53.55257],[-113.45011,53.55164],[-113.45011,53.55172],[-113.45446,53.55103],[-113.45713,53.55031],[-113.45713,53.55014],[-113.45728,53.55014],[-113.45728,53.54978],[-113.45713,53.54978],[-113.45713,53.54958],[-113.45715,53.54931],[-113.45715,53.54917],[-113.45736,53.54917],[-113.46017,53.54917],[-113.46017,53.54818],[-113.46002,53.54804],[-113.45963,53.54766],[-113.45942,53.54754],[-113.45897,53.5478],[-113.45874,53.54786],[-113.45713,53.54786],[-113.45704,53.54784],[-113.45704,53.54634],[-113.45704,53.54473],[-113.45705,53.54312],[-113.45713,53.54261],[-113.45713,53.5424],[-113.4571,53.54218],[-113.45706,53.54196],[-113.457,53.54175],[-113.45684,53.54123],[-113.45899,53.54122],[-113.45899,53.54132],[-113.46117,53.54132],[-113.46238,53.5414],[-113.46229,53.54159],[-113.46216,53.54199],[-113.46207,53.54241],[-113.46203,53.54287],[-113.46208,53.54328],[-113.46223,53.54372],[-113.46263,53.54439],[-113.46349,53.54552],[-113.46486,53.5468],[-113.46698,53.54879],[-113.46746,53.54935],[-113.46791,53.5501],[-113.46853,53.55186],[-113.46846,53.55247],[-113.46824,53.55307],[-113.46767,53.5537],[-113.46678,53.55431],[-113.46552,53.55485],[-113.46385,53.55529],[-113.46208,53.55549],[-113.46054,53.55557],[-113.45816,53.55554],[-113.45593,53.5553],[-113.45312,53.55492],[-113.45062,53.55458],[-113.44845,53.55444],[-113.44657,53.55446],[-113.44476,53.55455],[-113.44153,53.55501],[-113.44011,53.55529],[-113.43858,53.5557],[-113.43839,53.55536],[-113.43824,53.55502],[-113.438,53.55438],[-113.43785,53.55395],[-113.4388,53.5536],[-113.43878,53.55358],[-113.43877,53.55356],[-113.43875,53.55354],[-113.43874,53.55351],[-113.43874,53.55349],[-113.43873,53.55347],[-113.43873,53.55344],[-113.43874,53.55342],[-113.43874,53.55339],[-113.43876,53.55337],[-113.43877,53.55335],[-113.43879,53.55332],[-113.43922,53.55284],[-113.43925,53.55289],[-113.43929,53.55293],[-113.43933,53.55298],[-113.43938,53.55302],[-113.43944,53.55306],[-113.4395,53.5531],[-113.43951,53.55311],[-113.43953,53.55312],[-113.43954,53.55312],[-113.43956,53.55313],[-113.43957,53.55314],[-113.43959,53.55314],[-113.43968,53.55318],[-113.43977,53.55321],[-113.43987,53.55324],[-113.43997,53.55325],[-113.44008,53.55327],[-113.44019,53.55327],[-113.44021,53.55327],[-113.44024,53.55326]]]]}},{"type":"Feature","properties":{"name":"DESROCHERS AREA"},"geometry":{"type":"MultiPolygon","coordinates":[[[[-113.55922,53.3957],[-113.56381,53.3957],[-113.56524,53.39569],[-113.56538,53.39569],[-113.56541,53.39587],[-113.56544,53.39652],[-113.56545,53.39659],[-113.56546,53.39665],[-113.56554,53.39701],[-113.56555,53.39705],[-113.56555,53.39708],[-113.56554,53.39719],[-113.56553,53.39731],[-113.56552,53.3974],[-113.56548,53.39755],[-113.56543,53.39771],[-113.56536,53.39788],[-113.56529,53.39803],[-113.56517,53.39823],[-113.56505,53.3984],[-113.56491,53.39856],[-113.56472,53.39875],[-113.56451,53.39894],[-113.56432,53.39908],[-113.56417,53.39919],[-113.56524,53.39959],[-113.56524,53.39968],[-113.56523,53.40314],[-113.56044,53.40314],[-113.55721,53.40314],[-113.55313,53.40314],[-113.54103,53.40312],[-113.54089,53.40312],[-113.5408,53.40129],[-113.54081,53.39928],[-113.54071,53.39672],[-113.54071,53.39571],[-113.54071,53.39567],[-113.54725,53.39566],[-113.54846,53.39566],[-113.55314,53.39566],[-113.55314,53.3957],[-113.55616,53.3957],[-113.55616,53.39556],[-113.55803,53.39556],[-113.55919,53.39556],[-113.55919,53.3957],[-113.55922,53.3957]]]]}},{"type":"Feature","properties":{"name":"ALLARD"},"geometry":{"type":"MultiPolygon","coordinates":[[[[-113.54071,53.39571],[-113.54071,53.39672],[-113.54081,53.39928],[-113.5408,53.40129],[-113.5408,53.40135],[-113.54075,53.40162],[-113.54072,53.40175],[-113.54066,53.4019],[-113.54062,53.402],[-113.54058,53.40209],[-113.5405,53.40223],[-113.54041,53.40237],[-113.5403,53.40251],[-113.54018,53.40265],[-113.54006,53.40278],[-113.53995,53.40289],[-113.53984,53.40298],[-113.53974,53.40306],[-113.53952,53.40322],[-113.53721,53.40469],[-113.53638,53.40425],[-113.53555,53.40386],[-113.5347,53.40356],[-113.53401,53.40338],[-113.53309,53.40323],[-113.53246,53.40317],[-113.53191,53.40314],[-113.53131,53.40314],[-113.5286,53.40315],[-113.52756,53.40315],[-113.52644,53.40319],[-113.52565,53.40326],[-113.52502,53.40335],[-113.5242,53.40352],[-113.5234,53.40376],[-113.52276,53.40403],[-113.52204,53.40441],[-113.5216,53.40466],[-113.52058,53.40526],[-113.52008,53.40555],[-113.51807,53.40643],[-113.51767,53.40668],[-113.51693,53.40651],[-113.51691,53.40643],[-113.51659,53.40646],[-113.51638,53.40659],[-113.51638,53.40535],[-113.51622,53.40536],[-113.51252,53.40536],[-113.51247,53.4],[-113.51476,53.39999],[-113.51475,53.39865],[-113.51616,53.39865],[-113.51616,53.39851],[-113.51616,53.39851],[-113.51615,53.39834],[-113.51615,53.39827],[-113.51615,53.39808],[-113.51613,53.39647],[-113.51629,53.39644],[-113.51629,53.39578],[-113.51643,53.39578],[-113.51712,53.39578],[-113.52857,53.39574],[-113.53465,53.39573],[-113.53465,53.39568],[-113.54071,53.39567],[-113.54071,53.39571]]]]}},{"type":"Feature","properties":{"name":"GLASTONBURY"},"geometry":{"type":"MultiPolygon","coordinates":[[[[-113.67667,53.5055],[-113.67667,53.50904],[-113.67646,53.50917],[-113.67703,53.50967],[-113.6774,53.51019],[-113.67761,53.51097],[-113.6776,53.51222],[-113.66453,53.51224],[-113.66453,53.51178],[-113.66461,53.51178],[-113.66461,53.51035],[-113.66453,53.51035],[-113.66289,53.50884],[-113.66284,53.50718],[-113.66218,53.50359],[-113.66415,53.50346],[-113.66441,53.50346],[-113.66441,53.50245],[-113.66441,53.50174],[-113.66415,53.50173],[-113.66213,53.5017],[-113.66221,53.49808],[-113.6627,53.49725],[-113.66414,53.49651],[-113.66413,53.49375],[-113.66576,53.49374],[-113.66758,53.49382],[-113.66925,53.49402],[-113.67288,53.49471],[-113.67542,53.4955],[-113.67666,53.49593],[-113.67667,53.49769],[-113.67667,53.5055]]]]}},{"type":"Feature","properties":{"name":"FOREST HEIGHTS"},"geometry":{"type":"MultiPolygon","coordinates":[[[[-113.44645,53.54312],[-113.44532,53.54311],[-113.44532,53.54321],[-113.44532,53.5436],[-113.44456,53.5436],[-113.44456,53.54377],[-113.44385,53.54377],[-113.44332,53.54378],[-113.44332,53.54312],[-113.44331,53.54154],[-113.4433,53.54122],[-113.44326,53.53786],[-113.4432,53.53769],[-113.44294,53.53753],[-113.44456,53.53753],[-113.44613,53.53753],[-113.44928,53.53753],[-113.45345,53.53753],[-113.45616,53.53752],[-113.46032,53.53827],[-113.46096,53.53839],[-113.46146,53.53848],[-113.46203,53.53858],[-113.46244,53.53861],[-113.46285,53.53862],[-113.46328,53.53863],[-113.46314,53.53872],[-113.46081,53.53987],[-113.4601,53.54048],[-113.45942,53.54101],[-113.45899,53.54114],[-113.45899,53.54122],[-113.45684,53.54123],[-113.457,53.54175],[-113.45706,53.54196],[-113.4571,53.54218],[-113.45713,53.5424],[-113.45713,53.54261],[-113.45705,53.54312],[-113.45704,53.54473],[-113.45704,53.54634],[-113.45704,53.54784],[-113.45713,53.54786],[-113.45874,53.54786],[-113.45897,53.5478],[-113.45942,53.54754],[-113.45963,53.54766],[-113.46002,53.54804],[-113.46017,53.54818],[-113.46017,53.54917],[-113.45736,53.54917],[-113.45715,53.54917],[-113.45715,53.54931],[-113.45713,53.54958],[-113.45713,53.54978],[-113.45728,53.54978],[-113.45728,53.55014],[-113.45713,53.55014],[-113.45713,53.55031],[-113.45446,53.55103],[-113.45011,53.55172],[-113.45011,53.55164],[-113.44313,53.55257],[-113.44024,53.55326],[-113.44021,53.55327],[-113.44019,53.55327],[-113.44008,53.55327],[-113.43997,53.55325],[-113.43987,53.55324],[-113.43977,53.55321],[-113.43968,53.55318],[-113.43959,53.55314],[-113.43957,53.55314],[-113.43956,53.55313],[-113.43954,53.55312],[-113.43953,53.55312],[-113.43951,53.55311],[-113.4395,53.5531],[-113.43944,53.55306],[-113.43938,53.55302],[-113.43933,53.55298],[-113.43929,53.55293],[-113.43925,53.55289],[-113.43922,53.55284],[-113.43937,53.55199],[-113.43938,53.55019],[-113.43947,53.55014],[-113.44008,53.55014],[-113.44008,53.54975],[-113.44153,53.54957],[-113.44153,53.54934],[-113.44168,53.54934],[-113.44168,53.54921],[-113.44117,53.54896],[-113.44099,53.54884],[-113.44095,53.54872],[-113.44068,53.54842],[-113.44029,53.54814],[-113.44116,53.54815],[-113.44121,53.54808],[-113.44257,53.54735],[-113.443,53.54735],[-113.443,53.54644],[-113.44317,53.54632],[-113.44374,53.54632],[-113.44374,53.54624],[-113.44374,53.54512],[-113.44383,53.54512],[-113.44384,53.545],[-113.44442,53.545],[-113.44458,53.545],[-113.44465,53.54484],[-113.44482,53.54464],[-113.44505,53.54449],[-113.44542,53.54433],[-113.44583,53.5442],[-113.44615,53.54414],[-113.44615,53.54379],[-113.44631,53.54364],[-113.44646,53.54354],[-113.44666,53.54344],[-113.44689,53.54337],[-113.44715,53.54333],[-113.44773,53.54328],[-113.44788,53.54327],[-113.44788,53.54312],[-113.44788,53.5429],[-113.44847,53.54254],[-113.44817,53.54254],[-113.44817,53.54185],[-113.44856,53.54177],[-113.4493,53.54177],[-113.4493,53.54122],[-113.44773,53.54122],[-113.44771,53.54131],[-113.44771,53.54168],[-113.4472,53.54168],[-113.44714,53.54171],[-113.44714,53.54212],[-113.44645,53.54212],[-113.44645,53.54312]]]]}},{"type":"Feature","properties":{"name":"EDMONTON ENERGY AND TECHNOLOGY PARK"},"geometry":{"type":"MultiPolygon","coordinates":[[[[-113.43647,53.65103],[-113.43623,53.65122],[-113.436,53.65141],[-113.43577,53.65161],[-113.43555,53.65181],[-113.43535,53.65202],[-113.43514,53.65223],[-113.43126,53.65645],[-113.43123,53.65655],[-113.4312,53.65665],[-113.43118,53.65674],[-113.43117,53.65684],[-113.43116,53.65694],[-113.43116,53.65704],[-113.43115,53.65754],[-113.43161,53.65772],[-113.43049,53.65772],[-113.43042,53.67238],[-113.4304,53.67961],[-113.43037,53.68685],[-113.43034,53.70152],[-113.43029,53.71592],[-113.42184,53.71591],[-113.41843,53.71591],[-113.41776,53.7159],[-113.40491,53.71589],[-113.39967,53.71589],[-113.39362,53.71588],[-113.38121,53.71587],[-113.38121,53.71592],[-113.38076,53.71592],[-113.38076,53.71586],[-113.36872,53.71585],[-113.35657,53.71583],[-113.34208,53.71581],[-113.34162,53.71574],[-113.33198,53.71573],[-113.33198,53.7158],[-113.32136,53.71578],[-113.31953,53.71568],[-113.29726,53.71565],[-113.29523,53.71564],[-113.29528,53.70516],[-113.29529,53.7025],[-113.2953,53.70138],[-113.2953,53.70132],[-113.29532,53.69893],[-113.30483,53.69436],[-113.30668,53.69323],[-113.31649,53.68683],[-113.31819,53.68572],[-113.31988,53.68463],[-113.32318,53.68248],[-113.34428,53.66877],[-113.35239,53.66359],[-113.35441,53.66268],[-113.36765,53.65771],[-113.36893,53.65725],[-113.36893,53.65036],[-113.36909,53.65036],[-113.38123,53.65041],[-113.38124,53.64317],[-113.39014,53.64322],[-113.39082,53.64322],[-113.39152,53.64141],[-113.39226,53.64141],[-113.39339,53.64142],[-113.3935,53.64134],[-113.39369,53.64133],[-113.39385,53.64133],[-113.39434,53.64086],[-113.40573,53.64054],[-113.40612,53.64066],[-113.4117,53.64237],[-113.41427,53.64506],[-113.42319,53.64506],[-113.43264,53.64776],[-113.43406,53.6505],[-113.43712,53.65051],[-113.43647,53.65103]]]]}},{"type":"Feature","properties":{"name":"SCHONSEE"},"geometry":{"type":"MultiPolygon","coordinates":[[[[-113.44992,53.63604],[-113.44946,53.63604],[-113.449,53.63604],[-113.44552,53.63604],[-113.44441,53.63604],[-113.44327,53.63604],[-113.44287,53.63603],[-113.4429,53.6287],[-113.45127,53.62868],[-113.45511,53.62869],[-113.45971,53.6287],[-113.46741,53.6287],[-113.4674,53.635],[-113.4674,53.63515],[-113.46724,53.63515],[-113.45996,53.63514],[-113.45511,53.63514],[-113.45511,53.63604],[-113.44992,53.63604]]]]}},{"type":"Feature","properties":{"name":"LAGO LINDO"},"geometry":{"type":"MultiPolygon","coordinates":[[[[-113.48057,53.6433],[-113.47781,53.64329],[-113.47781,53.64242],[-113.47806,53.64164],[-113.47733,53.64125],[-113.47717,53.64117],[-113.47777,53.64098],[-113.47834,53.64075],[-113.4788,53.64045],[-113.47912,53.64019],[-113.47939,53.63987],[-113.47957,53.63954],[-113.47966,53.63921],[-113.47967,53.63843],[-113.47968,53.63764],[-113.47968,53.63609],[-113.47967,53.63442],[-113.47972,53.63403],[-113.47983,53.63367],[-113.48012,53.63312],[-113.48087,53.63222],[-113.48114,53.63183],[-113.48137,53.63135],[-113.48153,53.63079],[-113.48155,53.63015],[-113.48154,53.62875],[-113.48714,53.62881],[-113.49188,53.62883],[-113.49191,53.63068],[-113.49213,53.63083],[-113.4921,53.63299],[-113.49212,53.63606],[-113.49208,53.63789],[-113.49189,53.63845],[-113.49189,53.64092],[-113.49193,53.6433],[-113.49143,53.6433],[-113.48057,53.6433]]]]}},{"type":"Feature","properties":{"name":"MAPLE RIDGE INDUSTRIAL"},"geometry":{"type":"MultiPolygon","coordinates":[[[[-113.35501,53.51355],[-113.35492,53.51362],[-113.35482,53.51368],[-113.35471,53.51373],[-113.3546,53.51378],[-113.35448,53.51383],[-113.35436,53.51387],[-113.35425,53.5139],[-113.35414,53.51393],[-113.35403,53.51395],[-113.35391,53.51397],[-113.3538,53.51398],[-113.35368,53.51399],[-113.35063,53.51334],[-113.35064,53.5124],[-113.35064,53.51205],[-113.34922,53.51202],[-113.34813,53.51192],[-113.34809,53.51192],[-113.34805,53.51191],[-113.34802,53.5119],[-113.34798,53.5119],[-113.34793,53.51188],[-113.34789,53.51188],[-113.34786,53.51187],[-113.34782,53.51186],[-113.34779,53.51185],[-113.34775,53.51184],[-113.34772,53.51184],[-113.34768,53.51183],[-113.34761,53.51181],[-113.34757,53.5118],[-113.34753,53.51179],[-113.34746,53.51177],[-113.34743,53.51176],[-113.34739,53.51174],[-113.34735,53.51173],[-113.34732,53.51172],[-113.34728,53.51171],[-113.34725,53.5117],[-113.34722,53.51169],[-113.34718,53.51168],[-113.34715,53.51167],[-113.34712,53.51165],[-113.34708,53.51164],[-113.34705,53.51163],[-113.34702,53.51162],[-113.34697,53.5116],[-113.34671,53.51133],[-113.34638,53.51133],[-113.346,53.51103],[-113.34529,53.50983],[-113.34522,53.50902],[-113.34511,53.50902],[-113.34509,53.50813],[-113.3451,53.50498],[-113.3451,53.50487],[-113.34509,53.50452],[-113.34509,53.50447],[-113.3451,53.50437],[-113.3451,53.50428],[-113.34511,53.50413],[-113.34512,53.5039],[-113.34512,53.50379],[-113.34513,53.50373],[-113.34513,53.50367],[-113.34513,53.50363],[-113.34512,53.50355],[-113.34512,53.50349],[-113.34511,53.50337],[-113.3451,53.50319],[-113.3451,53.5031],[-113.3451,53.50305],[-113.3451,53.50301],[-113.3451,53.50297],[-113.3451,53.50289],[-113.3451,53.50282],[-113.34512,53.50259],[-113.34512,53.50253],[-113.34512,53.50249],[-113.34513,53.50242],[-113.34512,53.50235],[-113.34511,53.50175],[-113.3451,53.50168],[-113.3451,53.50157],[-113.3451,53.50152],[-113.3451,53.50147],[-113.34512,53.50098],[-113.34512,53.50091],[-113.34512,53.50078],[-113.34512,53.50059],[-113.34512,53.50039],[-113.34512,53.50033],[-113.34511,53.50021],[-113.3451,53.50004],[-113.3451,53.49995],[-113.3451,53.49986],[-113.3451,53.49981],[-113.3451,53.49977],[-113.34511,53.4997],[-113.34512,53.4996],[-113.34512,53.49954],[-113.34512,53.49949],[-113.34512,53.49937],[-113.34512,53.49928],[-113.34512,53.49915],[-113.34512,53.49902],[-113.34511,53.49896],[-113.34511,53.49885],[-113.3451,53.49868],[-113.34509,53.4986],[-113.34509,53.49852],[-113.34509,53.49847],[-113.34509,53.49842],[-113.34509,53.49825],[-113.34509,53.49821],[-113.34509,53.49814],[-113.34508,53.49811],[-113.34508,53.49808],[-113.34507,53.49799],[-113.34506,53.49786],[-113.34503,53.49755],[-113.34501,53.49737],[-113.345,53.49728],[-113.34498,53.49714],[-113.34496,53.49701],[-113.34496,53.49696],[-113.34492,53.49678],[-113.34491,53.49669],[-113.3449,53.49664],[-113.3449,53.4966],[-113.34482,53.4959],[-113.34481,53.49578],[-113.34478,53.49558],[-113.34476,53.49542],[-113.34473,53.49519],[-113.3447,53.49496],[-113.34468,53.49487],[-113.34467,53.49479],[-113.34465,53.49464],[-113.34461,53.49443],[-113.34459,53.49433],[-113.34458,53.49422],[-113.34456,53.49411],[-113.34455,53.49401],[-113.34453,53.49384],[-113.3445,53.49359],[-113.34449,53.49346],[-113.34447,53.49333],[-113.34445,53.49324],[-113.34444,53.49315],[-113.34442,53.49301],[-113.34438,53.49279],[-113.34434,53.49256],[-113.34432,53.4924],[-113.3443,53.49223],[-113.34429,53.49214],[-113.34428,53.49206],[-113.34427,53.49199],[-113.34425,53.49187],[-113.34422,53.49169],[-113.3442,53.4916],[-113.34419,53.49151],[-113.34417,53.49137],[-113.34414,53.49117],[-113.34413,53.49107],[-113.34411,53.49096],[-113.34401,53.49034],[-113.344,53.49026],[-113.34397,53.49011],[-113.34393,53.48989],[-113.34391,53.48978],[-113.34389,53.48967],[-113.34388,53.48961],[-113.34388,53.48955],[-113.34387,53.48946],[-113.34385,53.48932],[-113.34384,53.48924],[-113.34383,53.48917],[-113.34383,53.48914],[-113.34382,53.4891],[-113.3438,53.48904],[-113.34379,53.48898],[-113.34374,53.48879],[-113.34373,53.48874],[-113.34372,53.4887],[-113.34371,53.48865],[-113.3437,53.48859],[-113.34369,53.48851],[-113.34368,53.4884],[-113.34367,53.48828],[-113.34363,53.48787],[-113.34361,53.48774],[-113.34359,53.48753],[-113.34358,53.48743],[-113.34357,53.48733],[-113.34356,53.48728],[-113.34356,53.4872],[-113.34356,53.48703],[-113.34355,53.48697],[-113.34354,53.48681],[-113.34354,53.48674],[-113.34452,53.48641],[-113.34681,53.48438],[-113.34864,53.48389],[-113.35653,53.48351],[-113.35651,53.48308],[-113.35817,53.48301],[-113.35969,53.48293],[-113.36145,53.48282],[-113.36281,53.48264],[-113.36366,53.48299],[-113.36374,53.48309],[-113.36622,53.48661],[-113.3665,53.48698],[-113.36681,53.48735],[-113.36715,53.4877],[-113.36752,53.48804],[-113.36792,53.48837],[-113.36835,53.48869],[-113.36843,53.48875],[-113.36851,53.4888],[-113.36859,53.48885],[-113.36867,53.48891],[-113.36875,53.48896],[-113.36884,53.48901],[-113.36899,53.48911],[-113.36919,53.49755],[-113.36877,53.49755],[-113.35698,53.49751],[-113.35699,53.50127],[-113.357,53.50473],[-113.35703,53.51205],[-113.35703,53.51215],[-113.35683,53.51214],[-113.35637,53.51249],[-113.35501,53.51355]]]]}},{"type":"Feature","properties":{"name":"MAPLE RIDGE"},"geometry":{"type":"MultiPolygon","coordinates":[[[[-113.3669,53.50452],[-113.36667,53.5045],[-113.36645,53.50447],[-113.36622,53.50444],[-113.366,53.50441],[-113.36578,53.50437],[-113.36556,53.50432],[-113.36548,53.5043],[-113.36531,53.50458],[-113.36512,53.50454],[-113.36507,53.50453],[-113.36503,53.50452],[-113.36498,53.50452],[-113.36493,53.50451],[-113.36488,53.50451],[-113.36483,53.50451],[-113.36413,53.5045],[-113.36414,53.50567],[-113.36235,53.50568],[-113.36076,53.50478],[-113.36069,53.50475],[-113.35954,53.50574],[-113.35855,53.50659],[-113.35701,53.50659],[-113.35699,53.50127],[-113.35698,53.49751],[-113.36877,53.49755],[-113.36919,53.49755],[-113.36904,53.4977],[-113.36915,53.50305],[-113.36914,53.50454],[-113.36778,53.50452],[-113.36734,53.50451],[-113.36691,53.50448],[-113.3669,53.50452]]]]}},{"type":"Feature","properties":{"name":"ANTHONY HENDAY ENERGY PARK"},"geometry":{"type":"MultiPolygon","coordinates":[[[[-113.43507,53.64421],[-113.43517,53.64423],[-113.43527,53.64425],[-113.43536,53.64426],[-113.43546,53.64427],[-113.43557,53.64427],[-113.43567,53.64426],[-113.43577,53.64425],[-113.43586,53.64424],[-113.43596,53.64422],[-113.43605,53.64419],[-113.43758,53.64408],[-113.43788,53.64398],[-113.43815,53.64386],[-113.43842,53.64373],[-113.43866,53.64359],[-113.43888,53.64343],[-113.43907,53.64327],[-113.44284,53.64327],[-113.44283,53.64667],[-113.44282,53.65051],[-113.43406,53.6505],[-113.43264,53.64776],[-113.42319,53.64506],[-113.41427,53.64506],[-113.4117,53.64237],[-113.40612,53.64066],[-113.40573,53.64054],[-113.39434,53.64086],[-113.39385,53.64133],[-113.39369,53.64133],[-113.3935,53.64134],[-113.39339,53.64142],[-113.39226,53.64141],[-113.39152,53.64141],[-113.39647,53.62867],[-113.39714,53.62873],[-113.39816,53.62874],[-113.39754,53.63082],[-113.39788,53.631],[-113.39897,53.63025],[-113.39898,53.63033],[-113.39899,53.63041],[-113.399,53.63048],[-113.39902,53.63056],[-113.39905,53.63063],[-113.39908,53.63071],[-113.39916,53.63102],[-113.39934,53.63173],[-113.39934,53.63174],[-113.39935,53.63176],[-113.39935,53.63176],[-113.39936,53.63178],[-113.39936,53.6318],[-113.39937,53.63181],[-113.39938,53.63183],[-113.39939,53.63184],[-113.3994,53.63186],[-113.39941,53.63186],[-113.39941,53.63187],[-113.39943,53.63188],[-113.39944,53.6319],[-113.40157,53.63411],[-113.40648,53.63529],[-113.40598,53.63674],[-113.41485,53.63906],[-113.41497,53.63903],[-113.41509,53.63901],[-113.4152,53.63897],[-113.41531,53.63894],[-113.41541,53.6389],[-113.41551,53.63885],[-113.41556,53.63883],[-113.41562,53.6388],[-113.41567,53.63877],[-113.41572,53.63875],[-113.41576,53.63872],[-113.41581,53.63869],[-113.41584,53.63867],[-113.41586,53.63865],[-113.41589,53.63863],[-113.41591,53.63861],[-113.41593,53.63859],[-113.41596,53.63857],[-113.41604,53.63849],[-113.41612,53.6384],[-113.41619,53.63831],[-113.41624,53.63822],[-113.41628,53.63813],[-113.41631,53.63803],[-113.41677,53.63601],[-113.41803,53.63601],[-113.41818,53.63601],[-113.41833,53.63601],[-113.41972,53.63601],[-113.41988,53.63739],[-113.4212,53.63905],[-113.42198,53.6393],[-113.42251,53.63997],[-113.42258,53.64005],[-113.42266,53.64014],[-113.42274,53.64022],[-113.42282,53.6403],[-113.4229,53.64038],[-113.42299,53.64046],[-113.4232,53.64064],[-113.42343,53.64081],[-113.42367,53.64097],[-113.42393,53.64112],[-113.4242,53.64127],[-113.42448,53.6414],[-113.42454,53.64143],[-113.4246,53.64145],[-113.42465,53.64147],[-113.42471,53.6415],[-113.42477,53.64152],[-113.42483,53.64154],[-113.42488,53.64156],[-113.42493,53.64158],[-113.42498,53.6416],[-113.42503,53.64162],[-113.42508,53.64164],[-113.42513,53.64165],[-113.42519,53.64168],[-113.42526,53.6417],[-113.42532,53.64172],[-113.42539,53.64174],[-113.42545,53.64176],[-113.42552,53.64178],[-113.42555,53.64179],[-113.42562,53.64181],[-113.42569,53.64183],[-113.42575,53.64184],[-113.4258,53.64185],[-113.42586,53.64187],[-113.43029,53.64297],[-113.43507,53.64421]]]]}},{"type":"Feature","properties":{"name":"CHAMBERY"},"geometry":{"type":"MultiPolygon","coordinates":[[[[-113.51488,53.64348],[-113.51316,53.64494],[-113.5108,53.6453],[-113.50774,53.64544],[-113.50473,53.64548],[-113.50428,53.64547],[-113.50429,53.64483],[-113.50433,53.64486],[-113.50434,53.64442],[-113.5043,53.64428],[-113.50429,53.64417],[-113.50429,53.6433],[-113.50429,53.64252],[-113.50522,53.64253],[-113.50689,53.64253],[-113.50692,53.64054],[-113.50671,53.64057],[-113.5065,53.64061],[-113.50628,53.64063],[-113.50607,53.64065],[-113.50585,53.64066],[-113.50563,53.64067],[-113.50555,53.63937],[-113.50569,53.63937],[-113.50571,53.6387],[-113.50523,53.63854],[-113.50496,53.63851],[-113.50502,53.63818],[-113.50502,53.63805],[-113.50501,53.63786],[-113.505,53.63783],[-113.50496,53.63769],[-113.50491,53.63753],[-113.50479,53.6373],[-113.50476,53.63727],[-113.50437,53.63685],[-113.50479,53.63687],[-113.50564,53.63687],[-113.50564,53.63606],[-113.51246,53.63605],[-113.51416,53.63605],[-113.51529,53.63605],[-113.51625,53.63605],[-113.51655,53.63605],[-113.51658,53.63978],[-113.5167,53.6433],[-113.51667,53.6433],[-113.51498,53.6433],[-113.515,53.64338],[-113.51488,53.64348]]]]}},{"type":"Feature","properties":{"name":"KINGLET GARDENS"},"geometry":{"type":"MultiPolygon","coordinates":[[[[-113.71378,53.58361],[-113.71378,53.58411],[-113.71348,53.58411],[-113.71188,53.58412],[-113.71188,53.58478],[-113.69716,53.58485],[-113.69688,53.58467],[-113.69693,53.58455],[-113.69634,53.58429],[-113.69591,53.58426],[-113.69517,53.58416],[-113.69482,53.58407],[-113.69459,53.58399],[-113.69447,53.58399],[-113.69413,53.58402],[-113.69357,53.584],[-113.69343,53.58405],[-113.69309,53.58404],[-113.69296,53.58398],[-113.69156,53.58356],[-113.69104,53.58356],[-113.69034,53.58347],[-113.69022,53.58343],[-113.68939,53.5834],[-113.68921,53.58339],[-113.6891,53.58339],[-113.68906,53.57943],[-113.68905,53.57005],[-113.71363,53.56991],[-113.71384,53.56991],[-113.71384,53.57051],[-113.71385,53.5716],[-113.71377,53.57188],[-113.71378,53.57754],[-113.71385,53.57754],[-113.71385,53.5792],[-113.71378,53.5792],[-113.71378,53.58057],[-113.71386,53.58057],[-113.71386,53.58115],[-113.71378,53.58115],[-113.71378,53.5816],[-113.71378,53.58361]]]]}},{"type":"Feature","properties":{"name":"RURAL WEST BIG LAKE"},"geometry":{"type":"MultiPolygon","coordinates":[[[[-113.68909,53.58218],[-113.68893,53.58218],[-113.68285,53.58221],[-113.68286,53.58492],[-113.67833,53.58494],[-113.67761,53.58495],[-113.67762,53.58495],[-113.66424,53.585],[-113.66411,53.58501],[-113.66409,53.58465],[-113.66416,53.57833],[-113.66416,53.57778],[-113.66428,53.57778],[-113.66514,53.57778],[-113.66733,53.57654],[-113.66733,53.57597],[-113.66834,53.57597],[-113.66917,53.5755],[-113.67182,53.57497],[-113.67182,53.57404],[-113.67182,53.57336],[-113.68905,53.57005],[-113.68906,53.57943],[-113.68909,53.58218]]]]}},{"type":"Feature","properties":{"name":"TRUMPETER AREA"},"geometry":{"type":"MultiPolygon","coordinates":[[[[-113.67474,53.59756],[-113.67457,53.59763],[-113.67445,53.59768],[-113.67433,53.59772],[-113.67426,53.59775],[-113.67412,53.5978],[-113.6741,53.59781],[-113.67409,53.59782],[-113.67406,53.59783],[-113.67405,53.59783],[-113.67404,53.59784],[-113.67403,53.59785],[-113.67402,53.59785],[-113.67401,53.59786],[-113.674,53.59787],[-113.67398,53.59789],[-113.67396,53.59791],[-113.67393,53.59794],[-113.6739,53.59796],[-113.67388,53.59798],[-113.67385,53.598],[-113.67381,53.59803],[-113.67374,53.59809],[-113.67367,53.59814],[-113.67363,53.59817],[-113.67361,53.59819],[-113.67358,53.59821],[-113.67355,53.59823],[-113.67353,53.59825],[-113.6735,53.59826],[-113.67348,53.59828],[-113.67345,53.5983],[-113.67342,53.59831],[-113.67338,53.59834],[-113.67333,53.59837],[-113.67329,53.59839],[-113.67325,53.59842],[-113.6732,53.59844],[-113.67316,53.59847],[-113.67311,53.59849],[-113.67305,53.59853],[-113.67298,53.59856],[-113.67291,53.5986],[-113.67286,53.59863],[-113.67283,53.59864],[-113.6728,53.59866],[-113.67278,53.59867],[-113.67275,53.59869],[-113.6727,53.59871],[-113.67268,53.59872],[-113.67266,53.59873],[-113.67264,53.59874],[-113.67262,53.59875],[-113.6726,53.59876],[-113.67258,53.59877],[-113.67256,53.59878],[-113.67254,53.5988],[-113.67252,53.59881],[-113.6725,53.59883],[-113.67246,53.59886],[-113.67243,53.59889],[-113.6724,53.59891],[-113.67237,53.59893],[-113.67234,53.59895],[-113.67231,53.59898],[-113.67226,53.59901],[-113.67221,53.59904],[-113.67212,53.59909],[-113.67209,53.59912],[-113.67206,53.59914],[-113.67203,53.59916],[-113.672,53.59918],[-113.67199,53.59919],[-113.67191,53.59924],[-113.67188,53.59927],[-113.67182,53.59931],[-113.67179,53.59933],[-113.67178,53.59934],[-113.67176,53.59935],[-113.67171,53.59939],[-113.67167,53.59942],[-113.67166,53.5996],[-113.664,53.59962],[-113.664,53.59954],[-113.66407,53.58745],[-113.6641,53.58659],[-113.66411,53.58501],[-113.66424,53.585],[-113.67762,53.58495],[-113.67761,53.58495],[-113.67833,53.58494],[-113.68286,53.58492],[-113.68285,53.58221],[-113.68893,53.58218],[-113.68909,53.58218],[-113.68916,53.59112],[-113.68916,53.59211],[-113.68916,53.59352],[-113.68912,53.59354],[-113.68901,53.59358],[-113.68891,53.59361],[-113.6887,53.59369],[-113.68849,53.59377],[-113.68832,53.59383],[-113.68816,53.59389],[-113.6881,53.59392],[-113.68804,53.59394],[-113.68795,53.59398],[-113.68781,53.59404],[-113.68774,53.59407],[-113.68767,53.5941],[-113.68763,53.59411],[-113.68757,53.59414],[-113.68741,53.59419],[-113.68736,53.59421],[-113.68734,53.59422],[-113.6873,53.59424],[-113.68725,53.59426],[-113.68722,53.59427],[-113.68719,53.59428],[-113.68715,53.5943],[-113.68712,53.5943],[-113.68703,53.59433],[-113.68694,53.59435],[-113.68692,53.59435],[-113.6869,53.59436],[-113.68689,53.59436],[-113.68687,53.59438],[-113.68686,53.59438],[-113.68685,53.59438],[-113.68679,53.59439],[-113.68677,53.5944],[-113.68665,53.59441],[-113.68662,53.59442],[-113.68659,53.59443],[-113.68651,53.59445],[-113.68644,53.59448],[-113.68639,53.59449],[-113.68623,53.59454],[-113.68619,53.59455],[-113.68612,53.59457],[-113.68609,53.59457],[-113.68606,53.59458],[-113.68604,53.59459],[-113.68602,53.5946],[-113.68599,53.59462],[-113.68596,53.59463],[-113.68593,53.59464],[-113.68589,53.59466],[-113.68575,53.59473],[-113.68561,53.59481],[-113.68556,53.59484],[-113.68552,53.59485],[-113.68549,53.59487],[-113.68547,53.59488],[-113.68543,53.59489],[-113.6854,53.5949],[-113.68537,53.59491],[-113.68534,53.59492],[-113.68532,53.59493],[-113.68527,53.59494],[-113.68524,53.59494],[-113.68519,53.59495],[-113.68514,53.59496],[-113.68511,53.59497],[-113.68505,53.59498],[-113.68497,53.59499],[-113.68493,53.595],[-113.68488,53.595],[-113.68486,53.59501],[-113.68485,53.59501],[-113.68483,53.59501],[-113.68481,53.59502],[-113.6848,53.59502],[-113.68479,53.59503],[-113.68477,53.59503],[-113.68475,53.59504],[-113.68473,53.59505],[-113.68471,53.59507],[-113.68469,53.59508],[-113.6846,53.59515],[-113.68455,53.59518],[-113.68454,53.59519],[-113.68449,53.59522],[-113.68448,53.59522],[-113.68447,53.59523],[-113.68447,53.59524],[-113.68446,53.59525],[-113.68446,53.59526],[-113.68445,53.59527],[-113.68445,53.59527],[-113.68444,53.59528],[-113.68443,53.59529],[-113.68442,53.5953],[-113.6844,53.5953],[-113.68439,53.59531],[-113.68438,53.59532],[-113.68436,53.59533],[-113.68435,53.59533],[-113.68433,53.59534],[-113.68432,53.59534],[-113.68431,53.59534],[-113.6843,53.59534],[-113.68421,53.59536],[-113.68406,53.59538],[-113.68404,53.59538],[-113.68401,53.59539],[-113.684,53.59539],[-113.68399,53.59539],[-113.68398,53.5954],[-113.68395,53.59541],[-113.68393,53.59542],[-113.6839,53.59544],[-113.68388,53.59545],[-113.68387,53.59545],[-113.68386,53.59546],[-113.68385,53.59546],[-113.68384,53.59546],[-113.68383,53.59546],[-113.68382,53.59546],[-113.6838,53.59546],[-113.68377,53.59546],[-113.68373,53.59545],[-113.68367,53.59545],[-113.68365,53.59544],[-113.68362,53.59544],[-113.68358,53.59544],[-113.68354,53.59544],[-113.68352,53.59544],[-113.6835,53.59543],[-113.68348,53.59544],[-113.68345,53.59544],[-113.68343,53.59544],[-113.68342,53.59544],[-113.68341,53.59544],[-113.6834,53.59545],[-113.68338,53.59545],[-113.68337,53.59546],[-113.68336,53.59547],[-113.68335,53.59547],[-113.68333,53.59548],[-113.68332,53.59549],[-113.68331,53.5955],[-113.6833,53.59551],[-113.68329,53.59552],[-113.68328,53.59554],[-113.68327,53.59555],[-113.68326,53.59557],[-113.68325,53.59558],[-113.68325,53.59559],[-113.68325,53.59561],[-113.68324,53.59563],[-113.68324,53.59564],[-113.68322,53.5957],[-113.68322,53.59572],[-113.68321,53.59573],[-113.68321,53.59574],[-113.6832,53.59574],[-113.6832,53.59576],[-113.68319,53.59577],[-113.68318,53.59578],[-113.68317,53.59579],[-113.68316,53.59579],[-113.68315,53.5958],[-113.68314,53.5958],[-113.68314,53.59581],[-113.68312,53.59581],[-113.68311,53.59582],[-113.6831,53.59582],[-113.68308,53.59583],[-113.68302,53.59583],[-113.683,53.59584],[-113.68298,53.59584],[-113.68297,53.59584],[-113.68296,53.59584],[-113.68293,53.59585],[-113.68291,53.59585],[-113.68289,53.59586],[-113.68288,53.59587],[-113.68286,53.59587],[-113.68284,53.59588],[-113.68283,53.59589],[-113.68281,53.59591],[-113.68279,53.59592],[-113.68278,53.59593],[-113.68278,53.59593],[-113.68277,53.59594],[-113.68276,53.59595],[-113.68276,53.59596],[-113.68275,53.59597],[-113.68274,53.59598],[-113.68273,53.59598],[-113.68272,53.59599],[-113.68271,53.59599],[-113.6827,53.596],[-113.68268,53.59601],[-113.68267,53.59601],[-113.68265,53.59601],[-113.68264,53.59602],[-113.68263,53.59602],[-113.68261,53.59602],[-113.6826,53.59602],[-113.68258,53.59602],[-113.68256,53.59602],[-113.68254,53.59602],[-113.68253,53.59602],[-113.68252,53.59602],[-113.68252,53.59602],[-113.68251,53.59602],[-113.6825,53.59601],[-113.68249,53.59601],[-113.68248,53.596],[-113.68248,53.59599],[-113.68247,53.59599],[-113.68246,53.59597],[-113.68246,53.59597],[-113.68245,53.59596],[-113.6824,53.59592],[-113.68239,53.59591],[-113.68237,53.5959],[-113.68236,53.59589],[-113.68236,53.59588],[-113.68234,53.59587],[-113.68233,53.59587],[-113.68233,53.59586],[-113.68232,53.59586],[-113.68231,53.59586],[-113.6823,53.59585],[-113.68229,53.59585],[-113.68228,53.59585],[-113.68227,53.59585],[-113.68222,53.59585],[-113.68221,53.59585],[-113.6822,53.59585],[-113.68219,53.59586],[-113.68218,53.59586],[-113.68218,53.59586],[-113.68216,53.59587],[-113.68216,53.59587],[-113.68215,53.59587],[-113.68214,53.59588],[-113.68213,53.59589],[-113.68213,53.59589],[-113.68212,53.5959],[-113.68212,53.59591],[-113.68212,53.59592],[-113.68211,53.59593],[-113.68211,53.59594],[-113.68211,53.59595],[-113.68211,53.59595],[-113.68211,53.59596],[-113.68212,53.59597],[-113.68212,53.59598],[-113.68213,53.59599],[-113.68213,53.596],[-113.68214,53.59601],[-113.68215,53.59602],[-113.68216,53.59603],[-113.68218,53.59604],[-113.68219,53.59604],[-113.6822,53.59605],[-113.68221,53.59606],[-113.68223,53.59608],[-113.68224,53.59609],[-113.68225,53.59611],[-113.68226,53.59612],[-113.68227,53.59614],[-113.68227,53.59615],[-113.68228,53.59616],[-113.68228,53.59617],[-113.68228,53.59618],[-113.68229,53.59619],[-113.68229,53.59621],[-113.68229,53.59622],[-113.68229,53.59623],[-113.68228,53.59624],[-113.68228,53.59625],[-113.68228,53.59626],[-113.68227,53.59627],[-113.68226,53.59628],[-113.68226,53.59629],[-113.68224,53.59629],[-113.68223,53.5963],[-113.68222,53.59631],[-113.6822,53.59632],[-113.68218,53.59633],[-113.68215,53.59635],[-113.68213,53.59636],[-113.6821,53.59638],[-113.68208,53.59639],[-113.68206,53.5964],[-113.68205,53.5964],[-113.68204,53.5964],[-113.68203,53.59641],[-113.682,53.59641],[-113.68194,53.59643],[-113.68192,53.59643],[-113.68191,53.59643],[-113.68191,53.59643],[-113.6819,53.59643],[-113.68189,53.59643],[-113.68188,53.59643],[-113.68185,53.59642],[-113.68184,53.59642],[-113.68183,53.59642],[-113.6818,53.59642],[-113.68176,53.59642],[-113.68172,53.59642],[-113.6817,53.59642],[-113.68168,53.59643],[-113.68166,53.59643],[-113.68164,53.59643],[-113.68163,53.59644],[-113.68162,53.59644],[-113.68162,53.59644],[-113.68161,53.59644],[-113.68161,53.59644],[-113.6816,53.59645],[-113.68158,53.59645],[-113.68155,53.59646],[-113.68154,53.59647],[-113.68153,53.59647],[-113.68151,53.59648],[-113.6815,53.59649],[-113.68148,53.5965],[-113.68147,53.59651],[-113.68146,53.59652],[-113.68145,53.59653],[-113.68145,53.59655],[-113.68143,53.59657],[-113.68143,53.59658],[-113.68142,53.59659],[-113.68142,53.59659],[-113.68141,53.5966],[-113.68139,53.59662],[-113.68137,53.59663],[-113.68135,53.59664],[-113.6813,53.59667],[-113.68129,53.59668],[-113.68127,53.59669],[-113.68127,53.59669],[-113.68125,53.5967],[-113.68124,53.5967],[-113.68123,53.5967],[-113.68123,53.5967],[-113.68121,53.59671],[-113.6812,53.59671],[-113.68119,53.59671],[-113.68117,53.59671],[-113.68114,53.5967],[-113.68109,53.5967],[-113.68108,53.5967],[-113.68106,53.59669],[-113.68104,53.59669],[-113.68103,53.59669],[-113.68102,53.59669],[-113.68102,53.59668],[-113.68101,53.59668],[-113.68099,53.59666],[-113.68099,53.59665],[-113.68098,53.59665],[-113.68097,53.59665],[-113.68097,53.59664],[-113.68095,53.59664],[-113.68093,53.59664],[-113.68092,53.59663],[-113.68091,53.59663],[-113.68088,53.59663],[-113.68087,53.59663],[-113.68085,53.59663],[-113.68084,53.59663],[-113.68082,53.59663],[-113.68081,53.59663],[-113.6808,53.59664],[-113.68077,53.59664],[-113.68076,53.59665],[-113.68075,53.59665],[-113.68073,53.59665],[-113.68072,53.59665],[-113.68071,53.59665],[-113.6807,53.59665],[-113.68069,53.59665],[-113.68068,53.59665],[-113.68068,53.59665],[-113.68067,53.59665],[-113.68066,53.59664],[-113.68065,53.59664],[-113.68064,53.59663],[-113.68064,53.59663],[-113.68064,53.59663],[-113.68064,53.59662],[-113.68063,53.59662],[-113.68064,53.59662],[-113.68064,53.59661],[-113.68064,53.5966],[-113.68065,53.59659],[-113.68067,53.59657],[-113.68069,53.59654],[-113.6807,53.59653],[-113.68071,53.59652],[-113.68071,53.59651],[-113.68071,53.59651],[-113.68071,53.5965],[-113.68071,53.59649],[-113.68071,53.59648],[-113.68071,53.59648],[-113.68071,53.59647],[-113.6807,53.59647],[-113.6807,53.59646],[-113.6807,53.59646],[-113.68069,53.59646],[-113.68068,53.59645],[-113.68067,53.59645],[-113.68066,53.59644],[-113.68062,53.59643],[-113.6806,53.59643],[-113.68059,53.59642],[-113.68058,53.59642],[-113.68057,53.59642],[-113.68056,53.59642],[-113.68055,53.59642],[-113.68055,53.59642],[-113.68054,53.59643],[-113.68053,53.59643],[-113.68052,53.59643],[-113.68051,53.59644],[-113.6805,53.59645],[-113.68049,53.59645],[-113.68036,53.59649],[-113.68033,53.5965],[-113.68032,53.5965],[-113.68031,53.5965],[-113.6803,53.5965],[-113.6803,53.59651],[-113.68029,53.59651],[-113.68028,53.59652],[-113.68027,53.59652],[-113.68027,53.59653],[-113.68027,53.59653],[-113.68027,53.59654],[-113.68027,53.59654],[-113.68027,53.59655],[-113.68027,53.59655],[-113.68027,53.59656],[-113.68028,53.59657],[-113.68029,53.59657],[-113.6803,53.59658],[-113.68031,53.59659],[-113.68031,53.5966],[-113.68032,53.5966],[-113.68033,53.59661],[-113.68034,53.59663],[-113.68035,53.59664],[-113.68035,53.59665],[-113.68036,53.59666],[-113.68036,53.59667],[-113.68036,53.59668],[-113.68036,53.59669],[-113.68036,53.59669],[-113.68036,53.5967],[-113.68036,53.5967],[-113.68035,53.59671],[-113.68034,53.59672],[-113.68032,53.59673],[-113.68032,53.59673],[-113.68031,53.59673],[-113.68029,53.59674],[-113.68028,53.59674],[-113.68028,53.59674],[-113.68028,53.59675],[-113.68027,53.59675],[-113.68027,53.59676],[-113.68027,53.59676],[-113.68027,53.59677],[-113.68027,53.59678],[-113.68027,53.59679],[-113.68027,53.59681],[-113.68028,53.59683],[-113.68029,53.59684],[-113.68029,53.59685],[-113.68029,53.59686],[-113.68029,53.59687],[-113.68028,53.59691],[-113.68028,53.59692],[-113.68027,53.59692],[-113.68027,53.59693],[-113.68026,53.59693],[-113.68026,53.59694],[-113.68025,53.59694],[-113.6802,53.59697],[-113.68018,53.59698],[-113.68016,53.59698],[-113.68014,53.597],[-113.68011,53.597],[-113.68011,53.59701],[-113.68009,53.59701],[-113.68008,53.59701],[-113.68007,53.59701],[-113.68006,53.59701],[-113.68005,53.59701],[-113.68004,53.59701],[-113.68003,53.59701],[-113.68001,53.597],[-113.68,53.597],[-113.67999,53.59699],[-113.67998,53.59699],[-113.67996,53.59698],[-113.67995,53.59697],[-113.67994,53.59696],[-113.67993,53.59695],[-113.67992,53.59693],[-113.67991,53.59692],[-113.67991,53.59692],[-113.6799,53.59691],[-113.67989,53.59691],[-113.67988,53.5969],[-113.67986,53.59689],[-113.67985,53.59689],[-113.67983,53.59688],[-113.67981,53.59687],[-113.67979,53.59687],[-113.67978,53.59687],[-113.67977,53.59687],[-113.67975,53.59686],[-113.67974,53.59686],[-113.67973,53.59686],[-113.67972,53.59686],[-113.67971,53.59687],[-113.6797,53.59687],[-113.67969,53.59687],[-113.67968,53.59688],[-113.67965,53.59689],[-113.67964,53.5969],[-113.6796,53.59692],[-113.67957,53.59693],[-113.67955,53.59694],[-113.67954,53.59694],[-113.67954,53.59694],[-113.67952,53.59695],[-113.67951,53.59695],[-113.67949,53.59695],[-113.67948,53.59695],[-113.67947,53.59695],[-113.67946,53.59695],[-113.67944,53.59695],[-113.67944,53.59694],[-113.67942,53.59694],[-113.67941,53.59694],[-113.6794,53.59693],[-113.67939,53.59693],[-113.67938,53.59692],[-113.67937,53.59692],[-113.67936,53.59691],[-113.67935,53.5969],[-113.67935,53.5969],[-113.67934,53.5969],[-113.67934,53.59689],[-113.67934,53.59688],[-113.67934,53.59688],[-113.67935,53.59686],[-113.67935,53.59685],[-113.67935,53.59683],[-113.67936,53.5968],[-113.67936,53.59678],[-113.67936,53.59678],[-113.67937,53.59677],[-113.67937,53.59676],[-113.67938,53.59676],[-113.67938,53.59675],[-113.67939,53.59674],[-113.67941,53.59673],[-113.67945,53.59671],[-113.67946,53.5967],[-113.67949,53.59669],[-113.67951,53.59668],[-113.67952,53.59668],[-113.67953,53.59668],[-113.67956,53.59667],[-113.67957,53.59667],[-113.67958,53.59667],[-113.67959,53.59667],[-113.67961,53.59666],[-113.67961,53.59666],[-113.67962,53.59666],[-113.67964,53.59665],[-113.67965,53.59664],[-113.67966,53.59663],[-113.67967,53.59663],[-113.67967,53.59663],[-113.67967,53.59662],[-113.67967,53.59661],[-113.67967,53.59661],[-113.67967,53.5966],[-113.67967,53.59659],[-113.67966,53.59659],[-113.67966,53.59658],[-113.67964,53.59656],[-113.67964,53.59655],[-113.67963,53.59655],[-113.67962,53.59654],[-113.67961,53.59653],[-113.67958,53.59652],[-113.67957,53.59651],[-113.67956,53.59651],[-113.67955,53.5965],[-113.67954,53.59649],[-113.67953,53.59648],[-113.67952,53.59648],[-113.67952,53.59647],[-113.67952,53.59647],[-113.67952,53.59646],[-113.67951,53.59645],[-113.67951,53.59644],[-113.67952,53.59643],[-113.67952,53.59642],[-113.67952,53.59641],[-113.67953,53.59638],[-113.67954,53.59637],[-113.67954,53.59637],[-113.67954,53.59636],[-113.67954,53.59635],[-113.67953,53.59635],[-113.67953,53.59634],[-113.67952,53.59634],[-113.67952,53.59633],[-113.67951,53.59633],[-113.6795,53.59632],[-113.67949,53.59632],[-113.67949,53.59631],[-113.67948,53.59631],[-113.67948,53.59631],[-113.67947,53.59631],[-113.67945,53.59632],[-113.67944,53.59632],[-113.67943,53.59633],[-113.67941,53.59633],[-113.67939,53.59634],[-113.67939,53.59634],[-113.67937,53.59635],[-113.67936,53.59636],[-113.67935,53.59637],[-113.67934,53.59638],[-113.67934,53.59638],[-113.67934,53.59639],[-113.67934,53.59639],[-113.67934,53.59641],[-113.67934,53.59641],[-113.67934,53.59641],[-113.67934,53.59642],[-113.67933,53.59642],[-113.67932,53.59643],[-113.67931,53.59644],[-113.6793,53.59644],[-113.67929,53.59645],[-113.67927,53.59645],[-113.67925,53.59646],[-113.67924,53.59646],[-113.67922,53.59646],[-113.67921,53.59646],[-113.67919,53.59646],[-113.67917,53.59646],[-113.67916,53.59646],[-113.67915,53.59646],[-113.6791,53.59647],[-113.67907,53.59648],[-113.67905,53.59648],[-113.67903,53.59648],[-113.67901,53.59649],[-113.67898,53.5965],[-113.67897,53.5965],[-113.67895,53.59651],[-113.67889,53.59652],[-113.67884,53.59653],[-113.67882,53.59653],[-113.67881,53.59653],[-113.6788,53.59654],[-113.67879,53.59654],[-113.67879,53.59654],[-113.67878,53.59654],[-113.67878,53.59655],[-113.67877,53.59655],[-113.67877,53.59656],[-113.67877,53.59657],[-113.67877,53.59658],[-113.67877,53.59659],[-113.67877,53.5966],[-113.67874,53.59666],[-113.67874,53.59668],[-113.67874,53.59668],[-113.67873,53.59669],[-113.67873,53.5967],[-113.67872,53.5967],[-113.67871,53.59671],[-113.67869,53.59672],[-113.67868,53.59673],[-113.67867,53.59673],[-113.67866,53.59674],[-113.67864,53.59674],[-113.67864,53.59674],[-113.67862,53.59674],[-113.67861,53.59675],[-113.6786,53.59675],[-113.67859,53.59675],[-113.67857,53.59674],[-113.67854,53.59674],[-113.67853,53.59674],[-113.67851,53.59674],[-113.67849,53.59674],[-113.67848,53.59674],[-113.67847,53.59674],[-113.67846,53.59674],[-113.67845,53.59674],[-113.67844,53.59674],[-113.67843,53.59675],[-113.67842,53.59675],[-113.67842,53.59675],[-113.6784,53.59676],[-113.6784,53.59677],[-113.67839,53.59677],[-113.67839,53.59678],[-113.67838,53.59679],[-113.67838,53.59679],[-113.67838,53.59679],[-113.67838,53.5968],[-113.67838,53.59681],[-113.67839,53.59682],[-113.67839,53.59682],[-113.67839,53.59683],[-113.67839,53.59683],[-113.67839,53.59685],[-113.67838,53.59686],[-113.67838,53.59687],[-113.67837,53.59687],[-113.67836,53.59688],[-113.67835,53.59689],[-113.67834,53.5969],[-113.67833,53.59691],[-113.67833,53.59692],[-113.67831,53.59693],[-113.6783,53.59693],[-113.67829,53.59694],[-113.67827,53.59695],[-113.67825,53.59695],[-113.67824,53.59696],[-113.67822,53.59696],[-113.67819,53.59697],[-113.67809,53.59699],[-113.67806,53.597],[-113.67804,53.597],[-113.67803,53.597],[-113.67802,53.597],[-113.678,53.597],[-113.67798,53.597],[-113.67798,53.597],[-113.67796,53.597],[-113.67793,53.59699],[-113.67784,53.59698],[-113.6778,53.59697],[-113.67776,53.59696],[-113.67775,53.59696],[-113.67775,53.59696],[-113.67774,53.59696],[-113.67773,53.59696],[-113.6777,53.59697],[-113.6777,53.59697],[-113.67769,53.59698],[-113.67768,53.59698],[-113.67767,53.59699],[-113.67767,53.59699],[-113.67766,53.597],[-113.67766,53.597],[-113.67765,53.597],[-113.67764,53.597],[-113.67763,53.597],[-113.67762,53.597],[-113.6776,53.597],[-113.6776,53.597],[-113.67758,53.597],[-113.67757,53.59699],[-113.67757,53.59699],[-113.67757,53.59699],[-113.67757,53.59699],[-113.67757,53.59698],[-113.67757,53.59698],[-113.67758,53.59696],[-113.67758,53.59695],[-113.67758,53.59695],[-113.67758,53.59695],[-113.67758,53.59694],[-113.67757,53.59694],[-113.67757,53.59694],[-113.67756,53.59694],[-113.67755,53.59693],[-113.67754,53.59693],[-113.67753,53.59693],[-113.67752,53.59693],[-113.67752,53.59693],[-113.67751,53.59693],[-113.67751,53.59694],[-113.6775,53.59694],[-113.67749,53.59695],[-113.67747,53.59697],[-113.67746,53.59698],[-113.67745,53.59698],[-113.67741,53.597],[-113.6774,53.59701],[-113.67739,53.59702],[-113.67738,53.59702],[-113.67737,53.59702],[-113.67736,53.59703],[-113.67735,53.59703],[-113.67734,53.59703],[-113.67732,53.59703],[-113.6773,53.59703],[-113.67728,53.59703],[-113.67727,53.59703],[-113.67725,53.59703],[-113.67724,53.59702],[-113.67721,53.59702],[-113.67719,53.59702],[-113.67718,53.59701],[-113.67715,53.59701],[-113.67712,53.59701],[-113.6771,53.59701],[-113.67709,53.59701],[-113.67707,53.59701],[-113.67705,53.59702],[-113.67704,53.59702],[-113.67702,53.59702],[-113.677,53.59703],[-113.67689,53.59704],[-113.67683,53.59705],[-113.67672,53.59706],[-113.67667,53.59707],[-113.67663,53.59708],[-113.67658,53.59708],[-113.67634,53.59713],[-113.67633,53.59713],[-113.67632,53.59714],[-113.6763,53.59714],[-113.67628,53.59714],[-113.67622,53.59713],[-113.67621,53.59713],[-113.67619,53.59713],[-113.67618,53.59713],[-113.67616,53.59714],[-113.67615,53.59714],[-113.67615,53.59714],[-113.67614,53.59714],[-113.67614,53.59715],[-113.67613,53.59715],[-113.67611,53.59717],[-113.6761,53.59718],[-113.67609,53.59718],[-113.67608,53.59719],[-113.67608,53.59719],[-113.67608,53.59719],[-113.67602,53.5972],[-113.67596,53.59721],[-113.67591,53.59722],[-113.67584,53.59723],[-113.67581,53.59723],[-113.67577,53.59724],[-113.67574,53.59724],[-113.67572,53.59725],[-113.67569,53.59726],[-113.67566,53.59727],[-113.67545,53.59734],[-113.6753,53.59739],[-113.67474,53.59756]]]]}},{"type":"Feature","properties":{"name":"ANTHONY HENDAY CLAREVIEW"},"geometry":{"type":"MultiPolygon","coordinates":[[[[-113.35812,53.61327],[-113.35817,53.61338],[-113.35823,53.61349],[-113.3583,53.6136],[-113.35838,53.6137],[-113.35846,53.61381],[-113.35856,53.61391],[-113.35887,53.61418],[-113.35899,53.61426],[-113.3591,53.61434],[-113.35923,53.61441],[-113.35936,53.61448],[-113.35949,53.61455],[-113.35963,53.61461],[-113.3612,53.61529],[-113.36147,53.61539],[-113.36175,53.61549],[-113.36205,53.61557],[-113.36235,53.61563],[-113.36267,53.61568],[-113.36298,53.61571],[-113.36586,53.61594],[-113.36794,53.61611],[-113.36793,53.61724],[-113.36616,53.6176],[-113.36594,53.61765],[-113.36573,53.61771],[-113.36554,53.61779],[-113.36536,53.61787],[-113.36519,53.61797],[-113.36504,53.61807],[-113.36491,53.61818],[-113.3648,53.61829],[-113.36471,53.61841],[-113.36463,53.61853],[-113.36458,53.61866],[-113.36454,53.61879],[-113.36452,53.61892],[-113.36453,53.61905],[-113.36455,53.61918],[-113.36459,53.6193],[-113.36466,53.61943],[-113.36474,53.61955],[-113.36484,53.61967],[-113.36495,53.61978],[-113.36509,53.61988],[-113.36523,53.61998],[-113.36654,53.62075],[-113.36654,53.6211],[-113.36692,53.62131],[-113.36748,53.62131],[-113.36815,53.6217],[-113.37377,53.62469],[-113.37692,53.62273],[-113.37675,53.62131],[-113.37919,53.62131],[-113.37954,53.62131],[-113.37995,53.62131],[-113.37663,53.62338],[-113.37405,53.62499],[-113.36909,53.62807],[-113.36893,53.62817],[-113.36894,53.62723],[-113.36879,53.62715],[-113.3613,53.62256],[-113.35772,53.62129],[-113.35666,53.62129],[-113.35666,53.62092],[-113.35297,53.61961],[-113.35269,53.61889],[-113.35265,53.61887],[-113.35058,53.61901],[-113.35059,53.61714],[-113.35189,53.61679],[-113.3496,53.61079],[-113.34936,53.61016],[-113.34921,53.61018],[-113.34882,53.60913],[-113.34847,53.60807],[-113.35012,53.60819],[-113.35162,53.60826],[-113.35276,53.6083],[-113.35389,53.60831],[-113.35518,53.60823],[-113.35599,53.60817],[-113.35642,53.60914],[-113.3565,53.60931],[-113.35743,53.61158],[-113.3577,53.61224],[-113.35812,53.61327]]]]}},{"type":"Feature","properties":{"name":"HAYS RIDGE AREA"},"geometry":{"type":"MultiPolygon","coordinates":[[[[-113.57392,53.42477],[-113.57391,53.4249],[-113.5654,53.42491],[-113.56541,53.42218],[-113.56539,53.41043],[-113.56553,53.41043],[-113.57769,53.41039],[-113.59017,53.41035],[-113.59589,53.41034],[-113.59589,53.41036],[-113.59588,53.41038],[-113.59588,53.41039],[-113.59588,53.4104],[-113.59589,53.41042],[-113.59589,53.41043],[-113.59589,53.41044],[-113.59589,53.41046],[-113.59588,53.41047],[-113.59587,53.4105],[-113.59587,53.41052],[-113.59587,53.41053],[-113.59587,53.41054],[-113.59587,53.41055],[-113.59588,53.41056],[-113.59588,53.41058],[-113.59589,53.4106],[-113.5959,53.41061],[-113.5959,53.41062],[-113.59591,53.41063],[-113.59592,53.41065],[-113.59593,53.41066],[-113.59593,53.41067],[-113.59593,53.41068],[-113.59593,53.4107],[-113.59593,53.4107],[-113.59592,53.41071],[-113.59592,53.41072],[-113.5959,53.41076],[-113.59588,53.41079],[-113.59588,53.4108],[-113.59586,53.41085],[-113.59585,53.41087],[-113.59584,53.41089],[-113.59583,53.41091],[-113.59582,53.41093],[-113.59581,53.41094],[-113.59581,53.41095],[-113.5958,53.41096],[-113.5958,53.41098],[-113.59579,53.41099],[-113.59579,53.411],[-113.59579,53.41101],[-113.59579,53.41102],[-113.59579,53.41103],[-113.59579,53.41103],[-113.5958,53.41106],[-113.59581,53.4111],[-113.59581,53.4111],[-113.59582,53.41111],[-113.59583,53.41112],[-113.59584,53.41114],[-113.59585,53.41116],[-113.59586,53.41117],[-113.59587,53.41119],[-113.59588,53.4112],[-113.59588,53.41121],[-113.59589,53.41122],[-113.5959,53.41124],[-113.59591,53.41125],[-113.59592,53.41126],[-113.59593,53.41128],[-113.59594,53.41129],[-113.59595,53.4113],[-113.59596,53.41132],[-113.59597,53.41133],[-113.59598,53.41134],[-113.596,53.41135],[-113.59603,53.41139],[-113.59604,53.4114],[-113.59605,53.4114],[-113.59606,53.41141],[-113.59606,53.41142],[-113.59607,53.41144],[-113.59608,53.41146],[-113.59609,53.41147],[-113.59609,53.41148],[-113.59609,53.41149],[-113.59609,53.4115],[-113.59609,53.41151],[-113.59609,53.41152],[-113.59608,53.41154],[-113.59607,53.41155],[-113.59606,53.41156],[-113.59606,53.41156],[-113.59605,53.41157],[-113.59603,53.41158],[-113.59601,53.4116],[-113.59599,53.41162],[-113.59597,53.41163],[-113.59596,53.41164],[-113.59594,53.41165],[-113.59593,53.41166],[-113.59592,53.41166],[-113.59591,53.41166],[-113.5959,53.41167],[-113.59588,53.41167],[-113.59587,53.41167],[-113.59586,53.41167],[-113.59584,53.41167],[-113.59582,53.41167],[-113.59579,53.41167],[-113.59576,53.41167],[-113.59573,53.41167],[-113.5957,53.41167],[-113.59569,53.41167],[-113.59566,53.41167],[-113.59564,53.41167],[-113.59561,53.41168],[-113.59559,53.41168],[-113.59555,53.41169],[-113.59551,53.4117],[-113.59548,53.41171],[-113.59543,53.41172],[-113.59538,53.41174],[-113.59535,53.41175],[-113.59526,53.41177],[-113.5952,53.41179],[-113.59514,53.4118],[-113.59512,53.41181],[-113.5951,53.41181],[-113.59506,53.41181],[-113.59504,53.41182],[-113.59503,53.41182],[-113.59501,53.41182],[-113.595,53.41183],[-113.59499,53.41183],[-113.59497,53.41184],[-113.59496,53.41184],[-113.59485,53.41187],[-113.59478,53.41189],[-113.59476,53.4119],[-113.5947,53.41191],[-113.59468,53.41192],[-113.59466,53.41192],[-113.59464,53.41193],[-113.5946,53.41193],[-113.5945,53.41194],[-113.59446,53.41194],[-113.59426,53.41198],[-113.59418,53.41199],[-113.59417,53.41199],[-113.59416,53.41199],[-113.59414,53.41199],[-113.59412,53.41199],[-113.59411,53.41199],[-113.59408,53.41199],[-113.59399,53.41198],[-113.59393,53.41198],[-113.59386,53.41198],[-113.59384,53.41198],[-113.59382,53.41198],[-113.59377,53.41198],[-113.59374,53.41198],[-113.59372,53.41198],[-113.59371,53.41197],[-113.59369,53.41197],[-113.59366,53.41197],[-113.59363,53.41196],[-113.59344,53.41272],[-113.59323,53.41357],[-113.59157,53.41415],[-113.59017,53.41416],[-113.59001,53.41416],[-113.59,53.41758],[-113.58999,53.41801],[-113.58987,53.41801],[-113.58979,53.41801],[-113.58945,53.41806],[-113.58905,53.41815],[-113.58872,53.41832],[-113.58839,53.41889],[-113.5883,53.41911],[-113.58853,53.41963],[-113.58851,53.42007],[-113.58826,53.4205],[-113.58821,53.42075],[-113.58808,53.42105],[-113.58792,53.42114],[-113.58767,53.42119],[-113.58684,53.42119],[-113.58684,53.42146],[-113.58645,53.42204],[-113.5866,53.42229],[-113.58643,53.4223],[-113.58598,53.42218],[-113.58567,53.42219],[-113.58501,53.42227],[-113.58407,53.42242],[-113.58392,53.42255],[-113.58303,53.42247],[-113.58257,53.42255],[-113.58245,53.42258],[-113.58221,53.42231],[-113.58199,53.4222],[-113.58163,53.42216],[-113.58082,53.42233],[-113.58055,53.42234],[-113.58008,53.42235],[-113.57968,53.42239],[-113.57937,53.42254],[-113.5789,53.42257],[-113.57796,53.42274],[-113.57703,53.4227],[-113.57658,53.42276],[-113.57627,53.42286],[-113.57585,53.42325],[-113.57531,53.4237],[-113.57477,53.4239],[-113.57458,53.42426],[-113.5743,53.42451],[-113.57392,53.42475],[-113.57392,53.42477]]]]}},{"type":"Feature","properties":{"name":"HAWKS RIDGE"},"geometry":{"type":"MultiPolygon","coordinates":[[[[-113.71188,53.58478],[-113.71188,53.58412],[-113.71348,53.58411],[-113.71378,53.58411],[-113.71379,53.58476],[-113.7138,53.59255],[-113.71367,53.59257],[-113.7135,53.59258],[-113.71339,53.59259],[-113.71324,53.5926],[-113.71322,53.59261],[-113.7132,53.59261],[-113.71317,53.59261],[-113.71314,53.59261],[-113.71309,53.5926],[-113.71302,53.5926],[-113.71298,53.5926],[-113.71294,53.5926],[-113.71287,53.5926],[-113.71282,53.5926],[-113.71279,53.5926],[-113.71273,53.5926],[-113.7127,53.5926],[-113.71267,53.5926],[-113.71266,53.5926],[-113.71264,53.59261],[-113.71262,53.59261],[-113.71256,53.59262],[-113.71255,53.59263],[-113.71252,53.59263],[-113.71251,53.59263],[-113.7125,53.59263],[-113.71229,53.59265],[-113.71206,53.59267],[-113.71194,53.59269],[-113.71182,53.5927],[-113.7117,53.59271],[-113.71134,53.59275],[-113.71094,53.59279],[-113.71087,53.5928],[-113.71082,53.5928],[-113.71077,53.59281],[-113.71068,53.59281],[-113.71056,53.59282],[-113.71049,53.59282],[-113.71043,53.59283],[-113.71038,53.59283],[-113.71031,53.59284],[-113.7102,53.59285],[-113.71014,53.59285],[-113.71008,53.59286],[-113.71005,53.59286],[-113.71,53.59286],[-113.70995,53.59286],[-113.70991,53.59286],[-113.70977,53.59285],[-113.70969,53.59285],[-113.70966,53.59285],[-113.70962,53.59285],[-113.70957,53.59286],[-113.70953,53.59286],[-113.70937,53.59287],[-113.70933,53.59287],[-113.70927,53.59287],[-113.70924,53.59287],[-113.70921,53.59287],[-113.70918,53.59287],[-113.70914,53.59287],[-113.7091,53.59287],[-113.70895,53.59285],[-113.70892,53.59285],[-113.70889,53.59285],[-113.70885,53.59285],[-113.70881,53.59285],[-113.70874,53.59285],[-113.70863,53.59285],[-113.70858,53.59285],[-113.70853,53.59285],[-113.70768,53.59284],[-113.70761,53.59284],[-113.70755,53.59284],[-113.70745,53.59284],[-113.70729,53.59283],[-113.70721,53.59283],[-113.70713,53.59282],[-113.70709,53.59282],[-113.70693,53.59282],[-113.70686,53.59282],[-113.70682,53.59282],[-113.70678,53.59282],[-113.70669,53.59281],[-113.70641,53.5928],[-113.70614,53.59279],[-113.70601,53.59278],[-113.70594,53.59278],[-113.70588,53.59278],[-113.70585,53.59278],[-113.70582,53.59278],[-113.7058,53.59278],[-113.70578,53.59278],[-113.70574,53.59279],[-113.70571,53.59279],[-113.70564,53.5928],[-113.7056,53.59281],[-113.70556,53.59282],[-113.70554,53.59282],[-113.7055,53.59282],[-113.70546,53.59283],[-113.70537,53.59284],[-113.7053,53.59284],[-113.70524,53.59285],[-113.7052,53.59285],[-113.70518,53.59285],[-113.70513,53.59285],[-113.70509,53.59285],[-113.70504,53.59285],[-113.70495,53.59284],[-113.70488,53.59284],[-113.70479,53.59283],[-113.70452,53.59282],[-113.70444,53.59281],[-113.70439,53.59281],[-113.70435,53.5928],[-113.7043,53.5928],[-113.7042,53.59278],[-113.70413,53.59277],[-113.70402,53.59276],[-113.70391,53.59274],[-113.70372,53.59271],[-113.70353,53.59268],[-113.7034,53.59266],[-113.70321,53.59262],[-113.70311,53.59261],[-113.70302,53.59259],[-113.70298,53.59258],[-113.70294,53.59258],[-113.70291,53.59258],[-113.70286,53.59257],[-113.70269,53.59256],[-113.70265,53.59256],[-113.70261,53.59256],[-113.70248,53.59256],[-113.70245,53.59256],[-113.70243,53.59255],[-113.70239,53.59255],[-113.70237,53.59255],[-113.70235,53.59255],[-113.70228,53.59254],[-113.70216,53.59252],[-113.70204,53.5925],[-113.70189,53.59248],[-113.70174,53.59246],[-113.70167,53.59245],[-113.70157,53.59244],[-113.70137,53.59241],[-113.70129,53.5924],[-113.70123,53.5924],[-113.70115,53.59239],[-113.70111,53.59239],[-113.70106,53.59238],[-113.70103,53.59238],[-113.70099,53.59238],[-113.70096,53.59238],[-113.70089,53.59238],[-113.70084,53.59238],[-113.70064,53.59238],[-113.70059,53.59238],[-113.70052,53.59238],[-113.70048,53.59238],[-113.70045,53.59238],[-113.70012,53.59236],[-113.70008,53.59236],[-113.69993,53.59235],[-113.69988,53.59235],[-113.69984,53.59235],[-113.69982,53.59235],[-113.6998,53.59235],[-113.69977,53.59235],[-113.69974,53.59235],[-113.6997,53.59235],[-113.69964,53.59236],[-113.69946,53.59239],[-113.69915,53.59243],[-113.69905,53.59245],[-113.69896,53.59246],[-113.69886,53.59248],[-113.6988,53.59249],[-113.69873,53.5925],[-113.6987,53.5925],[-113.69862,53.59252],[-113.69856,53.59254],[-113.6985,53.59255],[-113.69843,53.59255],[-113.69835,53.59256],[-113.6983,53.59256],[-113.69823,53.59256],[-113.69817,53.59257],[-113.69811,53.59257],[-113.69807,53.59257],[-113.69802,53.59257],[-113.69795,53.59257],[-113.69792,53.59257],[-113.69789,53.59257],[-113.69785,53.59256],[-113.69782,53.59256],[-113.69777,53.59256],[-113.69773,53.59255],[-113.69769,53.59255],[-113.69765,53.59254],[-113.69759,53.59253],[-113.69751,53.59252],[-113.69746,53.59251],[-113.69742,53.5925],[-113.69739,53.5925],[-113.69736,53.5925],[-113.69733,53.5925],[-113.69728,53.59249],[-113.69712,53.59249],[-113.69707,53.59248],[-113.69703,53.59248],[-113.697,53.59248],[-113.69698,53.59247],[-113.69695,53.59247],[-113.69692,53.59246],[-113.69685,53.59245],[-113.6967,53.59241],[-113.69663,53.5924],[-113.69641,53.59235],[-113.69638,53.59235],[-113.69629,53.59232],[-113.69624,53.59231],[-113.69622,53.59231],[-113.69619,53.5923],[-113.69616,53.5923],[-113.69613,53.59229],[-113.6961,53.59229],[-113.69606,53.59229],[-113.69591,53.59228],[-113.69586,53.59228],[-113.69575,53.59227],[-113.6956,53.59226],[-113.69552,53.59226],[-113.69544,53.59226],[-113.69543,53.59226],[-113.69542,53.59225],[-113.6954,53.59225],[-113.69538,53.59225],[-113.69532,53.59223],[-113.69531,53.59222],[-113.6953,53.59222],[-113.69528,53.59222],[-113.69526,53.59221],[-113.69524,53.59221],[-113.69521,53.59221],[-113.69517,53.59221],[-113.69513,53.59221],[-113.695,53.59221],[-113.69496,53.59221],[-113.69494,53.59221],[-113.6949,53.59221],[-113.69486,53.59221],[-113.69483,53.59221],[-113.69477,53.5922],[-113.69469,53.59219],[-113.69465,53.59219],[-113.69461,53.59219],[-113.69453,53.59218],[-113.69446,53.59218],[-113.69442,53.59218],[-113.69438,53.59218],[-113.69436,53.59218],[-113.69432,53.59218],[-113.69428,53.59218],[-113.69419,53.59218],[-113.69413,53.59219],[-113.69404,53.5922],[-113.69394,53.59221],[-113.69371,53.59223],[-113.69358,53.59225],[-113.69348,53.59226],[-113.6932,53.59229],[-113.69303,53.59231],[-113.69286,53.59233],[-113.69274,53.59234],[-113.69264,53.59236],[-113.69257,53.59237],[-113.69252,53.59237],[-113.69248,53.59238],[-113.69237,53.5924],[-113.69232,53.59241],[-113.69227,53.59243],[-113.69223,53.59244],[-113.69216,53.59245],[-113.69211,53.59247],[-113.69204,53.59249],[-113.69196,53.59251],[-113.69153,53.59265],[-113.69142,53.59269],[-113.69124,53.59274],[-113.69115,53.59277],[-113.69106,53.59279],[-113.69104,53.5928],[-113.69103,53.59281],[-113.69101,53.59281],[-113.691,53.59282],[-113.69098,53.59283],[-113.69096,53.59284],[-113.69089,53.59289],[-113.69087,53.5929],[-113.69086,53.5929],[-113.69084,53.59291],[-113.69082,53.59292],[-113.69078,53.59294],[-113.6907,53.59297],[-113.69063,53.59299],[-113.69038,53.59307],[-113.69032,53.59309],[-113.69028,53.59311],[-113.69021,53.59313],[-113.69014,53.59316],[-113.68991,53.59325],[-113.68983,53.59328],[-113.68968,53.59334],[-113.68961,53.59337],[-113.68953,53.59339],[-113.68945,53.59342],[-113.68932,53.59347],[-113.68916,53.59352],[-113.68916,53.59112],[-113.6891,53.58339],[-113.68921,53.58339],[-113.68939,53.5834],[-113.69022,53.58343],[-113.69034,53.58347],[-113.69104,53.58356],[-113.69156,53.58356],[-113.69296,53.58398],[-113.69309,53.58404],[-113.69343,53.58405],[-113.69357,53.584],[-113.69413,53.58402],[-113.69447,53.58399],[-113.69459,53.58399],[-113.69482,53.58407],[-113.69517,53.58416],[-113.69591,53.58426],[-113.69634,53.58429],[-113.69693,53.58455],[-113.69688,53.58467],[-113.69716,53.58485],[-113.71188,53.58478]]]]}},{"type":"Feature","properties":{"name":"KINOKAMAU PLAINS AREA"},"geometry":{"type":"MultiPolygon","coordinates":[[[[-113.63987,53.585],[-113.6397,53.585],[-113.63952,53.585],[-113.63946,53.58779],[-113.6398,53.58779],[-113.64026,53.58836],[-113.63969,53.58863],[-113.63944,53.58863],[-113.63936,53.592],[-113.6392,53.592],[-113.63782,53.59336],[-113.62858,53.59865],[-113.6281,53.59859],[-113.62793,53.59857],[-113.62776,53.59854],[-113.62759,53.59852],[-113.62742,53.59849],[-113.62725,53.59846],[-113.62708,53.59844],[-113.62708,53.59836],[-113.62734,53.59836],[-113.6276,53.59834],[-113.62786,53.59831],[-113.62812,53.59827],[-113.62836,53.59821],[-113.6286,53.59814],[-113.62883,53.59806],[-113.62904,53.59797],[-113.62835,53.59788],[-113.62813,53.59786],[-113.62792,53.59783],[-113.62771,53.5978],[-113.6275,53.59776],[-113.62729,53.59772],[-113.62709,53.59769],[-113.62709,53.5974],[-113.62394,53.59793],[-113.62379,53.59787],[-113.62364,53.59782],[-113.6235,53.59777],[-113.62335,53.59771],[-113.62321,53.59765],[-113.62307,53.5976],[-113.62276,53.59747],[-113.62245,53.59733],[-113.62216,53.59719],[-113.62186,53.59704],[-113.62158,53.59689],[-113.62131,53.59673],[-113.61697,53.5942],[-113.61669,53.59404],[-113.61543,53.5933],[-113.61514,53.59313],[-113.61483,53.59295],[-113.60096,53.58485],[-113.59513,53.58144],[-113.59509,53.58143],[-113.59505,53.58141],[-113.59501,53.5814],[-113.59497,53.58139],[-113.59493,53.58137],[-113.5949,53.58136],[-113.59485,53.58134],[-113.59481,53.58133],[-113.59448,53.58123],[-113.59413,53.58115],[-113.59378,53.58108],[-113.59342,53.58103],[-113.59305,53.581],[-113.59267,53.58098],[-113.5923,53.58098],[-113.59193,53.581],[-113.59156,53.58104],[-113.5912,53.58109],[-113.5936,53.58055],[-113.59324,53.58034],[-113.59371,53.58023],[-113.59335,53.58002],[-113.5927,53.57964],[-113.59277,53.57962],[-113.59271,53.57954],[-113.59226,53.57885],[-113.60274,53.57643],[-113.6153,53.57335],[-113.6223,53.57198],[-113.62532,53.57152],[-113.62641,53.57161],[-113.62993,53.57191],[-113.63133,53.57203],[-113.63952,53.57274],[-113.64514,53.57333],[-113.64946,53.57359],[-113.65181,53.57365],[-113.65182,53.57417],[-113.65182,53.57778],[-113.65182,53.582],[-113.65106,53.582],[-113.65057,53.58252],[-113.64999,53.58304],[-113.64917,53.58378],[-113.64813,53.58458],[-113.64707,53.58528],[-113.64588,53.58597],[-113.64557,53.58614],[-113.64524,53.58629],[-113.64491,53.58644],[-113.64455,53.58657],[-113.64419,53.58669],[-113.64381,53.5868],[-113.64276,53.58708],[-113.64251,53.58703],[-113.64226,53.58696],[-113.64203,53.58687],[-113.64181,53.58678],[-113.6416,53.58667],[-113.64141,53.58656],[-113.64124,53.58643],[-113.64108,53.5863],[-113.64103,53.58625],[-113.64099,53.5862],[-113.64094,53.58615],[-113.6409,53.5861],[-113.64086,53.58605],[-113.64083,53.586],[-113.64072,53.58584],[-113.64062,53.58567],[-113.64053,53.58551],[-113.64045,53.58534],[-113.64037,53.58517],[-113.6403,53.585],[-113.63987,53.585]]]]}},{"type":"Feature","properties":{"name":"AMBLESIDE"},"geometry":{"type":"MultiPolygon","coordinates":[[[[-113.60112,53.43978],[-113.60093,53.43974],[-113.60075,53.43969],[-113.60057,53.43963],[-113.60039,53.43957],[-113.60022,53.43951],[-113.60005,53.43944],[-113.59998,53.43941],[-113.59992,53.43938],[-113.59985,53.43936],[-113.59978,53.43933],[-113.59972,53.4393],[-113.59965,53.43926],[-113.59841,53.43866],[-113.59566,53.4361],[-113.5904,53.43286],[-113.59019,53.43276],[-113.58911,53.43222],[-113.58743,53.43139],[-113.58666,53.43064],[-113.58648,53.42927],[-113.58584,53.42848],[-113.58375,53.428],[-113.58351,53.42796],[-113.58326,53.42793],[-113.58302,53.42791],[-113.58277,53.42791],[-113.58252,53.42792],[-113.58227,53.42794],[-113.58203,53.42798],[-113.5818,53.42803],[-113.5804,53.4284],[-113.58013,53.42846],[-113.57986,53.42851],[-113.57958,53.42855],[-113.57929,53.42857],[-113.57901,53.42859],[-113.57872,53.42858],[-113.57865,53.42858],[-113.57858,53.42858],[-113.57851,53.42857],[-113.57844,53.42857],[-113.57837,53.42856],[-113.5783,53.42856],[-113.57429,53.42818],[-113.56923,53.42777],[-113.56757,53.42774],[-113.56631,53.42777],[-113.56639,53.42768],[-113.56648,53.42758],[-113.56657,53.42748],[-113.56667,53.42739],[-113.56676,53.42729],[-113.56687,53.4272],[-113.56802,53.4272],[-113.56856,53.42701],[-113.56884,53.42681],[-113.56912,53.4264],[-113.5694,53.42623],[-113.56991,53.4261],[-113.57008,53.42607],[-113.57014,53.42586],[-113.57051,53.42539],[-113.56982,53.425],[-113.56982,53.42491],[-113.58998,53.4249],[-113.6012,53.42488],[-113.60265,53.42447],[-113.60352,53.42417],[-113.6045,53.42366],[-113.60525,53.42324],[-113.60705,53.4223],[-113.60726,53.42219],[-113.60796,53.42186],[-113.60901,53.42155],[-113.60994,53.42138],[-113.61097,53.42123],[-113.61464,53.42126],[-113.61464,53.42485],[-113.61467,53.42862],[-113.61472,53.43337],[-113.61415,53.4338],[-113.61374,53.43488],[-113.61321,53.43585],[-113.61238,53.43674],[-113.61126,53.43774],[-113.60645,53.43952],[-113.60634,53.43956],[-113.60623,53.4396],[-113.60612,53.43963],[-113.60601,53.43967],[-113.6059,53.4397],[-113.60579,53.43973],[-113.60525,53.43986],[-113.6047,53.43996],[-113.60413,53.44002],[-113.60355,53.44005],[-113.60297,53.44004],[-113.6024,53.44],[-113.60218,53.43998],[-113.60196,53.43995],[-113.60175,53.43991],[-113.60154,53.43988],[-113.60133,53.43983],[-113.60112,53.43978]]]]}},{"type":"Feature","properties":{"name":"ANTHONY HENDAY SOUTH"},"geometry":{"type":"MultiPolygon","coordinates":[[[[-113.51711,53.42957],[-113.51715,53.42966],[-113.5172,53.42975],[-113.51724,53.42984],[-113.51729,53.42993],[-113.51735,53.43002],[-113.5174,53.43011],[-113.51742,53.43014],[-113.51744,53.43018],[-113.51747,53.43021],[-113.51749,53.43025],[-113.51751,53.43028],[-113.51754,53.43032],[-113.5176,53.43042],[-113.51767,53.43051],[-113.51774,53.43061],[-113.51782,53.4307],[-113.5179,53.4308],[-113.51798,53.43089],[-113.51805,53.43098],[-113.51813,53.43106],[-113.51821,53.43114],[-113.51829,53.43123],[-113.51837,53.43131],[-113.51845,53.43139],[-113.51851,53.43144],[-113.51856,53.43149],[-113.51861,53.43154],[-113.51867,53.43159],[-113.51872,53.43163],[-113.51878,53.43168],[-113.51885,53.43174],[-113.51892,53.4318],[-113.51899,53.43185],[-113.51906,53.43191],[-113.51913,53.43196],[-113.5192,53.43202],[-113.51924,53.43204],[-113.51928,53.43207],[-113.52042,53.43207],[-113.5226,53.43207],[-113.52356,53.43207],[-113.52629,53.43265],[-113.52907,53.43269],[-113.53346,53.43237],[-113.53508,53.43225],[-113.53641,53.43196],[-113.53666,53.43178],[-113.53694,53.43159],[-113.53721,53.43139],[-113.53727,53.42903],[-113.53812,53.42605],[-113.53977,53.42504],[-113.54002,53.4249],[-113.54094,53.4249],[-113.56432,53.42491],[-113.56559,53.42491],[-113.56559,53.425],[-113.56563,53.43029],[-113.56563,53.43108],[-113.56563,53.43162],[-113.55993,53.43222],[-113.55549,53.43269],[-113.5496,53.43408],[-113.54935,53.43428],[-113.5489,53.43424],[-113.54628,53.43486],[-113.54241,53.43637],[-113.54126,53.43642],[-113.54009,53.43798],[-113.54005,53.43831],[-113.53964,53.43829],[-113.53937,53.43851],[-113.53939,53.43942],[-113.5387,53.43942],[-113.5387,53.43933],[-113.53868,53.43929],[-113.53867,53.43923],[-113.53865,53.43918],[-113.53865,53.43916],[-113.53863,53.43911],[-113.53862,53.43907],[-113.53862,53.43904],[-113.53861,53.439],[-113.53861,53.43898],[-113.5386,53.43893],[-113.53859,53.43888],[-113.53859,53.43884],[-113.53858,53.43879],[-113.53858,53.43877],[-113.53858,53.43873],[-113.53858,53.43868],[-113.53857,53.43864],[-113.53857,53.4386],[-113.53857,53.43856],[-113.53858,53.43852],[-113.53858,53.43848],[-113.53858,53.43845],[-113.53858,53.43842],[-113.53859,53.43838],[-113.53859,53.43833],[-113.5386,53.43831],[-113.5386,53.43828],[-113.5386,53.43825],[-113.53861,53.43823],[-113.53861,53.4382],[-113.53862,53.43818],[-113.53863,53.43813],[-113.53864,53.43808],[-113.53865,53.43804],[-113.53866,53.43799],[-113.53867,53.43795],[-113.53868,53.43793],[-113.53869,53.43789],[-113.53914,53.4366],[-113.53903,53.43652],[-113.53233,53.43682],[-113.5293,53.43695],[-113.52868,53.43698],[-113.52789,53.43702],[-113.5253,53.43713],[-113.52497,53.43718],[-113.5248,53.43721],[-113.51933,53.43802],[-113.51904,53.43929],[-113.51901,53.4394],[-113.51828,53.4394],[-113.51693,53.43941],[-113.51652,53.43952],[-113.51657,53.43937],[-113.51653,53.43932],[-113.51653,53.43858],[-113.51653,53.43844],[-113.51653,53.43742],[-113.51652,53.43595],[-113.51653,53.43239],[-113.51653,53.42956],[-113.51711,53.42956],[-113.51711,53.42957]]]]}},{"type":"Feature","properties":{"name":"ANTHONY HENDAY BIG LAKE"},"geometry":{"type":"MultiPolygon","coordinates":[[[[-113.64588,53.58597],[-113.64707,53.58528],[-113.64813,53.58458],[-113.64917,53.58378],[-113.64999,53.58304],[-113.65057,53.58252],[-113.65106,53.582],[-113.65182,53.582],[-113.65182,53.57778],[-113.65182,53.57417],[-113.65181,53.57365],[-113.65182,53.57295],[-113.65182,53.57147],[-113.65392,53.57065],[-113.65449,53.57044],[-113.65854,53.57043],[-113.66416,53.57039],[-113.66646,53.57039],[-113.66678,53.57056],[-113.66687,53.57063],[-113.66773,53.57078],[-113.67092,53.57139],[-113.67179,53.57124],[-113.6718,53.57215],[-113.6718,53.57266],[-113.67182,53.57336],[-113.67182,53.57404],[-113.67182,53.57497],[-113.66917,53.5755],[-113.66834,53.57597],[-113.66733,53.57597],[-113.66733,53.57654],[-113.66514,53.57778],[-113.66428,53.57778],[-113.66416,53.57778],[-113.66416,53.57833],[-113.6639,53.57848],[-113.66315,53.57891],[-113.66166,53.58118],[-113.66145,53.58138],[-113.66131,53.58138],[-113.66131,53.58152],[-113.65803,53.5847],[-113.65772,53.58501],[-113.65707,53.58566],[-113.65638,53.58635],[-113.65638,53.58681],[-113.65178,53.58682],[-113.65176,53.58816],[-113.65168,53.59225],[-113.65166,53.59309],[-113.65166,53.59326],[-113.65153,53.59948],[-113.65153,53.59966],[-113.63894,53.59971],[-113.63894,53.59975],[-113.63889,53.60177],[-113.63893,53.6018],[-113.63891,53.6023],[-113.63887,53.60226],[-113.63853,53.60193],[-113.63814,53.60162],[-113.63773,53.60131],[-113.63728,53.60103],[-113.6368,53.60076],[-113.6363,53.60051],[-113.63623,53.60048],[-113.63616,53.60045],[-113.63609,53.60042],[-113.63601,53.60038],[-113.63594,53.60035],[-113.63587,53.60032],[-113.63566,53.60024],[-113.63545,53.60016],[-113.63523,53.60008],[-113.63501,53.6],[-113.63479,53.59993],[-113.63456,53.59986],[-113.63446,53.59983],[-113.63436,53.5998],[-113.63426,53.59977],[-113.63415,53.59975],[-113.63405,53.59972],[-113.63395,53.59969],[-113.63375,53.59965],[-113.63351,53.59958],[-113.6328,53.59945],[-113.63267,53.59943],[-113.63254,53.59941],[-113.63241,53.59939],[-113.63229,53.59938],[-113.63216,53.59936],[-113.63203,53.59934],[-113.62801,53.59885],[-113.62785,53.59883],[-113.6277,53.59881],[-113.62754,53.59879],[-113.62738,53.59877],[-113.62723,53.59874],[-113.62707,53.59872],[-113.62678,53.59867],[-113.6265,53.59861],[-113.62621,53.59855],[-113.62593,53.59849],[-113.62565,53.59843],[-113.62537,53.59836],[-113.62513,53.59829],[-113.62488,53.59823],[-113.62464,53.59815],[-113.62441,53.59808],[-113.62417,53.59801],[-113.62394,53.59793],[-113.62709,53.5974],[-113.62709,53.59769],[-113.62729,53.59772],[-113.6275,53.59776],[-113.62771,53.5978],[-113.62792,53.59783],[-113.62813,53.59786],[-113.62835,53.59788],[-113.62904,53.59797],[-113.62883,53.59806],[-113.6286,53.59814],[-113.62836,53.59821],[-113.62812,53.59827],[-113.62786,53.59831],[-113.6276,53.59834],[-113.62734,53.59836],[-113.62708,53.59836],[-113.62708,53.59844],[-113.62725,53.59846],[-113.62742,53.59849],[-113.62759,53.59852],[-113.62776,53.59854],[-113.62793,53.59857],[-113.6281,53.59859],[-113.62858,53.59865],[-113.63782,53.59336],[-113.6392,53.592],[-113.63936,53.592],[-113.63944,53.58863],[-113.63969,53.58863],[-113.64026,53.58836],[-113.6398,53.58779],[-113.63946,53.58779],[-113.63952,53.585],[-113.6397,53.585],[-113.6403,53.585],[-113.64037,53.58517],[-113.64045,53.58534],[-113.64053,53.58551],[-113.64062,53.58567],[-113.64072,53.58584],[-113.64083,53.586],[-113.64086,53.58605],[-113.6409,53.5861],[-113.64094,53.58615],[-113.64099,53.5862],[-113.64103,53.58625],[-113.64108,53.5863],[-113.64124,53.58643],[-113.64141,53.58656],[-113.6416,53.58667],[-113.64181,53.58678],[-113.64203,53.58687],[-113.64226,53.58696],[-113.64251,53.58703],[-113.64276,53.58708],[-113.64381,53.5868],[-113.64419,53.58669],[-113.64455,53.58657],[-113.64491,53.58644],[-113.64524,53.58629],[-113.64557,53.58614],[-113.64588,53.58597]]]]}},{"type":"Feature","properties":{"name":"STARLING"},"geometry":{"type":"MultiPolygon","coordinates":[[[[-113.65165,53.59351],[-113.65166,53.59326],[-113.65166,53.59309],[-113.65168,53.59225],[-113.65176,53.58816],[-113.65178,53.58682],[-113.65638,53.58681],[-113.65638,53.58635],[-113.65707,53.58566],[-113.65772,53.58501],[-113.65803,53.5847],[-113.66131,53.58152],[-113.66131,53.58138],[-113.66145,53.58138],[-113.66166,53.58118],[-113.66315,53.57891],[-113.6639,53.57848],[-113.66416,53.57833],[-113.66409,53.58465],[-113.66411,53.58501],[-113.6641,53.58659],[-113.66407,53.58745],[-113.664,53.59954],[-113.664,53.59962],[-113.65153,53.59966],[-113.65153,53.59948],[-113.65165,53.59351]]]]}},{"type":"Feature","properties":{"name":"TWIN BROOKS"},"geometry":{"type":"MultiPolygon","coordinates":[[[[-113.542,53.45104],[-113.542,53.45104],[-113.54199,53.45103],[-113.54199,53.45103],[-113.54198,53.45102],[-113.54197,53.45102],[-113.54197,53.45102],[-113.54196,53.45101],[-113.54195,53.45101],[-113.54194,53.45101],[-113.54193,53.451],[-113.54192,53.451],[-113.54191,53.451],[-113.5419,53.451],[-113.54189,53.451],[-113.54166,53.45101],[-113.54165,53.45101],[-113.54164,53.45101],[-113.54163,53.45101],[-113.54162,53.45101],[-113.54161,53.45102],[-113.54161,53.45102],[-113.5416,53.45102],[-113.54159,53.45103],[-113.54158,53.45103],[-113.54158,53.45104],[-113.54157,53.45104],[-113.54157,53.45105],[-113.54151,53.45112],[-113.54152,53.45125],[-113.5414,53.4513],[-113.54135,53.45136],[-113.54132,53.45124],[-113.54126,53.4512],[-113.5412,53.45109],[-113.54087,53.45083],[-113.54087,53.45086],[-113.54012,53.45082],[-113.53943,53.45066],[-113.53932,53.4507],[-113.53915,53.45066],[-113.53895,53.4507],[-113.53848,53.45066],[-113.53821,53.45083],[-113.53782,53.45094],[-113.53748,53.45085],[-113.53721,53.4509],[-113.53731,53.45073],[-113.53718,53.4506],[-113.53696,53.45053],[-113.53657,53.45034],[-113.53637,53.45026],[-113.53596,53.45016],[-113.53576,53.45022],[-113.53559,53.45021],[-113.53548,53.45017],[-113.5352,53.45],[-113.53505,53.44987],[-113.53471,53.44968],[-113.53458,53.44962],[-113.53446,53.4496],[-113.53407,53.4496],[-113.53376,53.44961],[-113.53301,53.44971],[-113.53268,53.4499],[-113.53247,53.45016],[-113.53237,53.45005],[-113.53223,53.44996],[-113.53244,53.44981],[-113.53234,53.44913],[-113.53211,53.44895],[-113.53189,53.44872],[-113.53172,53.44859],[-113.53174,53.44847],[-113.53104,53.44818],[-113.53071,53.4477],[-113.53052,53.44716],[-113.53067,53.4468],[-113.53053,53.44646],[-113.5304,53.44641],[-113.53031,53.44635],[-113.53019,53.44632],[-113.53004,53.44634],[-113.52999,53.44632],[-113.53006,53.4462],[-113.53016,53.44617],[-113.53032,53.44608],[-113.5304,53.44591],[-113.53063,53.44594],[-113.53079,53.44593],[-113.53105,53.44587],[-113.53139,53.44581],[-113.53162,53.44569],[-113.53167,53.44555],[-113.53188,53.44543],[-113.53187,53.4453],[-113.53191,53.44509],[-113.53152,53.4449],[-113.53134,53.44481],[-113.53062,53.44481],[-113.53081,53.4449],[-113.53132,53.44516],[-113.53132,53.44531],[-113.53111,53.44544],[-113.53093,53.44549],[-113.53022,53.44549],[-113.52994,53.44559],[-113.52972,53.44576],[-113.52938,53.44592],[-113.52922,53.44609],[-113.52914,53.44626],[-113.52929,53.44655],[-113.52935,53.44663],[-113.52933,53.4467],[-113.52914,53.4468],[-113.52909,53.44675],[-113.52897,53.44664],[-113.52881,53.44658],[-113.52861,53.44654],[-113.52807,53.44646],[-113.5273,53.44652],[-113.52705,53.44648],[-113.5269,53.44636],[-113.52701,53.446],[-113.52672,53.44565],[-113.52635,53.44539],[-113.52632,53.44516],[-113.52623,53.44511],[-113.52528,53.44505],[-113.52402,53.44529],[-113.52398,53.44526],[-113.52362,53.44535],[-113.52312,53.44536],[-113.52265,53.44527],[-113.52261,53.4453],[-113.52198,53.44522],[-113.52126,53.44479],[-113.52102,53.4447],[-113.52049,53.44467],[-113.52016,53.44482],[-113.51937,53.44476],[-113.51841,53.44411],[-113.51836,53.44399],[-113.51823,53.44397],[-113.51808,53.44394],[-113.51757,53.44363],[-113.51681,53.44361],[-113.51556,53.44358],[-113.51556,53.44346],[-113.51434,53.44345],[-113.51365,53.44379],[-113.51352,53.44374],[-113.51316,53.44382],[-113.5131,53.44354],[-113.51313,53.44334],[-113.513,53.44318],[-113.51295,53.443],[-113.5128,53.44289],[-113.51261,53.44274],[-113.51237,53.44264],[-113.51209,53.44256],[-113.51177,53.44251],[-113.51159,53.4425],[-113.51161,53.44227],[-113.51151,53.4421],[-113.51143,53.44192],[-113.51152,53.44173],[-113.51146,53.44156],[-113.51091,53.44142],[-113.51121,53.44122],[-113.51124,53.44117],[-113.51133,53.44103],[-113.51134,53.44084],[-113.51127,53.44069],[-113.51109,53.44055],[-113.51089,53.44041],[-113.5107,53.44027],[-113.51039,53.44024],[-113.51053,53.44004],[-113.51069,53.43989],[-113.51097,53.4398],[-113.51115,53.43965],[-113.51135,53.43952],[-113.51139,53.43946],[-113.51146,53.43925],[-113.51148,53.43896],[-113.51187,53.43847],[-113.51538,53.4383],[-113.51622,53.43876],[-113.51622,53.43919],[-113.51617,53.43919],[-113.51608,53.43925],[-113.51652,53.43952],[-113.51693,53.43941],[-113.51828,53.4394],[-113.51901,53.4394],[-113.51904,53.43929],[-113.51933,53.43802],[-113.5248,53.43721],[-113.52497,53.43718],[-113.5253,53.43713],[-113.52789,53.43702],[-113.52868,53.43698],[-113.5293,53.43695],[-113.53233,53.43682],[-113.53903,53.43652],[-113.53914,53.4366],[-113.53869,53.43789],[-113.53868,53.43793],[-113.53867,53.43795],[-113.53866,53.43799],[-113.53865,53.43804],[-113.53864,53.43808],[-113.53863,53.43813],[-113.53862,53.43818],[-113.53861,53.4382],[-113.53861,53.43823],[-113.5386,53.43825],[-113.5386,53.43828],[-113.5386,53.43831],[-113.53859,53.43833],[-113.53859,53.43838],[-113.53858,53.43842],[-113.53858,53.43845],[-113.53858,53.43848],[-113.53858,53.43852],[-113.53857,53.43856],[-113.53857,53.4386],[-113.53857,53.43864],[-113.53858,53.43868],[-113.53858,53.43873],[-113.53858,53.43877],[-113.53858,53.43879],[-113.53859,53.43884],[-113.53859,53.43888],[-113.5386,53.43893],[-113.53861,53.43898],[-113.53861,53.439],[-113.53862,53.43904],[-113.53862,53.43907],[-113.53863,53.43911],[-113.53865,53.43916],[-113.53865,53.43918],[-113.53867,53.43923],[-113.53868,53.43929],[-113.5387,53.43933],[-113.5387,53.43942],[-113.53939,53.43942],[-113.53937,53.43851],[-113.53964,53.43829],[-113.54005,53.43831],[-113.54009,53.43798],[-113.54126,53.43642],[-113.54238,53.43637],[-113.54259,53.4364],[-113.54213,53.43669],[-113.54197,53.43712],[-113.54214,53.43808],[-113.54207,53.43899],[-113.54173,53.43947],[-113.54114,53.43947],[-113.54083,53.43947],[-113.54083,53.4397],[-113.54045,53.43965],[-113.54008,53.43965],[-113.54114,53.44022],[-113.54114,53.44019],[-113.54142,53.44026],[-113.54179,53.44049],[-113.54168,53.44058],[-113.54167,53.44071],[-113.54183,53.44084],[-113.54195,53.44092],[-113.54191,53.44121],[-113.54189,53.44137],[-113.54195,53.44153],[-113.54197,53.44163],[-113.54211,53.44184],[-113.54222,53.44192],[-113.54239,53.44201],[-113.54259,53.44212],[-113.54276,53.44218],[-113.5429,53.4422],[-113.54302,53.44228],[-113.54305,53.44237],[-113.54287,53.44247],[-113.54261,53.44254],[-113.54219,53.44269],[-113.54204,53.44273],[-113.54197,53.44278],[-113.54192,53.44285],[-113.54191,53.44309],[-113.54171,53.44331],[-113.54177,53.44357],[-113.54184,53.44368],[-113.54187,53.44379],[-113.54183,53.4439],[-113.54176,53.44397],[-113.54178,53.44405],[-113.54188,53.44421],[-113.54191,53.44431],[-113.54209,53.44439],[-113.54211,53.44449],[-113.54211,53.44462],[-113.54224,53.44472],[-113.54236,53.44487],[-113.54234,53.44492],[-113.54266,53.44503],[-113.54273,53.44508],[-113.54287,53.44515],[-113.54295,53.44533],[-113.54316,53.44543],[-113.54341,53.44546],[-113.54363,53.44558],[-113.54392,53.44566],[-113.54402,53.44579],[-113.54418,53.44588],[-113.54444,53.44592],[-113.54455,53.44596],[-113.54471,53.4461],[-113.54472,53.44616],[-113.54463,53.44633],[-113.54464,53.4465],[-113.54465,53.44663],[-113.54452,53.44669],[-113.54449,53.44669],[-113.5445,53.44683],[-113.54441,53.44694],[-113.54412,53.44706],[-113.54404,53.44714],[-113.54401,53.44725],[-113.54403,53.44733],[-113.54422,53.4475],[-113.54429,53.44766],[-113.54452,53.44783],[-113.54459,53.44792],[-113.54467,53.44799],[-113.54468,53.44808],[-113.54458,53.44815],[-113.5445,53.44827],[-113.54446,53.44841],[-113.54433,53.4486],[-113.54405,53.44872],[-113.54398,53.44878],[-113.54393,53.44888],[-113.54391,53.44899],[-113.54361,53.44902],[-113.54339,53.4491],[-113.5432,53.449],[-113.54302,53.44897],[-113.54293,53.44898],[-113.54278,53.44906],[-113.5427,53.44929],[-113.54268,53.4494],[-113.5426,53.44949],[-113.54247,53.44959],[-113.5424,53.44973],[-113.54228,53.44981],[-113.54208,53.44993],[-113.54202,53.45002],[-113.54199,53.45013],[-113.54205,53.45029],[-113.54208,53.45029],[-113.54209,53.45033],[-113.54213,53.45038],[-113.54227,53.4505],[-113.54241,53.45059],[-113.54251,53.45071],[-113.54261,53.4508],[-113.54268,53.45092],[-113.54268,53.45097],[-113.54264,53.45103],[-113.54259,53.45118],[-113.54259,53.45129],[-113.54274,53.45142],[-113.54294,53.45151],[-113.54308,53.45158],[-113.54312,53.45172],[-113.54328,53.45185],[-113.54347,53.45195],[-113.54363,53.45202],[-113.54367,53.45214],[-113.54375,53.45229],[-113.54397,53.45236],[-113.54403,53.45236],[-113.54416,53.45242],[-113.54432,53.45252],[-113.54453,53.4526],[-113.54473,53.45267],[-113.54483,53.45269],[-113.5449,53.45272],[-113.54499,53.45279],[-113.5451,53.45284],[-113.54506,53.45296],[-113.54502,53.45301],[-113.54491,53.45295],[-113.54469,53.45288],[-113.5446,53.45285],[-113.54458,53.4528],[-113.54444,53.45275],[-113.54419,53.45272],[-113.54409,53.45274],[-113.54388,53.45279],[-113.54367,53.45282],[-113.54344,53.45284],[-113.54338,53.45285],[-113.54335,53.45275],[-113.54328,53.45262],[-113.54319,53.45249],[-113.54311,53.45238],[-113.54309,53.45224],[-113.54299,53.4521],[-113.54281,53.45196],[-113.54268,53.45188],[-113.54248,53.45182],[-113.54234,53.45175],[-113.54224,53.45174],[-113.5422,53.45174],[-113.54227,53.45164],[-113.54231,53.45153],[-113.5423,53.45147],[-113.54225,53.45138],[-113.54219,53.45129],[-113.54208,53.45116],[-113.542,53.45104]]]]}},{"type":"Feature","properties":{"name":"HERITAGE VALLEY TOWN CENTRE AREA"},"geometry":{"type":"MultiPolygon","coordinates":[[[[-113.53952,53.40322],[-113.53974,53.40306],[-113.53984,53.40298],[-113.53995,53.40289],[-113.54006,53.40278],[-113.54018,53.40265],[-113.5403,53.40251],[-113.54041,53.40237],[-113.5405,53.40223],[-113.54058,53.40209],[-113.54062,53.402],[-113.54066,53.4019],[-113.54072,53.40175],[-113.54075,53.40162],[-113.5408,53.40135],[-113.5408,53.40129],[-113.54089,53.40312],[-113.54103,53.40312],[-113.55313,53.40314],[-113.55313,53.40495],[-113.55313,53.40596],[-113.55313,53.41039],[-113.54111,53.41036],[-113.54089,53.41036],[-113.54089,53.41093],[-113.54089,53.41152],[-113.53963,53.41081],[-113.53929,53.41097],[-113.53894,53.41112],[-113.53842,53.41128],[-113.53793,53.41137],[-113.53743,53.41144],[-113.53694,53.41145],[-113.53644,53.41143],[-113.53597,53.41137],[-113.53556,53.41129],[-113.53512,53.41117],[-113.53471,53.41102],[-113.53429,53.41081],[-113.53404,53.41067],[-113.5335,53.41037],[-113.53325,53.41018],[-113.53303,53.40996],[-113.5328,53.40967],[-113.53266,53.4095],[-113.53236,53.40928],[-113.53126,53.40863],[-113.53557,53.40584],[-113.53572,53.40575],[-113.53721,53.40469],[-113.53952,53.40322]]]]}},{"type":"Feature","properties":{"name":"ANTHONY HENDAY"},"geometry":{"type":"MultiPolygon","coordinates":[[[[-113.66449,53.52043],[-113.66418,53.5204],[-113.66419,53.523],[-113.66565,53.52309],[-113.66565,53.52519],[-113.6645,53.52584],[-113.6642,53.52602],[-113.66208,53.52723],[-113.66189,53.52915],[-113.66421,53.52923],[-113.66436,53.52924],[-113.66437,53.53057],[-113.66422,53.53057],[-113.66179,53.53062],[-113.66191,53.53437],[-113.66259,53.53559],[-113.66408,53.53643],[-113.66409,53.53754],[-113.66424,53.53754],[-113.66439,53.53754],[-113.6644,53.54001],[-113.66442,53.54124],[-113.66441,53.54251],[-113.66424,53.54275],[-113.66187,53.54626],[-113.66421,53.54653],[-113.66437,53.54653],[-113.66434,53.54948],[-113.66406,53.54948],[-113.66179,53.54947],[-113.66157,53.54961],[-113.66166,53.5527],[-113.66403,53.55362],[-113.6643,53.55373],[-113.6643,53.5547],[-113.66429,53.55862],[-113.66429,53.55866],[-113.66412,53.55866],[-113.6633,53.55866],[-113.6623,53.55903],[-113.66243,53.56023],[-113.66296,53.56312],[-113.66329,53.56436],[-113.66396,53.56692],[-113.66406,53.56705],[-113.66419,53.56705],[-113.66418,53.56856],[-113.66435,53.56856],[-113.66512,53.56856],[-113.66626,53.57017],[-113.66633,53.57023],[-113.66646,53.57039],[-113.66416,53.57039],[-113.65854,53.57043],[-113.65449,53.57044],[-113.65498,53.57024],[-113.65771,53.56917],[-113.65673,53.56636],[-113.65665,53.56612],[-113.65657,53.56588],[-113.65397,53.5584],[-113.65366,53.55829],[-113.65194,53.55865],[-113.65196,53.55653],[-113.65295,53.55626],[-113.65315,53.55603],[-113.65246,53.55407],[-113.652,53.55274],[-113.65204,53.5486],[-113.65212,53.54144],[-113.65166,53.54125],[-113.65166,53.54053],[-113.65166,53.53833],[-113.65166,53.53755],[-113.65176,53.53698],[-113.6518,53.53668],[-113.65212,53.53645],[-113.65212,53.53403],[-113.65212,53.53395],[-113.65212,53.53369],[-113.65212,53.53364],[-113.65211,53.53214],[-113.65211,53.53033],[-113.65211,53.53007],[-113.6521,53.52648],[-113.6521,53.52408],[-113.65209,53.52265],[-113.65209,53.52163],[-113.65209,53.52144],[-113.65209,53.52111],[-113.65208,53.51296],[-113.65208,53.51266],[-113.65207,53.5122],[-113.65641,53.5122],[-113.65929,53.51221],[-113.66244,53.51223],[-113.66416,53.51224],[-113.66416,53.51215],[-113.66423,53.51215],[-113.66423,53.51178],[-113.66453,53.51178],[-113.66453,53.51224],[-113.66561,53.51224],[-113.66561,53.51234],[-113.66562,53.51515],[-113.66482,53.51652],[-113.66448,53.5171],[-113.66448,53.51947],[-113.66449,53.52043]]]]}},{"type":"Feature","properties":{"name":"STILLWATER"},"geometry":{"type":"MultiPolygon","coordinates":[[[[-113.66435,53.44672],[-113.66433,53.43949],[-113.67668,53.43948],[-113.67666,53.43234],[-113.67666,53.43221],[-113.6769,53.43221],[-113.67712,53.43225],[-113.68929,53.43224],[-113.68927,53.43505],[-113.68919,53.43505],[-113.68919,53.43561],[-113.68927,53.43561],[-113.68925,53.43946],[-113.68917,53.43946],[-113.68913,53.44489],[-113.68921,53.44489],[-113.68917,53.45138],[-113.68915,53.45401],[-113.6889,53.45401],[-113.68644,53.45408],[-113.68287,53.45422],[-113.68138,53.45426],[-113.67854,53.45429],[-113.66897,53.4543],[-113.66775,53.4543],[-113.66746,53.45431],[-113.66703,53.4543],[-113.66671,53.45428],[-113.66649,53.45425],[-113.66629,53.45422],[-113.666,53.45417],[-113.66587,53.45414],[-113.66564,53.4541],[-113.66541,53.45407],[-113.66508,53.45404],[-113.66469,53.45403],[-113.66438,53.45403],[-113.66435,53.44672]]]]}},{"type":"Feature","properties":{"name":"MORRIS INDUSTRIAL"},"geometry":{"type":"MultiPolygon","coordinates":[[[[-113.39418,53.51945],[-113.39418,53.51926],[-113.39417,53.518],[-113.3942,53.51689],[-113.39784,53.5169],[-113.40145,53.5168],[-113.40415,53.51653],[-113.41843,53.51433],[-113.4183,53.51779],[-113.41745,53.5178],[-113.41683,53.51793],[-113.41133,53.52068],[-113.41131,53.52081],[-113.41026,53.52133],[-113.40998,53.52157],[-113.40854,53.52273],[-113.40624,53.52388],[-113.4008,53.52659],[-113.40057,53.52669],[-113.39409,53.52666],[-113.39409,53.52657],[-113.39406,53.51944],[-113.39418,53.51945]]]]}},{"type":"Feature","properties":{"name":"CANOSSA"},"geometry":{"type":"MultiPolygon","coordinates":[[[[-113.52888,53.63432],[-113.52888,53.63605],[-113.52888,53.64247],[-113.52783,53.6428],[-113.52584,53.64324],[-113.52535,53.6433],[-113.52369,53.64364],[-113.52035,53.6437],[-113.51952,53.6433],[-113.51786,53.6433],[-113.51762,53.6425],[-113.51734,53.63968],[-113.51675,53.63968],[-113.51657,53.63967],[-113.51654,53.63339],[-113.51657,53.63249],[-113.51649,53.63243],[-113.51649,53.63108],[-113.51655,53.63102],[-113.51661,53.62872],[-113.52163,53.62873],[-113.52631,53.62874],[-113.52888,53.62877],[-113.52887,53.62898],[-113.52888,53.63432]]]]}},{"type":"Feature","properties":{"name":"STRATHCONA"},"geometry":{"type":"MultiPolygon","coordinates":[[[[-113.47872,53.52336],[-113.47871,53.52331],[-113.47869,53.52326],[-113.47867,53.52321],[-113.47864,53.52316],[-113.47862,53.52311],[-113.47859,53.52306],[-113.47913,53.52307],[-113.47969,53.52307],[-113.47969,53.52264],[-113.47823,53.52263],[-113.4782,53.5226],[-113.47818,53.52259],[-113.47815,53.52257],[-113.47812,53.52254],[-113.47818,53.52254],[-113.47818,53.52187],[-113.47818,53.52178],[-113.47788,53.52178],[-113.47788,53.52101],[-113.47788,53.52092],[-113.47773,53.52092],[-113.47773,53.52006],[-113.47773,53.51997],[-113.47658,53.51997],[-113.47658,53.51988],[-113.47606,53.51988],[-113.47605,53.51959],[-113.4759,53.51959],[-113.47581,53.51903],[-113.47566,53.51804],[-113.47667,53.51804],[-113.47972,53.51805],[-113.4828,53.51805],[-113.48613,53.51806],[-113.48871,53.51806],[-113.49382,53.51807],[-113.49492,53.51807],[-113.49757,53.51807],[-113.50631,53.51809],[-113.50631,53.51909],[-113.50631,53.52003],[-113.5063,53.52099],[-113.5063,53.52193],[-113.50631,53.5234],[-113.50469,53.52319],[-113.50395,53.52315],[-113.50346,53.52316],[-113.50046,53.52327],[-113.49755,53.52338],[-113.49582,53.52365],[-113.49477,53.52386],[-113.49343,53.52423],[-113.49184,53.52468],[-113.49184,53.52487],[-113.49185,53.5252],[-113.49185,53.5253],[-113.49215,53.5253],[-113.49215,53.52538],[-113.49215,53.52574],[-113.49215,53.52579],[-113.49215,53.52615],[-113.49215,53.52624],[-113.49169,53.52624],[-113.49169,53.52633],[-113.4917,53.52669],[-113.4917,53.52669],[-113.4917,53.5267],[-113.49169,53.52671],[-113.49168,53.52671],[-113.49113,53.52671],[-113.49089,53.52672],[-113.48873,53.52672],[-113.48873,53.52644],[-113.48873,53.52632],[-113.4884,53.52638],[-113.48645,53.52731],[-113.48608,53.52732],[-113.48535,53.52827],[-113.48525,53.52853],[-113.4851,53.52945],[-113.48558,53.53087],[-113.48558,53.5311],[-113.48551,53.53172],[-113.48615,53.53172],[-113.48615,53.53233],[-113.48617,53.53233],[-113.48679,53.53233],[-113.48676,53.5326],[-113.48672,53.53432],[-113.48626,53.53432],[-113.48615,53.53433],[-113.48611,53.53551],[-113.48563,53.53555],[-113.48494,53.5356],[-113.48486,53.53561],[-113.48471,53.53498],[-113.48466,53.53443],[-113.48456,53.53362],[-113.48473,53.53355],[-113.48541,53.53331],[-113.48548,53.53204],[-113.48551,53.53174],[-113.48535,53.53174],[-113.48541,53.53119],[-113.48541,53.5311],[-113.48467,53.5311],[-113.48449,53.5305],[-113.48435,53.53051],[-113.4839,53.53057],[-113.48383,53.53051],[-113.4838,53.53049],[-113.48377,53.53047],[-113.48376,53.53045],[-113.48373,53.53043],[-113.48369,53.53041],[-113.48367,53.53035],[-113.48351,53.52984],[-113.48334,53.52983],[-113.48334,53.52993],[-113.48334,53.53019],[-113.48326,53.53015],[-113.48319,53.53011],[-113.48311,53.53008],[-113.48303,53.53004],[-113.48295,53.53001],[-113.48287,53.52998],[-113.48272,53.52983],[-113.48271,53.52825],[-113.48044,53.52823],[-113.48045,53.52779],[-113.48045,53.52776],[-113.48257,53.52778],[-113.48272,53.52779],[-113.48324,53.52779],[-113.48324,53.5274],[-113.48324,53.52731],[-113.48273,53.52731],[-113.48273,53.52682],[-113.48187,53.52621],[-113.48187,53.52599],[-113.48158,53.52578],[-113.48155,53.5258],[-113.48112,53.52549],[-113.48109,53.52549],[-113.48109,53.52531],[-113.48033,53.52531],[-113.48033,53.52495],[-113.48033,53.52493],[-113.47953,53.52492],[-113.47935,53.52492],[-113.47935,53.52514],[-113.47852,53.52514],[-113.47853,53.52512],[-113.47854,53.5251],[-113.47855,53.52508],[-113.47856,53.52505],[-113.47857,53.52503],[-113.47858,53.52501],[-113.4786,53.52498],[-113.47879,53.52463],[-113.47927,53.52463],[-113.47935,53.52457],[-113.47943,53.52444],[-113.47944,53.52391],[-113.47928,53.52391],[-113.47928,53.52381],[-113.4789,53.52381],[-113.47906,53.52359],[-113.47935,53.52359],[-113.47939,53.5236],[-113.47944,53.52341],[-113.47935,53.52341],[-113.47936,53.52317],[-113.47931,53.52319],[-113.47889,53.52336],[-113.47872,53.52336]]]]}},{"type":"Feature","properties":{"name":"RAPPERSWILL"},"geometry":{"type":"MultiPolygon","coordinates":[[[[-113.54043,53.63661],[-113.53829,53.63934],[-113.53149,53.64164],[-113.52888,53.64247],[-113.52888,53.63605],[-113.52887,53.62898],[-113.52888,53.62877],[-113.52907,53.62877],[-113.54103,53.62874],[-113.54118,53.62871],[-113.54118,53.63605],[-113.54104,53.63605],[-113.54026,53.63605],[-113.54043,53.63661]]]]}},{"type":"Feature","properties":{"name":"ANTHONY HENDAY CASTLEDOWNS"},"geometry":{"type":"MultiPolygon","coordinates":[[[[-113.54043,53.63661],[-113.54026,53.63605],[-113.54104,53.63605],[-113.54118,53.63605],[-113.5412,53.64052],[-113.5412,53.6433],[-113.54117,53.64365],[-113.54105,53.64365],[-113.53633,53.64383],[-113.5225,53.64827],[-113.52455,53.65055],[-113.51673,53.65055],[-113.50426,53.65055],[-113.49508,53.65055],[-113.49253,53.65055],[-113.49189,53.65055],[-113.49193,53.6433],[-113.4924,53.6433],[-113.49556,53.6433],[-113.49701,53.64432],[-113.49747,53.64464],[-113.49792,53.64495],[-113.49953,53.64541],[-113.50154,53.64544],[-113.50307,53.64546],[-113.50473,53.64548],[-113.50774,53.64544],[-113.5108,53.6453],[-113.51316,53.64494],[-113.515,53.64338],[-113.51498,53.6433],[-113.51667,53.6433],[-113.5167,53.6433],[-113.51658,53.63978],[-113.51657,53.63967],[-113.51675,53.63968],[-113.51734,53.63968],[-113.51762,53.6425],[-113.51786,53.6433],[-113.51952,53.6433],[-113.52035,53.6437],[-113.52369,53.64364],[-113.52535,53.6433],[-113.52584,53.64324],[-113.52783,53.6428],[-113.53149,53.64164],[-113.53829,53.63934],[-113.54043,53.63661]]]]}},{"type":"Feature","properties":{"name":"FRASER"},"geometry":{"type":"MultiPolygon","coordinates":[[[[-113.36298,53.61571],[-113.36267,53.61568],[-113.36235,53.61563],[-113.36205,53.61557],[-113.36175,53.61549],[-113.36147,53.61539],[-113.3612,53.61529],[-113.35963,53.61461],[-113.35949,53.61455],[-113.35936,53.61448],[-113.35923,53.61441],[-113.3591,53.61434],[-113.35899,53.61426],[-113.35887,53.61418],[-113.35856,53.61391],[-113.35846,53.61381],[-113.35838,53.6137],[-113.3583,53.6136],[-113.35823,53.61349],[-113.35817,53.61338],[-113.35812,53.61327],[-113.3577,53.61224],[-113.35743,53.61158],[-113.35676,53.60992],[-113.35676,53.60971],[-113.35696,53.60967],[-113.35731,53.60964],[-113.35755,53.60965],[-113.35769,53.6097],[-113.35812,53.60962],[-113.35849,53.60966],[-113.35911,53.60956],[-113.35931,53.60955],[-113.35978,53.60941],[-113.36013,53.60935],[-113.36029,53.60935],[-113.36062,53.60921],[-113.36071,53.60912],[-113.36086,53.60905],[-113.36104,53.60895],[-113.36132,53.60891],[-113.36168,53.6088],[-113.36185,53.60871],[-113.36225,53.60859],[-113.36258,53.60842],[-113.36291,53.60816],[-113.36339,53.60803],[-113.36343,53.60829],[-113.36341,53.60876],[-113.36319,53.60896],[-113.36298,53.609],[-113.36295,53.60909],[-113.36282,53.60919],[-113.36275,53.60956],[-113.36276,53.60962],[-113.3627,53.60991],[-113.36301,53.61018],[-113.36322,53.6103],[-113.3632,53.61033],[-113.36335,53.61032],[-113.36356,53.61039],[-113.36393,53.61039],[-113.36403,53.61046],[-113.3643,53.61053],[-113.36434,53.61064],[-113.36448,53.61075],[-113.36452,53.61083],[-113.36457,53.61091],[-113.36503,53.61115],[-113.36583,53.61125],[-113.36608,53.61118],[-113.36635,53.61104],[-113.36655,53.61089],[-113.36669,53.61074],[-113.3673,53.61077],[-113.36745,53.61081],[-113.36754,53.61071],[-113.36784,53.61047],[-113.36816,53.61028],[-113.36808,53.61021],[-113.36795,53.6102],[-113.36774,53.61021],[-113.36737,53.61029],[-113.36701,53.61034],[-113.36677,53.61031],[-113.36604,53.61031],[-113.36586,53.61049],[-113.36568,53.61062],[-113.36559,53.61057],[-113.36537,53.61022],[-113.36503,53.60997],[-113.36496,53.60993],[-113.36443,53.60974],[-113.36449,53.60926],[-113.36453,53.60919],[-113.36485,53.60908],[-113.36511,53.60897],[-113.36521,53.60881],[-113.36507,53.60864],[-113.36528,53.60835],[-113.36538,53.608],[-113.3656,53.60789],[-113.36604,53.60787],[-113.3662,53.60769],[-113.3655,53.60736],[-113.36555,53.60734],[-113.36599,53.60733],[-113.36637,53.60744],[-113.36666,53.60721],[-113.36705,53.60703],[-113.36746,53.60678],[-113.36793,53.60661],[-113.36739,53.60524],[-113.36742,53.60521],[-113.36746,53.60519],[-113.36754,53.60513],[-113.36759,53.60509],[-113.36761,53.60508],[-113.36762,53.60507],[-113.36765,53.60504],[-113.36767,53.60502],[-113.3677,53.605],[-113.36773,53.60497],[-113.36777,53.60492],[-113.36778,53.60492],[-113.36778,53.60491],[-113.36778,53.60491],[-113.36778,53.6049],[-113.36779,53.60488],[-113.36779,53.60487],[-113.36779,53.60486],[-113.36779,53.60486],[-113.3678,53.60486],[-113.36781,53.60484],[-113.36783,53.60483],[-113.36784,53.60483],[-113.36786,53.60482],[-113.36793,53.60479],[-113.36795,53.60478],[-113.36797,53.60477],[-113.36798,53.60477],[-113.36799,53.60476],[-113.36804,53.60473],[-113.36809,53.60469],[-113.36812,53.60467],[-113.36814,53.60466],[-113.36816,53.60464],[-113.36818,53.60463],[-113.3682,53.60461],[-113.36821,53.60459],[-113.36887,53.60626],[-113.36887,53.60683],[-113.36917,53.60681],[-113.36924,53.60673],[-113.36958,53.60645],[-113.36998,53.60625],[-113.37036,53.60614],[-113.3709,53.60607],[-113.37139,53.60605],[-113.37185,53.60612],[-113.37232,53.60627],[-113.37457,53.60716],[-113.37518,53.60733],[-113.37576,53.60747],[-113.37668,53.60765],[-113.37787,53.6078],[-113.38288,53.60827],[-113.37975,53.61336],[-113.37932,53.61406],[-113.37814,53.61599],[-113.37495,53.61599],[-113.3729,53.61599],[-113.3716,53.61598],[-113.37086,53.61599],[-113.3705,53.61601],[-113.37036,53.61602],[-113.37018,53.61604],[-113.36935,53.61614],[-113.369,53.61618],[-113.36901,53.61405],[-113.36794,53.61405],[-113.36794,53.61419],[-113.36794,53.61479],[-113.36794,53.61517],[-113.36794,53.61579],[-113.36794,53.61611],[-113.36586,53.61594],[-113.36298,53.61571]]]]}},{"type":"Feature","properties":{"name":"MACTAGGART"},"geometry":{"type":"MultiPolygon","coordinates":[[[[-113.55642,53.44306],[-113.55326,53.44306],[-113.55326,53.44117],[-113.55326,53.43945],[-113.55469,53.43945],[-113.55589,53.43945],[-113.55572,53.43912],[-113.55552,53.43888],[-113.55505,53.43892],[-113.55486,53.43879],[-113.5549,53.43854],[-113.5551,53.43796],[-113.5551,53.43784],[-113.55503,53.43768],[-113.55485,53.43752],[-113.55461,53.4374],[-113.55428,53.43728],[-113.55404,53.43713],[-113.55426,53.43706],[-113.55437,53.437],[-113.55448,53.43685],[-113.55443,53.43674],[-113.55429,53.43662],[-113.55422,53.43654],[-113.55434,53.43653],[-113.5545,53.43648],[-113.55456,53.43639],[-113.55462,53.43639],[-113.55465,53.43645],[-113.55473,53.43651],[-113.5549,53.43664],[-113.55511,53.43686],[-113.55543,53.43695],[-113.55567,53.43692],[-113.55586,53.43703],[-113.55608,53.43703],[-113.55628,53.43695],[-113.55648,53.43698],[-113.55672,53.43697],[-113.55707,53.43703],[-113.55719,53.43698],[-113.55727,53.43685],[-113.55735,53.43685],[-113.5575,53.43694],[-113.55782,53.43704],[-113.55825,53.43707],[-113.55888,53.43703],[-113.559,53.43697],[-113.55925,53.43676],[-113.55949,53.43652],[-113.55965,53.43651],[-113.55999,53.43674],[-113.56027,53.43697],[-113.56029,53.4372],[-113.56026,53.43747],[-113.56046,53.43758],[-113.56065,53.43751],[-113.56082,53.43743],[-113.56085,53.43737],[-113.5608,53.43729],[-113.56073,53.43705],[-113.56072,53.43685],[-113.5606,53.4367],[-113.56051,53.43653],[-113.56038,53.43642],[-113.56038,53.43628],[-113.56023,53.43592],[-113.56051,53.43586],[-113.56053,53.43596],[-113.5608,53.43603],[-113.56111,53.43607],[-113.56132,53.43593],[-113.56147,53.43595],[-113.56163,53.4359],[-113.56169,53.43578],[-113.56185,53.43569],[-113.56196,53.4356],[-113.56248,53.43536],[-113.5625,53.43518],[-113.56267,53.43508],[-113.56288,53.43519],[-113.5631,53.43511],[-113.56315,53.43478],[-113.56343,53.43484],[-113.56367,53.4348],[-113.56401,53.43467],[-113.56406,53.43453],[-113.56438,53.43465],[-113.56483,53.43464],[-113.56505,53.43452],[-113.56512,53.4342],[-113.56503,53.43415],[-113.5652,53.43416],[-113.56534,53.43473],[-113.56535,53.43479],[-113.56536,53.43505],[-113.56536,53.43554],[-113.56536,53.43573],[-113.56536,53.43608],[-113.56536,53.43655],[-113.56567,53.43655],[-113.56566,53.43594],[-113.56565,53.43352],[-113.56626,53.43347],[-113.56641,53.43325],[-113.5666,53.43326],[-113.56675,53.43345],[-113.56721,53.43344],[-113.56737,53.43341],[-113.56741,53.4335],[-113.56725,53.43356],[-113.56777,53.43363],[-113.56814,53.43362],[-113.56847,53.43366],[-113.56873,53.43373],[-113.56906,53.43379],[-113.56925,53.43376],[-113.56923,53.43352],[-113.56892,53.43347],[-113.56871,53.43338],[-113.56842,53.4333],[-113.56801,53.43317],[-113.56792,53.43299],[-113.56759,53.43299],[-113.56748,53.4328],[-113.56722,53.43273],[-113.56733,53.43259],[-113.56745,53.4324],[-113.56738,53.4322],[-113.56751,53.43206],[-113.56772,53.43188],[-113.56807,53.43173],[-113.56818,53.43168],[-113.56742,53.43176],[-113.56708,53.43183],[-113.5669,53.43196],[-113.56674,53.43205],[-113.56663,53.4322],[-113.56632,53.43232],[-113.56618,53.4324],[-113.56598,53.43239],[-113.56577,53.43247],[-113.56564,53.4325],[-113.56564,53.43179],[-113.56859,53.43148],[-113.56868,53.43147],[-113.5686,53.43131],[-113.57031,53.43113],[-113.57116,53.43152],[-113.57395,53.43213],[-113.57683,53.43277],[-113.57712,53.43306],[-113.57629,53.43352],[-113.57668,53.43377],[-113.57697,53.4338],[-113.57494,53.43497],[-113.57411,53.43536],[-113.57306,53.43576],[-113.57145,53.43627],[-113.56914,53.43688],[-113.56807,53.43727],[-113.56719,53.43774],[-113.56639,53.4384],[-113.56587,53.43902],[-113.56566,53.43952],[-113.56555,53.43998],[-113.56551,53.44075],[-113.56554,53.44129],[-113.56552,53.44467],[-113.56459,53.44467],[-113.56322,53.44467],[-113.56177,53.44467],[-113.56039,53.44467],[-113.55975,53.44466],[-113.55913,53.44461],[-113.55856,53.44449],[-113.558,53.44432],[-113.55747,53.44407],[-113.55708,53.44383],[-113.5567,53.44349],[-113.55642,53.44306]]]]}},{"type":"Feature","properties":{"name":"EDMONTON SOUTH NBHD1"},"geometry":{"type":"MultiPolygon","coordinates":[[[[-113.67149,53.3375],[-113.67149,53.33744],[-113.67531,53.33771],[-113.68024,53.33771],[-113.68024,53.33739],[-113.68348,53.33739],[-113.68348,53.3399],[-113.68349,53.34503],[-113.68379,53.34503],[-113.6867,53.34504],[-113.68734,53.34526],[-113.68752,53.34534],[-113.68784,53.34553],[-113.6883,53.34597],[-113.68854,53.34601],[-113.68878,53.34624],[-113.68914,53.34639],[-113.68956,53.34651],[-113.69032,53.34679],[-113.69079,53.34687],[-113.691,53.34693],[-113.69131,53.34706],[-113.6918,53.34754],[-113.69208,53.34793],[-113.69234,53.34814],[-113.69253,53.34837],[-113.69275,53.34878],[-113.69293,53.34904],[-113.69292,53.34934],[-113.69308,53.34947],[-113.69325,53.34955],[-113.69358,53.34967],[-113.69361,53.34968],[-113.69378,53.34979],[-113.69374,53.34993],[-113.69363,53.35006],[-113.69348,53.35034],[-113.69348,53.35049],[-113.69356,53.35065],[-113.69332,53.35173],[-113.69325,53.3519],[-113.69323,53.35208],[-113.69327,53.35225],[-113.69332,53.35229],[-113.69586,53.3523],[-113.69593,53.35414],[-113.69542,53.35407],[-113.69515,53.35407],[-113.69484,53.35405],[-113.69459,53.35407],[-113.69437,53.35415],[-113.69416,53.3542],[-113.69396,53.35413],[-113.69374,53.35413],[-113.69309,53.35433],[-113.69267,53.35442],[-113.69222,53.35455],[-113.69203,53.35463],[-113.69161,53.35473],[-113.69139,53.35481],[-113.69123,53.35489],[-113.69082,53.35499],[-113.69063,53.35507],[-113.68974,53.35548],[-113.68961,53.35557],[-113.68927,53.35574],[-113.68835,53.35632],[-113.68806,53.35653],[-113.6879,53.35661],[-113.68748,53.35693],[-113.68713,53.35728],[-113.68705,53.3574],[-113.687,53.35755],[-113.68692,53.35767],[-113.68679,53.35778],[-113.68661,53.35803],[-113.68648,53.35814],[-113.68603,53.35861],[-113.68588,53.35889],[-113.68578,53.35919],[-113.6857,53.35934],[-113.68557,53.35947],[-113.68552,53.3596],[-113.68547,53.35992],[-113.68539,53.36006],[-113.68537,53.36022],[-113.68525,53.36036],[-113.68481,53.36066],[-113.6847,53.36077],[-113.68466,53.36091],[-113.68466,53.36133],[-113.68463,53.36147],[-113.68444,53.36189],[-113.6844,53.36205],[-113.68427,53.36234],[-113.68417,53.36266],[-113.68416,53.36282],[-113.68413,53.36304],[-113.68416,53.36348],[-113.68447,53.36392],[-113.68453,53.36406],[-113.68461,53.3642],[-113.68474,53.36464],[-113.68477,53.36499],[-113.68471,53.36535],[-113.68465,53.36549],[-113.68444,53.36626],[-113.68426,53.36675],[-113.6841,53.36782],[-113.68405,53.36814],[-113.684,53.36829],[-113.68405,53.36844],[-113.68408,53.3686],[-113.68419,53.36871],[-113.68431,53.36899],[-113.68465,53.36934],[-113.68519,53.36975],[-113.68551,53.36993],[-113.68582,53.3703],[-113.68599,53.37039],[-113.68626,53.3706],[-113.68657,53.37078],[-113.68686,53.37099],[-113.68758,53.37148],[-113.68779,53.37173],[-113.68806,53.37194],[-113.6881,53.3721],[-113.68821,53.37222],[-113.68861,53.37254],[-113.68879,53.3728],[-113.68891,53.37291],[-113.68901,53.37305],[-113.68908,53.37318],[-113.68919,53.37329],[-113.68962,53.3736],[-113.68973,53.37371],[-113.69007,53.37388],[-113.69027,53.37394],[-113.69081,53.37437],[-113.69092,53.37449],[-113.69104,53.37478],[-113.69112,53.37507],[-113.69115,53.37563],[-113.69102,53.37645],[-113.69107,53.3768],[-113.69105,53.37752],[-113.69099,53.3777],[-113.69091,53.37783],[-113.6907,53.3783],[-113.69052,53.37857],[-113.69007,53.37905],[-113.68978,53.37924],[-113.68924,53.37967],[-113.68913,53.37978],[-113.68904,53.37991],[-113.68883,53.38015],[-113.68846,53.38047],[-113.68843,53.3806],[-113.68831,53.38075],[-113.68796,53.38126],[-113.68749,53.38172],[-113.68675,53.38239],[-113.68661,53.3825],[-113.68621,53.38264],[-113.68586,53.38281],[-113.68483,53.38313],[-113.6846,53.38316],[-113.68437,53.38322],[-113.68413,53.38324],[-113.68389,53.38331],[-113.68367,53.38335],[-113.68267,53.38347],[-113.68186,53.38354],[-113.68057,53.38353],[-113.67975,53.3835],[-113.67892,53.38341],[-113.67845,53.38329],[-113.67821,53.38325],[-113.67797,53.38324],[-113.67751,53.3831],[-113.67681,53.38296],[-113.67652,53.38291],[-113.67632,53.38288],[-113.67587,53.38277],[-113.67504,53.38251],[-113.67458,53.38243],[-113.67389,53.38226],[-113.67327,53.38209],[-113.67278,53.382],[-113.67235,53.38189],[-113.67211,53.38184],[-113.67146,53.3817],[-113.67083,53.38151],[-113.67047,53.38139],[-113.67003,53.38124],[-113.66959,53.38113],[-113.66918,53.38101],[-113.66899,53.38093],[-113.66791,53.38047],[-113.66728,53.38029],[-113.66684,53.3802],[-113.66658,53.38018],[-113.66601,53.3801],[-113.66549,53.38008],[-113.66459,53.3801],[-113.66399,53.38004],[-113.66353,53.38005],[-113.66335,53.38007],[-113.66282,53.38011],[-113.66237,53.38018],[-113.66177,53.38023],[-113.66085,53.38037],[-113.66065,53.38037],[-113.66054,53.3804],[-113.66004,53.38049],[-113.65974,53.38051],[-113.65959,53.38056],[-113.65932,53.38055],[-113.65909,53.38061],[-113.65865,53.38065],[-113.65837,53.38067],[-113.65805,53.38076],[-113.65769,53.38084],[-113.65761,53.38092],[-113.6573,53.38097],[-113.65721,53.38095],[-113.65701,53.38098],[-113.65689,53.38105],[-113.65657,53.38112],[-113.65634,53.38115],[-113.65626,53.38119],[-113.6556,53.38133],[-113.65542,53.38139],[-113.65383,53.38199],[-113.65349,53.38211],[-113.65328,53.38219],[-113.65313,53.38226],[-113.65286,53.38234],[-113.65254,53.38244],[-113.65211,53.38259],[-113.65169,53.38275],[-113.65151,53.38285],[-113.6513,53.38298],[-113.65107,53.38312],[-113.65083,53.38327],[-113.65056,53.38344],[-113.65033,53.38359],[-113.65009,53.38373],[-113.64998,53.38382],[-113.64987,53.38392],[-113.6498,53.384],[-113.64968,53.38409],[-113.64946,53.38427],[-113.64935,53.3844],[-113.64923,53.38452],[-113.64901,53.38475],[-113.64882,53.38494],[-113.64863,53.3851],[-113.64847,53.38525],[-113.64834,53.38536],[-113.64828,53.38542],[-113.64816,53.38558],[-113.64804,53.38574],[-113.64796,53.38584],[-113.64782,53.38599],[-113.64769,53.38614],[-113.64757,53.38628],[-113.64747,53.3864],[-113.6473,53.38657],[-113.64719,53.38668],[-113.6471,53.38674],[-113.64693,53.38687],[-113.64672,53.38704],[-113.64655,53.38719],[-113.64646,53.38726],[-113.64628,53.38739],[-113.64614,53.38752],[-113.64603,53.38766],[-113.64589,53.38784],[-113.64578,53.38799],[-113.6457,53.38812],[-113.64561,53.38826],[-113.6455,53.38846],[-113.64533,53.38872],[-113.64517,53.38897],[-113.64509,53.38909],[-113.64502,53.38929],[-113.64482,53.38971],[-113.6447,53.38984],[-113.6445,53.39026],[-113.64444,53.39032],[-113.64424,53.3905],[-113.64419,53.39063],[-113.64404,53.39094],[-113.64391,53.3912],[-113.64379,53.39169],[-113.64377,53.39189],[-113.64373,53.3922],[-113.64365,53.39238],[-113.64355,53.39269],[-113.64356,53.39301],[-113.64365,53.39316],[-113.6438,53.39327],[-113.64383,53.39374],[-113.64393,53.3939],[-113.6439,53.39475],[-113.64396,53.39566],[-113.63947,53.3956],[-113.62684,53.39563],[-113.61484,53.39565],[-113.61168,53.39565],[-113.61168,53.39561],[-113.60848,53.39561],[-113.60848,53.3954],[-113.60445,53.39541],[-113.60445,53.39562],[-113.60241,53.39561],[-113.60241,53.39566],[-113.59025,53.39567],[-113.56555,53.39569],[-113.5653,53.36687],[-113.58627,53.36676],[-113.58598,53.33779],[-113.58598,53.33759],[-113.58611,53.33759],[-113.58611,53.33755],[-113.5982,53.33755],[-113.59907,53.33756],[-113.60056,53.33752],[-113.60387,53.33752],[-113.60626,53.33756],[-113.61072,53.33757],[-113.61363,53.33757],[-113.61363,53.33764],[-113.615,53.33769],[-113.615,53.33764],[-113.61918,53.33775],[-113.62054,53.33771],[-113.62124,53.33785],[-113.62261,53.33785],[-113.62261,53.3378],[-113.62407,53.33778],[-113.62407,53.33775],[-113.63195,53.33754],[-113.63238,53.33753],[-113.63281,53.33753],[-113.63325,53.33752],[-113.63368,53.33752],[-113.63411,53.33752],[-113.63454,53.33752],[-113.63468,53.33744],[-113.63498,53.33744],[-113.63498,53.33744],[-113.63511,53.33753],[-113.63601,53.33755],[-113.63862,53.33762],[-113.63902,53.33763],[-113.63942,53.33764],[-113.63982,53.33764],[-113.64022,53.33765],[-113.64062,53.33765],[-113.64102,53.33765],[-113.64102,53.3377],[-113.64286,53.33768],[-113.64286,53.33762],[-113.64706,53.33751],[-113.65901,53.33744],[-113.65914,53.33736],[-113.65944,53.33736],[-113.65945,53.3374],[-113.65958,53.33748],[-113.66389,53.33748],[-113.66389,53.33744],[-113.66858,53.33744],[-113.669,53.33744],[-113.66943,53.33745],[-113.66985,53.33745],[-113.67027,53.33746],[-113.67069,53.33747],[-113.67111,53.33749],[-113.6713,53.33749],[-113.67149,53.3375]]]]}},{"type":"Feature","properties":{"name":"EDMONTON SOUTH NBHD2"},"geometry":{"type":"MultiPolygon","coordinates":[[[[-113.58627,53.36676],[-113.5653,53.36687],[-113.56555,53.39569],[-113.56524,53.39569],[-113.56381,53.3957],[-113.55919,53.3957],[-113.55919,53.39556],[-113.55803,53.39556],[-113.55616,53.39556],[-113.55616,53.3957],[-113.55314,53.3957],[-113.55314,53.39566],[-113.54846,53.39566],[-113.54725,53.39566],[-113.54071,53.39567],[-113.54071,53.39571],[-113.51628,53.39578],[-113.51093,53.39577],[-113.51307,53.39283],[-113.51517,53.38994],[-113.5153,53.38976],[-113.51552,53.38946],[-113.51562,53.38933],[-113.51572,53.3892],[-113.51583,53.38907],[-113.51594,53.38895],[-113.51605,53.38882],[-113.51617,53.38869],[-113.51647,53.38839],[-113.5167,53.38817],[-113.51683,53.38805],[-113.51693,53.38796],[-113.51702,53.38787],[-113.51711,53.38778],[-113.51719,53.38769],[-113.51728,53.3876],[-113.51736,53.38751],[-113.51738,53.38749],[-113.51741,53.38745],[-113.51745,53.38741],[-113.51748,53.38738],[-113.51751,53.38734],[-113.51755,53.38729],[-113.51759,53.38724],[-113.51764,53.38718],[-113.51768,53.38712],[-113.51773,53.38707],[-113.51777,53.38701],[-113.51781,53.38696],[-113.51839,53.38616],[-113.51908,53.3852],[-113.51996,53.384],[-113.52,53.38395],[-113.52202,53.38118],[-113.52214,53.38099],[-113.52227,53.38081],[-113.52238,53.38062],[-113.52249,53.38044],[-113.52259,53.38025],[-113.52269,53.38006],[-113.52305,53.37931],[-113.52314,53.37913],[-113.52324,53.37894],[-113.52334,53.37876],[-113.52346,53.37858],[-113.52357,53.3784],[-113.5237,53.37822],[-113.5282,53.37204],[-113.52863,53.37146],[-113.52903,53.3709],[-113.53204,53.36677],[-113.53713,53.35975],[-113.53713,53.35966],[-113.53743,53.35966],[-113.53743,53.35933],[-113.54244,53.35243],[-113.54426,53.34991],[-113.54743,53.34556],[-113.54772,53.3452],[-113.54795,53.34493],[-113.55006,53.34237],[-113.5505,53.34182],[-113.55102,53.34112],[-113.55113,53.34096],[-113.55355,53.33881],[-113.55357,53.33767],[-113.55628,53.33767],[-113.56048,53.33766],[-113.56156,53.33742],[-113.56187,53.33742],[-113.56875,53.33755],[-113.57373,53.33756],[-113.58352,53.33755],[-113.58352,53.33759],[-113.58598,53.33759],[-113.58598,53.33779],[-113.58627,53.36676]]]]}},{"type":"Feature","properties":{"name":"GLENRIDDING RAVINE"},"geometry":{"type":"MultiPolygon","coordinates":[[[[-113.57423,53.4249],[-113.57391,53.4249],[-113.57392,53.42477],[-113.57392,53.42475],[-113.5743,53.42451],[-113.57458,53.42426],[-113.57477,53.4239],[-113.57531,53.4237],[-113.57585,53.42325],[-113.57627,53.42286],[-113.57658,53.42276],[-113.57703,53.4227],[-113.57796,53.42274],[-113.5789,53.42257],[-113.57937,53.42254],[-113.57968,53.42239],[-113.58008,53.42235],[-113.58055,53.42234],[-113.58082,53.42233],[-113.58163,53.42216],[-113.58199,53.4222],[-113.58221,53.42231],[-113.58245,53.42258],[-113.58257,53.42255],[-113.58303,53.42247],[-113.58392,53.42255],[-113.58407,53.42242],[-113.58501,53.42227],[-113.58567,53.42219],[-113.58598,53.42218],[-113.58643,53.4223],[-113.5866,53.42229],[-113.58645,53.42204],[-113.58684,53.42146],[-113.58684,53.42119],[-113.58767,53.42119],[-113.58792,53.42114],[-113.58808,53.42105],[-113.58821,53.42075],[-113.58826,53.4205],[-113.58851,53.42007],[-113.58853,53.41963],[-113.5883,53.41911],[-113.58839,53.41889],[-113.58872,53.41832],[-113.58905,53.41815],[-113.58945,53.41806],[-113.58979,53.41801],[-113.58987,53.41801],[-113.58999,53.41801],[-113.59,53.41758],[-113.59001,53.41416],[-113.59017,53.41416],[-113.59157,53.41415],[-113.59323,53.41357],[-113.59344,53.41272],[-113.59363,53.41196],[-113.59366,53.41197],[-113.59369,53.41197],[-113.59371,53.41197],[-113.59372,53.41198],[-113.59374,53.41198],[-113.59377,53.41198],[-113.59382,53.41198],[-113.59384,53.41198],[-113.59386,53.41198],[-113.59393,53.41198],[-113.59399,53.41198],[-113.59408,53.41199],[-113.59411,53.41199],[-113.59412,53.41199],[-113.59414,53.41199],[-113.59416,53.41199],[-113.59417,53.41199],[-113.59418,53.41199],[-113.59426,53.41198],[-113.59446,53.41194],[-113.5945,53.41194],[-113.5946,53.41193],[-113.59464,53.41193],[-113.59466,53.41192],[-113.59468,53.41192],[-113.5947,53.41191],[-113.59476,53.4119],[-113.59478,53.41189],[-113.59485,53.41187],[-113.59496,53.41184],[-113.59497,53.41184],[-113.59499,53.41183],[-113.595,53.41183],[-113.59501,53.41182],[-113.59503,53.41182],[-113.59504,53.41182],[-113.59506,53.41181],[-113.5951,53.41181],[-113.59512,53.41181],[-113.59514,53.4118],[-113.5952,53.41179],[-113.59526,53.41177],[-113.59535,53.41175],[-113.59538,53.41174],[-113.59543,53.41172],[-113.59548,53.41171],[-113.59551,53.4117],[-113.59555,53.41169],[-113.59559,53.41168],[-113.59561,53.41168],[-113.59564,53.41167],[-113.59566,53.41167],[-113.59569,53.41167],[-113.5957,53.41167],[-113.59573,53.41167],[-113.59576,53.41167],[-113.59579,53.41167],[-113.59582,53.41167],[-113.59584,53.41167],[-113.59586,53.41167],[-113.59587,53.41167],[-113.59588,53.41167],[-113.5959,53.41167],[-113.59591,53.41166],[-113.59592,53.41166],[-113.59593,53.41166],[-113.59594,53.41165],[-113.59596,53.41164],[-113.59597,53.41163],[-113.59599,53.41162],[-113.59601,53.4116],[-113.59603,53.41158],[-113.59605,53.41157],[-113.59606,53.41156],[-113.59606,53.41156],[-113.59607,53.41155],[-113.59608,53.41154],[-113.59609,53.41152],[-113.59609,53.41151],[-113.59609,53.4115],[-113.59609,53.41149],[-113.59609,53.41148],[-113.59609,53.41147],[-113.59608,53.41146],[-113.59607,53.41144],[-113.59606,53.41142],[-113.59606,53.41141],[-113.59605,53.4114],[-113.59604,53.4114],[-113.59603,53.41139],[-113.596,53.41135],[-113.59598,53.41134],[-113.59597,53.41133],[-113.59596,53.41132],[-113.59595,53.4113],[-113.59594,53.41129],[-113.59593,53.41128],[-113.59592,53.41126],[-113.59591,53.41125],[-113.5959,53.41124],[-113.59589,53.41122],[-113.59588,53.41121],[-113.59588,53.4112],[-113.59587,53.41119],[-113.59586,53.41117],[-113.59585,53.41116],[-113.59584,53.41114],[-113.59583,53.41112],[-113.59582,53.41111],[-113.59581,53.4111],[-113.59581,53.4111],[-113.5958,53.41106],[-113.59579,53.41103],[-113.59579,53.41103],[-113.59579,53.41102],[-113.59579,53.41101],[-113.59579,53.411],[-113.59579,53.41099],[-113.5958,53.41098],[-113.5958,53.41096],[-113.59581,53.41095],[-113.59581,53.41094],[-113.59582,53.41093],[-113.59583,53.41091],[-113.59584,53.41089],[-113.59585,53.41087],[-113.59586,53.41085],[-113.59588,53.4108],[-113.59588,53.41079],[-113.5959,53.41076],[-113.59592,53.41072],[-113.59592,53.41071],[-113.59593,53.4107],[-113.59593,53.4107],[-113.59593,53.41068],[-113.59593,53.41067],[-113.59593,53.41066],[-113.59592,53.41065],[-113.59591,53.41063],[-113.5959,53.41062],[-113.5959,53.41061],[-113.59589,53.4106],[-113.59588,53.41058],[-113.59588,53.41056],[-113.59587,53.41055],[-113.59587,53.41054],[-113.59587,53.41053],[-113.59587,53.41052],[-113.59587,53.4105],[-113.59588,53.41047],[-113.59589,53.41046],[-113.59589,53.41044],[-113.59589,53.41043],[-113.59589,53.41042],[-113.59588,53.4104],[-113.59588,53.41039],[-113.59588,53.41038],[-113.59589,53.41036],[-113.59589,53.41034],[-113.60234,53.41033],[-113.60237,53.40353],[-113.60237,53.40311],[-113.60563,53.4031],[-113.60845,53.4031],[-113.60848,53.39588],[-113.60848,53.39561],[-113.61168,53.39561],[-113.61168,53.39565],[-113.61454,53.39565],[-113.61465,53.4103],[-113.61464,53.41664],[-113.61451,53.41664],[-113.6115,53.41664],[-113.6115,53.41754],[-113.60233,53.41756],[-113.5986,53.41756],[-113.59784,53.41831],[-113.59721,53.41882],[-113.59659,53.41924],[-113.59521,53.42006],[-113.59405,53.42062],[-113.59313,53.42098],[-113.5924,53.4213],[-113.59175,53.42173],[-113.59117,53.42227],[-113.59094,53.42263],[-113.58998,53.4249],[-113.57423,53.4249]]]]}},{"type":"Feature","properties":{"name":"EDMONTON SOUTH NBHD3"},"geometry":{"type":"MultiPolygon","coordinates":[[[[-113.46689,53.3667],[-113.46743,53.3667],[-113.46743,53.36699],[-113.46741,53.37448],[-113.46761,53.37451],[-113.46771,53.37453],[-113.46769,53.38148],[-113.46739,53.38148],[-113.46743,53.39577],[-113.44287,53.39578],[-113.4178,53.39579],[-113.39366,53.39571],[-113.39366,53.39567],[-113.39034,53.39567],[-113.39034,53.39572],[-113.38122,53.39573],[-113.36909,53.39574],[-113.36787,53.39574],[-113.36787,53.39569],[-113.34464,53.39566],[-113.3446,53.38125],[-113.34442,53.36673],[-113.36704,53.36675],[-113.3729,53.36675],[-113.3789,53.36674],[-113.39097,53.36674],[-113.39097,53.36692],[-113.39127,53.36691],[-113.3915,53.36691],[-113.3933,53.36691],[-113.3936,53.36691],[-113.39361,53.37405],[-113.39363,53.38127],[-113.40575,53.3813],[-113.41727,53.38132],[-113.41773,53.38132],[-113.41882,53.38132],[-113.41918,53.38132],[-113.4304,53.38133],[-113.44263,53.38134],[-113.4427,53.37402],[-113.443,53.37402],[-113.45504,53.37411],[-113.45507,53.36698],[-113.46453,53.36699],[-113.46453,53.36665],[-113.46482,53.36667],[-113.46584,53.36667],[-113.46592,53.36667],[-113.46599,53.36667],[-113.46606,53.36667],[-113.46613,53.36667],[-113.46621,53.36667],[-113.46628,53.36668],[-113.46649,53.36669],[-113.46654,53.36669],[-113.46658,53.36669],[-113.46663,53.36669],[-113.46668,53.36669],[-113.46672,53.36669],[-113.46677,53.3667],[-113.46683,53.3667],[-113.46689,53.3667]]]]}},{"type":"Feature","properties":{"name":"GORMAN"},"geometry":{"type":"MultiPolygon","coordinates":[[[[-113.36523,53.61998],[-113.36509,53.61988],[-113.36495,53.61978],[-113.36484,53.61967],[-113.36474,53.61955],[-113.36466,53.61943],[-113.36459,53.6193],[-113.36455,53.61918],[-113.36453,53.61905],[-113.36452,53.61892],[-113.36454,53.61879],[-113.36458,53.61866],[-113.36463,53.61853],[-113.36471,53.61841],[-113.3648,53.61829],[-113.36491,53.61818],[-113.36504,53.61807],[-113.36519,53.61797],[-113.36536,53.61787],[-113.36554,53.61779],[-113.36573,53.61771],[-113.36594,53.61765],[-113.36616,53.6176],[-113.36793,53.61724],[-113.36794,53.61611],[-113.36794,53.61579],[-113.36794,53.61517],[-113.36794,53.61479],[-113.36794,53.61419],[-113.36794,53.61405],[-113.36901,53.61405],[-113.369,53.61618],[-113.36935,53.61614],[-113.37018,53.61604],[-113.37036,53.61602],[-113.3705,53.61601],[-113.37086,53.61599],[-113.3716,53.61598],[-113.3729,53.61599],[-113.37495,53.61599],[-113.37814,53.61599],[-113.3849,53.61599],[-113.38682,53.616],[-113.38764,53.61599],[-113.38821,53.616],[-113.3885,53.616],[-113.38915,53.61599],[-113.38943,53.61599],[-113.38991,53.616],[-113.39007,53.61599],[-113.39028,53.61598],[-113.39068,53.61597],[-113.39073,53.61599],[-113.3908,53.616],[-113.39093,53.616],[-113.39135,53.61596],[-113.39244,53.61579],[-113.393,53.61566],[-113.39362,53.61548],[-113.39493,53.61506],[-113.39707,53.61448],[-113.39787,53.61434],[-113.39951,53.61416],[-113.40019,53.61412],[-113.40084,53.61413],[-113.40351,53.61434],[-113.40146,53.61702],[-113.40065,53.61838],[-113.39948,53.62099],[-113.39646,53.62099],[-113.39374,53.62098],[-113.39374,53.62131],[-113.39859,53.62132],[-113.39933,53.62132],[-113.39906,53.62193],[-113.39647,53.62867],[-113.39358,53.62865],[-113.39319,53.62865],[-113.39318,53.63131],[-113.3922,53.63202],[-113.39112,53.63226],[-113.39076,53.63232],[-113.39039,53.63237],[-113.39002,53.63239],[-113.38965,53.6324],[-113.38927,53.63238],[-113.3889,53.63234],[-113.38854,53.63229],[-113.38819,53.63221],[-113.38786,53.63211],[-113.38754,53.63199],[-113.38405,53.63057],[-113.38125,53.62907],[-113.38125,53.62881],[-113.38125,53.62864],[-113.3802,53.62864],[-113.38018,53.6285],[-113.38006,53.62843],[-113.38009,53.6267],[-113.3798,53.62664],[-113.38011,53.62629],[-113.37428,53.62524],[-113.37403,53.625],[-113.37663,53.62338],[-113.37995,53.62131],[-113.37954,53.62131],[-113.37919,53.62131],[-113.37675,53.62131],[-113.37692,53.62273],[-113.37377,53.62469],[-113.36815,53.6217],[-113.36748,53.62131],[-113.36692,53.62131],[-113.36654,53.6211],[-113.36654,53.62075],[-113.36523,53.61998]]]]}},{"type":"Feature","properties":{"name":"RURAL NORTH EAST SOUTH STURGEON"},"geometry":{"type":"MultiPolygon","coordinates":[[[[-113.3079,53.63831],[-113.30785,53.64076],[-113.30784,53.64076],[-113.30782,53.64076],[-113.30779,53.64076],[-113.30783,53.64311],[-113.30781,53.65033],[-113.2956,53.6503],[-113.2953,53.6503],[-113.2953,53.65101],[-113.29383,53.65065],[-113.29284,53.65069],[-113.29181,53.65106],[-113.29156,53.6515],[-113.29087,53.65235],[-113.28954,53.65376],[-113.28919,53.65423],[-113.28787,53.65424],[-113.28789,53.65442],[-113.28783,53.65503],[-113.28805,53.65563],[-113.28753,53.65666],[-113.28704,53.65736],[-113.28673,53.65764],[-113.29549,53.65761],[-113.30788,53.65765],[-113.30778,53.65774],[-113.30771,53.66498],[-113.30152,53.66495],[-113.30049,53.67203],[-113.30049,53.67211],[-113.29792,53.67211],[-113.29697,53.67364],[-113.29693,53.67369],[-113.29673,53.67455],[-113.2955,53.67455],[-113.2955,53.67219],[-113.29538,53.67219],[-113.29484,53.6722],[-113.29268,53.67221],[-113.29267,53.67221],[-113.29266,53.6722],[-113.29265,53.67219],[-113.29262,53.67219],[-113.2926,53.67219],[-113.29258,53.67219],[-113.29257,53.67218],[-113.29256,53.67218],[-113.29254,53.67217],[-113.29253,53.67217],[-113.29251,53.67217],[-113.29248,53.67217],[-113.29245,53.67217],[-113.29243,53.67216],[-113.29239,53.67216],[-113.29224,53.67216],[-113.29221,53.67216],[-113.29218,53.67215],[-113.29214,53.67215],[-113.29208,53.67214],[-113.29205,53.67214],[-113.29203,53.67214],[-113.29201,53.67213],[-113.29199,53.67214],[-113.29197,53.67214],[-113.29196,53.67214],[-113.29192,53.67214],[-113.29189,53.67214],[-113.29188,53.67214],[-113.29186,53.67214],[-113.29185,53.67214],[-113.29182,53.67213],[-113.2918,53.67213],[-113.29179,53.67213],[-113.29177,53.67213],[-113.29175,53.67213],[-113.29174,53.67213],[-113.29172,53.67213],[-113.29153,53.67212],[-113.29148,53.67212],[-113.29143,53.67212],[-113.29141,53.67212],[-113.29137,53.67212],[-113.29134,53.67212],[-113.29128,53.67212],[-113.29122,53.67212],[-113.2912,53.67212],[-113.29117,53.67213],[-113.2911,53.67213],[-113.29107,53.67214],[-113.29106,53.67214],[-113.29105,53.67214],[-113.29104,53.67213],[-113.29103,53.67213],[-113.29102,53.67214],[-113.29102,53.67214],[-113.29098,53.67215],[-113.29097,53.67215],[-113.29096,53.67216],[-113.29093,53.67215],[-113.29088,53.67216],[-113.29084,53.67216],[-113.29081,53.67216],[-113.29078,53.67217],[-113.29078,53.67217],[-113.29076,53.67217],[-113.29073,53.67217],[-113.29072,53.67217],[-113.29071,53.67217],[-113.29069,53.67217],[-113.29065,53.67217],[-113.29063,53.67217],[-113.29061,53.67218],[-113.29054,53.67218],[-113.29051,53.67218],[-113.29049,53.67218],[-113.29047,53.67218],[-113.29045,53.67219],[-113.29042,53.67219],[-113.2903,53.67222],[-113.29021,53.67223],[-113.29019,53.67223],[-113.29018,53.67224],[-113.29015,53.67224],[-113.29012,53.67224],[-113.2901,53.67224],[-113.29008,53.67224],[-113.29007,53.67224],[-113.29005,53.67225],[-113.29003,53.67226],[-113.29002,53.67226],[-113.29,53.67226],[-113.28997,53.67227],[-113.28993,53.67227],[-113.28983,53.67228],[-113.2898,53.67228],[-113.28979,53.67229],[-113.28978,53.67229],[-113.28976,53.6723],[-113.28975,53.6723],[-113.28974,53.6723],[-113.28969,53.67231],[-113.28963,53.67232],[-113.28961,53.67232],[-113.28959,53.67233],[-113.28957,53.67233],[-113.28955,53.67233],[-113.28951,53.67233],[-113.28948,53.67234],[-113.28947,53.67234],[-113.28946,53.67234],[-113.28944,53.67235],[-113.28943,53.67235],[-113.28942,53.67236],[-113.2894,53.67236],[-113.28937,53.67236],[-113.28936,53.67236],[-113.28935,53.67237],[-113.2893,53.67238],[-113.28928,53.67238],[-113.2892,53.6724],[-113.28919,53.67241],[-113.28916,53.67241],[-113.28915,53.67241],[-113.28913,53.67242],[-113.28907,53.67243],[-113.28901,53.67245],[-113.28898,53.67246],[-113.28895,53.67246],[-113.2889,53.67247],[-113.28889,53.67248],[-113.28888,53.67248],[-113.28887,53.67248],[-113.28885,53.67248],[-113.28882,53.67248],[-113.28881,53.67248],[-113.28879,53.67248],[-113.28877,53.67248],[-113.28873,53.67249],[-113.28869,53.67249],[-113.28866,53.67249],[-113.28863,53.6725],[-113.2886,53.6725],[-113.28859,53.67251],[-113.28856,53.67251],[-113.28855,53.67251],[-113.28854,53.67251],[-113.28853,53.67251],[-113.28851,53.67251],[-113.28849,53.67252],[-113.28848,53.67252],[-113.28846,53.67253],[-113.28843,53.67254],[-113.2884,53.67256],[-113.28838,53.67256],[-113.28837,53.67257],[-113.28835,53.67257],[-113.28833,53.67258],[-113.28833,53.67257],[-113.28832,53.67257],[-113.2883,53.67258],[-113.28828,53.67258],[-113.28827,53.67259],[-113.28826,53.67259],[-113.28824,53.6726],[-113.28816,53.67262],[-113.2881,53.67263],[-113.28809,53.67264],[-113.28808,53.67264],[-113.28805,53.67264],[-113.28803,53.67265],[-113.28802,53.67265],[-113.28796,53.67266],[-113.28793,53.67267],[-113.2879,53.67268],[-113.28787,53.67269],[-113.28783,53.67269],[-113.28778,53.6727],[-113.2877,53.67272],[-113.28768,53.67272],[-113.28765,53.67273],[-113.28764,53.67273],[-113.28762,53.67274],[-113.28761,53.67274],[-113.28758,53.67275],[-113.28755,53.67276],[-113.28752,53.67277],[-113.28751,53.67278],[-113.2875,53.67278],[-113.28748,53.67279],[-113.28747,53.67279],[-113.2874,53.67279],[-113.28731,53.6728],[-113.28726,53.6728],[-113.28723,53.67281],[-113.2872,53.67281],[-113.28717,53.67282],[-113.28711,53.67283],[-113.28706,53.67284],[-113.287,53.67285],[-113.28698,53.67286],[-113.28696,53.67286],[-113.28692,53.67287],[-113.28689,53.67287],[-113.28688,53.67287],[-113.28686,53.67287],[-113.28683,53.67288],[-113.28681,53.67288],[-113.28675,53.67289],[-113.28671,53.6729],[-113.28668,53.6729],[-113.28667,53.67291],[-113.28666,53.67292],[-113.28666,53.67292],[-113.28664,53.67293],[-113.28662,53.67293],[-113.28661,53.67293],[-113.2866,53.67293],[-113.28657,53.67294],[-113.28654,53.67295],[-113.28645,53.67297],[-113.28643,53.67298],[-113.28641,53.67298],[-113.28639,53.67299],[-113.28637,53.67299],[-113.28625,53.673],[-113.28623,53.673],[-113.28621,53.673],[-113.28618,53.67301],[-113.2861,53.67302],[-113.28603,53.67303],[-113.28601,53.67304],[-113.28598,53.67304],[-113.28595,53.67304],[-113.28594,53.67305],[-113.28592,53.67305],[-113.28589,53.67306],[-113.28587,53.67307],[-113.28585,53.67307],[-113.28583,53.67307],[-113.2858,53.67308],[-113.28578,53.67308],[-113.28577,53.67308],[-113.28573,53.67309],[-113.28566,53.67311],[-113.28558,53.67313],[-113.28554,53.67314],[-113.2855,53.67314],[-113.28549,53.67315],[-113.28546,53.67315],[-113.28544,53.67315],[-113.28541,53.67316],[-113.28537,53.67317],[-113.28534,53.67318],[-113.28527,53.67319],[-113.28524,53.67319],[-113.28521,53.6732],[-113.28518,53.6732],[-113.28514,53.6732],[-113.28512,53.67321],[-113.28509,53.67321],[-113.28507,53.67321],[-113.28498,53.67322],[-113.28496,53.67323],[-113.28493,53.67324],[-113.2849,53.67324],[-113.28486,53.67325],[-113.28482,53.67327],[-113.2848,53.67327],[-113.28477,53.67328],[-113.28476,53.67329],[-113.28474,53.67329],[-113.28473,53.6733],[-113.28472,53.6733],[-113.2847,53.6733],[-113.28468,53.6733],[-113.28466,53.6733],[-113.28465,53.6733],[-113.28463,53.67331],[-113.28461,53.67332],[-113.2846,53.67332],[-113.28458,53.67333],[-113.28454,53.67334],[-113.28452,53.67334],[-113.28449,53.67335],[-113.28445,53.67335],[-113.28441,53.67336],[-113.28439,53.67336],[-113.28437,53.67336],[-113.28436,53.67336],[-113.28434,53.67336],[-113.28431,53.67337],[-113.28423,53.67339],[-113.28416,53.6734],[-113.28414,53.6734],[-113.28411,53.67341],[-113.2841,53.67341],[-113.28408,53.67341],[-113.28407,53.6734],[-113.28403,53.6734],[-113.28399,53.6734],[-113.28395,53.67341],[-113.28392,53.67341],[-113.2839,53.67341],[-113.28387,53.67341],[-113.28384,53.67341],[-113.28382,53.67341],[-113.28379,53.67341],[-113.28374,53.67341],[-113.28371,53.67341],[-113.28368,53.67341],[-113.28366,53.67341],[-113.28364,53.67342],[-113.28363,53.67342],[-113.2836,53.67343],[-113.28357,53.67343],[-113.28355,53.67344],[-113.28354,53.67344],[-113.28354,53.67344],[-113.28351,53.67344],[-113.2835,53.67344],[-113.28348,53.67345],[-113.28345,53.67345],[-113.28335,53.67344],[-113.28331,53.67344],[-113.28327,53.67344],[-113.28326,53.67344],[-113.28325,53.67344],[-113.28321,53.67345],[-113.2832,53.67345],[-113.28318,53.67345],[-113.28315,53.67345],[-113.28314,53.67345],[-113.28312,53.67345],[-113.28307,53.67346],[-113.28297,53.67347],[-113.28295,53.67348],[-113.28292,53.67348],[-113.28279,53.67351],[-113.28277,53.67351],[-113.28274,53.67352],[-113.28271,53.67352],[-113.2827,53.67352],[-113.28265,53.67354],[-113.28262,53.67354],[-113.2826,53.67355],[-113.28259,53.67356],[-113.28256,53.67356],[-113.28254,53.67357],[-113.28249,53.67357],[-113.28245,53.67358],[-113.28243,53.67358],[-113.2824,53.67359],[-113.28239,53.67359],[-113.28237,53.67359],[-113.28236,53.67359],[-113.28235,53.67359],[-113.28231,53.67359],[-113.28226,53.67359],[-113.28221,53.6736],[-113.28216,53.67361],[-113.28213,53.67361],[-113.28211,53.67361],[-113.28209,53.67362],[-113.28208,53.67362],[-113.28207,53.67362],[-113.28206,53.67362],[-113.28204,53.67363],[-113.28198,53.67363],[-113.28196,53.67363],[-113.28191,53.67363],[-113.28189,53.67363],[-113.28187,53.67363],[-113.28182,53.67363],[-113.28181,53.67363],[-113.2817,53.67364],[-113.28164,53.67364],[-113.28158,53.67364],[-113.28155,53.67364],[-113.2815,53.67364],[-113.28144,53.67364],[-113.28134,53.67364],[-113.28122,53.67364],[-113.28117,53.67364],[-113.28112,53.67364],[-113.2811,53.67364],[-113.28106,53.67364],[-113.28105,53.67364],[-113.28103,53.67364],[-113.281,53.67364],[-113.28096,53.67364],[-113.28092,53.67364],[-113.28089,53.67364],[-113.28084,53.67364],[-113.28082,53.67364],[-113.2808,53.67364],[-113.28078,53.67364],[-113.28076,53.67364],[-113.28071,53.67364],[-113.28069,53.67365],[-113.28068,53.67365],[-113.28049,53.67365],[-113.28033,53.67365],[-113.2803,53.67365],[-113.28026,53.67365],[-113.28024,53.67365],[-113.2802,53.67365],[-113.28017,53.67364],[-113.28015,53.67364],[-113.28013,53.67364],[-113.2801,53.67364],[-113.28008,53.67363],[-113.28005,53.67363],[-113.28003,53.67363],[-113.28001,53.67363],[-113.28,53.67363],[-113.27999,53.67362],[-113.27997,53.67362],[-113.27996,53.67361],[-113.27993,53.67361],[-113.27992,53.6736],[-113.27991,53.6736],[-113.27988,53.67359],[-113.27979,53.67358],[-113.27977,53.67358],[-113.27974,53.67358],[-113.27973,53.67358],[-113.2797,53.67358],[-113.27968,53.67357],[-113.27963,53.67357],[-113.27959,53.67357],[-113.27956,53.67357],[-113.27949,53.67356],[-113.27947,53.67355],[-113.27943,53.67355],[-113.27939,53.67355],[-113.27928,53.67354],[-113.27926,53.67354],[-113.27923,53.67353],[-113.27917,53.67352],[-113.27915,53.67351],[-113.27913,53.6735],[-113.27912,53.6735],[-113.27912,53.6735],[-113.27911,53.67349],[-113.2791,53.67348],[-113.27909,53.67348],[-113.27908,53.67348],[-113.27907,53.67348],[-113.27905,53.67347],[-113.27905,53.67347],[-113.27904,53.67347],[-113.27903,53.67346],[-113.27902,53.67346],[-113.27899,53.67346],[-113.27897,53.67346],[-113.27896,53.67345],[-113.27895,53.67345],[-113.27892,53.67344],[-113.27888,53.67343],[-113.27886,53.67342],[-113.27884,53.67342],[-113.27882,53.67341],[-113.27881,53.67341],[-113.2788,53.67341],[-113.27877,53.6734],[-113.27875,53.6734],[-113.27871,53.6734],[-113.27867,53.67339],[-113.27866,53.67339],[-113.27863,53.67338],[-113.27859,53.67338],[-113.27853,53.67336],[-113.27849,53.67336],[-113.27846,53.67335],[-113.27843,53.67335],[-113.2784,53.67334],[-113.27839,53.67334],[-113.27837,53.67333],[-113.27836,53.67333],[-113.27835,53.67333],[-113.27832,53.67332],[-113.27828,53.67332],[-113.27826,53.67332],[-113.27825,53.67331],[-113.27824,53.67331],[-113.27823,53.67331],[-113.27821,53.6733],[-113.2782,53.6733],[-113.27818,53.67328],[-113.27816,53.67327],[-113.27803,53.67324],[-113.27802,53.67324],[-113.27799,53.67323],[-113.27796,53.67323],[-113.27792,53.67322],[-113.27787,53.67321],[-113.2778,53.6732],[-113.27777,53.6732],[-113.27776,53.6732],[-113.27772,53.6732],[-113.27766,53.6732],[-113.27765,53.6732],[-113.27764,53.6732],[-113.27763,53.6732],[-113.27762,53.6732],[-113.27757,53.6732],[-113.27752,53.6732],[-113.2775,53.6732],[-113.27749,53.6732],[-113.27748,53.67319],[-113.27745,53.67319],[-113.27743,53.67318],[-113.27738,53.67317],[-113.27737,53.67317],[-113.27736,53.67316],[-113.27734,53.67316],[-113.27731,53.67315],[-113.27727,53.67315],[-113.27725,53.67314],[-113.27724,53.67314],[-113.27722,53.67314],[-113.27719,53.67314],[-113.27718,53.67314],[-113.27717,53.67314],[-113.27715,53.67314],[-113.27711,53.67314],[-113.2771,53.67314],[-113.27703,53.67315],[-113.27701,53.67315],[-113.27698,53.67315],[-113.27697,53.67315],[-113.27695,53.67315],[-113.27694,53.67315],[-113.27689,53.67314],[-113.27686,53.67314],[-113.27682,53.67313],[-113.27681,53.67313],[-113.2768,53.67313],[-113.27678,53.67313],[-113.27675,53.67312],[-113.27671,53.67312],[-113.27669,53.67312],[-113.27667,53.67311],[-113.27666,53.67311],[-113.27665,53.67311],[-113.27662,53.6731],[-113.27659,53.67309],[-113.27657,53.67308],[-113.27655,53.67308],[-113.27652,53.67307],[-113.27649,53.67306],[-113.27647,53.67305],[-113.27645,53.67305],[-113.27644,53.67305],[-113.27643,53.67305],[-113.27641,53.67305],[-113.2764,53.67305],[-113.27639,53.67305],[-113.27633,53.67304],[-113.27625,53.67303],[-113.27618,53.67302],[-113.27617,53.67302],[-113.27613,53.67301],[-113.27609,53.67301],[-113.27608,53.673],[-113.27606,53.673],[-113.27605,53.673],[-113.27604,53.67299],[-113.27603,53.67299],[-113.276,53.67297],[-113.27599,53.67297],[-113.27597,53.67296],[-113.27594,53.67296],[-113.27593,53.67296],[-113.2759,53.67295],[-113.27588,53.67295],[-113.27587,53.67294],[-113.27585,53.67294],[-113.27583,53.67294],[-113.2758,53.67293],[-113.27578,53.67293],[-113.27576,53.67293],[-113.27573,53.67292],[-113.27571,53.67292],[-113.2757,53.67291],[-113.27565,53.6729],[-113.27559,53.67288],[-113.27557,53.67287],[-113.27555,53.67286],[-113.27552,53.67285],[-113.27545,53.67283],[-113.27542,53.67282],[-113.2754,53.67281],[-113.27531,53.67278],[-113.27529,53.67277],[-113.27528,53.67276],[-113.27526,53.67275],[-113.27525,53.67274],[-113.27515,53.67269],[-113.27507,53.67265],[-113.27506,53.67264],[-113.27503,53.67263],[-113.275,53.67261],[-113.27498,53.6726],[-113.27495,53.67259],[-113.27493,53.67258],[-113.27488,53.67256],[-113.27486,53.67255],[-113.27484,53.67255],[-113.27484,53.67254],[-113.27483,53.67254],[-113.27481,53.67254],[-113.27479,53.67254],[-113.27478,53.67254],[-113.27474,53.67253],[-113.27473,53.67253],[-113.27471,53.67252],[-113.27468,53.67252],[-113.27467,53.67252],[-113.27466,53.67252],[-113.27464,53.67252],[-113.27463,53.67251],[-113.27461,53.67251],[-113.2746,53.67251],[-113.27459,53.6725],[-113.27456,53.67249],[-113.27453,53.67248],[-113.27452,53.67248],[-113.27451,53.67247],[-113.27449,53.67247],[-113.27448,53.67246],[-113.27447,53.67245],[-113.27444,53.67244],[-113.27442,53.67243],[-113.27441,53.67243],[-113.27433,53.67239],[-113.27427,53.67236],[-113.27426,53.67235],[-113.27424,53.67234],[-113.27423,53.67234],[-113.2742,53.67232],[-113.27415,53.67228],[-113.2741,53.67225],[-113.27405,53.67222],[-113.27399,53.67217],[-113.27393,53.67213],[-113.27388,53.67209],[-113.27384,53.67206],[-113.27382,53.67204],[-113.27376,53.67199],[-113.27373,53.67196],[-113.27371,53.67195],[-113.27367,53.67191],[-113.27362,53.67188],[-113.27359,53.67186],[-113.27355,53.67184],[-113.27353,53.67182],[-113.27352,53.67181],[-113.27351,53.67181],[-113.27349,53.67178],[-113.27346,53.67175],[-113.27343,53.67172],[-113.27337,53.67166],[-113.27332,53.67161],[-113.2733,53.67159],[-113.27329,53.67158],[-113.27327,53.67156],[-113.27324,53.67154],[-113.27314,53.67147],[-113.27313,53.67146],[-113.27311,53.67145],[-113.27307,53.67142],[-113.27306,53.67142],[-113.27305,53.67141],[-113.27304,53.6714],[-113.27303,53.67139],[-113.27301,53.67137],[-113.27299,53.67135],[-113.27295,53.6713],[-113.27288,53.67122],[-113.27287,53.6712],[-113.27285,53.67118],[-113.27284,53.67116],[-113.27283,53.67115],[-113.27281,53.67111],[-113.27275,53.671],[-113.2727,53.67092],[-113.27267,53.67088],[-113.27265,53.67083],[-113.27264,53.67083],[-113.27263,53.67082],[-113.27262,53.67081],[-113.27261,53.6708],[-113.27258,53.67078],[-113.27256,53.67077],[-113.27255,53.67076],[-113.27252,53.67072],[-113.27247,53.67067],[-113.27245,53.67065],[-113.27243,53.67062],[-113.27241,53.6706],[-113.2724,53.67059],[-113.27239,53.67057],[-113.27237,53.67056],[-113.27237,53.67054],[-113.27236,53.67053],[-113.27235,53.67051],[-113.27234,53.67049],[-113.27233,53.67047],[-113.27233,53.67044],[-113.27232,53.67042],[-113.27232,53.6704],[-113.27231,53.67037],[-113.27231,53.67035],[-113.27231,53.67034],[-113.2723,53.67031],[-113.27229,53.67029],[-113.27229,53.67028],[-113.27228,53.67027],[-113.27227,53.67026],[-113.27226,53.67024],[-113.27225,53.67023],[-113.27224,53.67022],[-113.27221,53.67019],[-113.2722,53.67018],[-113.27219,53.67017],[-113.27217,53.67014],[-113.27216,53.67013],[-113.27216,53.67013],[-113.27215,53.67012],[-113.27215,53.67011],[-113.27215,53.6701],[-113.27215,53.67008],[-113.27214,53.67006],[-113.27214,53.67],[-113.27214,53.66998],[-113.27214,53.66991],[-113.27214,53.66988],[-113.27214,53.66986],[-113.27214,53.66984],[-113.27214,53.66982],[-113.27213,53.6698],[-113.27213,53.66978],[-113.27212,53.66976],[-113.27211,53.66974],[-113.27211,53.66973],[-113.27209,53.6697],[-113.27207,53.66967],[-113.27204,53.6696],[-113.272,53.66954],[-113.27194,53.66945],[-113.27192,53.66941],[-113.27189,53.66937],[-113.27188,53.66935],[-113.27188,53.66935],[-113.27186,53.66932],[-113.27183,53.66929],[-113.27181,53.66927],[-113.27178,53.66924],[-113.27176,53.66921],[-113.27174,53.66919],[-113.27168,53.66913],[-113.27166,53.66911],[-113.27165,53.6691],[-113.27163,53.66908],[-113.27161,53.66905],[-113.27157,53.66899],[-113.27155,53.66896],[-113.27154,53.66894],[-113.27153,53.66893],[-113.27153,53.66892],[-113.27153,53.66891],[-113.27152,53.6689],[-113.27152,53.66889],[-113.27153,53.66886],[-113.27154,53.6688],[-113.27154,53.66877],[-113.27155,53.66863],[-113.27156,53.66848],[-113.27156,53.66843],[-113.27157,53.66834],[-113.27158,53.66831],[-113.27158,53.66828],[-113.27158,53.66826],[-113.27158,53.66823],[-113.27157,53.66815],[-113.27157,53.66812],[-113.27157,53.66811],[-113.27157,53.66809],[-113.27159,53.66787],[-113.27159,53.66786],[-113.2716,53.66784],[-113.2716,53.66782],[-113.27161,53.6678],[-113.27163,53.66773],[-113.27164,53.66771],[-113.27165,53.66769],[-113.27165,53.66768],[-113.27165,53.66766],[-113.27166,53.66765],[-113.27166,53.66764],[-113.27166,53.6676],[-113.27166,53.66758],[-113.27166,53.66757],[-113.27166,53.66756],[-113.27166,53.66755],[-113.27166,53.66754],[-113.27167,53.66752],[-113.27168,53.6675],[-113.27169,53.66746],[-113.27171,53.66742],[-113.27173,53.66739],[-113.27174,53.66736],[-113.27175,53.66734],[-113.27178,53.6673],[-113.2718,53.66727],[-113.27181,53.66725],[-113.27184,53.66721],[-113.27186,53.66718],[-113.27188,53.66716],[-113.27191,53.66713],[-113.27194,53.66709],[-113.27196,53.66708],[-113.27197,53.66706],[-113.272,53.66704],[-113.27202,53.66702],[-113.27203,53.66701],[-113.27204,53.667],[-113.27206,53.66698],[-113.27206,53.66697],[-113.27207,53.66696],[-113.27207,53.66695],[-113.27208,53.66692],[-113.27208,53.66691],[-113.27209,53.66689],[-113.27211,53.66684],[-113.27212,53.66683],[-113.27212,53.66682],[-113.27213,53.66681],[-113.27213,53.66681],[-113.27214,53.6668],[-113.27214,53.66679],[-113.27215,53.66679],[-113.27215,53.66678],[-113.27222,53.66673],[-113.27231,53.66666],[-113.27241,53.66658],[-113.27261,53.66643],[-113.27264,53.66641],[-113.27273,53.66633],[-113.27274,53.66632],[-113.27276,53.66631],[-113.27277,53.66631],[-113.27279,53.66629],[-113.27282,53.66628],[-113.27285,53.66627],[-113.27288,53.66625],[-113.27294,53.66623],[-113.27297,53.66622],[-113.27301,53.66621],[-113.27305,53.66619],[-113.27308,53.66618],[-113.2731,53.66618],[-113.27312,53.66617],[-113.27314,53.66617],[-113.27317,53.66616],[-113.27319,53.66616],[-113.27322,53.66615],[-113.27326,53.66615],[-113.27328,53.66614],[-113.27334,53.66614],[-113.27336,53.66614],[-113.27338,53.66613],[-113.2734,53.66613],[-113.27344,53.66612],[-113.27346,53.66612],[-113.27352,53.6661],[-113.27353,53.66609],[-113.27355,53.66609],[-113.27365,53.66607],[-113.27374,53.66606],[-113.27384,53.66604],[-113.27388,53.66604],[-113.27392,53.66603],[-113.27395,53.66602],[-113.27399,53.66601],[-113.27403,53.666],[-113.27406,53.66599],[-113.27421,53.66595],[-113.27426,53.66593],[-113.2743,53.66592],[-113.27432,53.66591],[-113.27434,53.66591],[-113.27436,53.6659],[-113.27438,53.66589],[-113.27443,53.66587],[-113.27447,53.66585],[-113.27449,53.66584],[-113.27451,53.66583],[-113.27456,53.66582],[-113.27458,53.66581],[-113.2746,53.66581],[-113.27463,53.66579],[-113.27466,53.66578],[-113.27468,53.66577],[-113.27471,53.66576],[-113.27473,53.66575],[-113.27482,53.6657],[-113.27483,53.66568],[-113.27485,53.66567],[-113.27489,53.66565],[-113.27491,53.66563],[-113.27492,53.66562],[-113.27494,53.66561],[-113.27496,53.6656],[-113.275,53.66558],[-113.27502,53.66557],[-113.27508,53.66554],[-113.2751,53.66552],[-113.27513,53.66551],[-113.27515,53.6655],[-113.27516,53.66548],[-113.27519,53.66546],[-113.27529,53.66538],[-113.27531,53.66537],[-113.27533,53.66536],[-113.27535,53.66535],[-113.27536,53.66534],[-113.2754,53.66532],[-113.27543,53.66531],[-113.27547,53.66528],[-113.27552,53.66526],[-113.27553,53.66525],[-113.27554,53.66525],[-113.27556,53.66523],[-113.27558,53.66522],[-113.27559,53.66521],[-113.27562,53.6652],[-113.27565,53.66519],[-113.27567,53.66518],[-113.2757,53.66517],[-113.27575,53.66515],[-113.2758,53.66513],[-113.27583,53.66512],[-113.27589,53.66509],[-113.27594,53.66507],[-113.27597,53.66506],[-113.27601,53.66504],[-113.27603,53.66503],[-113.27605,53.66502],[-113.2761,53.66499],[-113.27618,53.66494],[-113.27623,53.66491],[-113.27624,53.6649],[-113.27625,53.66489],[-113.27626,53.66488],[-113.27627,53.66487],[-113.27629,53.66486],[-113.27631,53.66483],[-113.27636,53.66479],[-113.27638,53.66477],[-113.2764,53.66475],[-113.27641,53.66474],[-113.27642,53.66474],[-113.27643,53.66472],[-113.27644,53.66471],[-113.27645,53.6647],[-113.27647,53.6647],[-113.27649,53.66468],[-113.27657,53.66462],[-113.27657,53.66462],[-113.27659,53.66461],[-113.2766,53.6646],[-113.27662,53.66458],[-113.27665,53.66456],[-113.27668,53.66453],[-113.27672,53.6645],[-113.27673,53.66449],[-113.27675,53.66448],[-113.27677,53.66447],[-113.27678,53.66446],[-113.27679,53.66446],[-113.2768,53.66445],[-113.27681,53.66444],[-113.27682,53.66442],[-113.27683,53.66441],[-113.27684,53.66441],[-113.27685,53.66439],[-113.27686,53.66438],[-113.27687,53.66438],[-113.2769,53.66436],[-113.27693,53.66434],[-113.27696,53.66432],[-113.27698,53.66431],[-113.277,53.6643],[-113.27701,53.66429],[-113.27706,53.66426],[-113.27708,53.66424],[-113.2771,53.66423],[-113.27711,53.66422],[-113.27712,53.66421],[-113.27712,53.6642],[-113.27713,53.6642],[-113.27713,53.66419],[-113.27714,53.66419],[-113.27715,53.66418],[-113.27717,53.66417],[-113.27718,53.66417],[-113.27719,53.66416],[-113.2772,53.66416],[-113.2772,53.66415],[-113.27721,53.66414],[-113.27722,53.66413],[-113.27722,53.66413],[-113.27723,53.66412],[-113.27726,53.6641],[-113.27728,53.66408],[-113.27731,53.66406],[-113.27733,53.66405],[-113.27734,53.66404],[-113.27736,53.66403],[-113.27742,53.66401],[-113.27745,53.66399],[-113.27747,53.66398],[-113.2775,53.66396],[-113.27752,53.66395],[-113.27754,53.66393],[-113.27754,53.66393],[-113.27755,53.66392],[-113.27756,53.66391],[-113.27756,53.6639],[-113.27757,53.66389],[-113.27758,53.66388],[-113.2776,53.66387],[-113.27761,53.66386],[-113.27761,53.66386],[-113.27765,53.66383],[-113.27767,53.66382],[-113.27769,53.66381],[-113.27771,53.66379],[-113.27771,53.66379],[-113.27773,53.66378],[-113.27775,53.66377],[-113.27776,53.66376],[-113.27777,53.66376],[-113.27778,53.66375],[-113.27779,53.66374],[-113.27779,53.66373],[-113.2778,53.66373],[-113.27782,53.66373],[-113.27783,53.66372],[-113.27784,53.6637],[-113.27789,53.66367],[-113.27791,53.66366],[-113.27792,53.66366],[-113.27793,53.66364],[-113.27795,53.66362],[-113.27796,53.66361],[-113.27797,53.6636],[-113.27805,53.66356],[-113.2781,53.66352],[-113.27813,53.6635],[-113.27814,53.66349],[-113.27815,53.66348],[-113.27816,53.66348],[-113.27818,53.66347],[-113.27821,53.66345],[-113.27823,53.66344],[-113.27824,53.66343],[-113.27826,53.66343],[-113.27827,53.66342],[-113.27828,53.6634],[-113.27829,53.66339],[-113.2783,53.66338],[-113.27831,53.66337],[-113.27832,53.66336],[-113.27833,53.66336],[-113.27834,53.66335],[-113.27835,53.66335],[-113.27837,53.66334],[-113.27838,53.66334],[-113.27838,53.66334],[-113.2784,53.66333],[-113.27842,53.66332],[-113.27844,53.6633],[-113.27846,53.66329],[-113.27847,53.66329],[-113.27847,53.66328],[-113.27849,53.66327],[-113.27849,53.66326],[-113.2785,53.66325],[-113.27851,53.66325],[-113.27852,53.66324],[-113.27853,53.66324],[-113.27856,53.66323],[-113.27857,53.66322],[-113.27858,53.66322],[-113.27865,53.66317],[-113.27875,53.66311],[-113.27876,53.6631],[-113.27877,53.66309],[-113.27878,53.66308],[-113.2788,53.66307],[-113.27882,53.66306],[-113.27884,53.66305],[-113.27886,53.66304],[-113.27887,53.66303],[-113.27888,53.66303],[-113.2789,53.66301],[-113.27891,53.66299],[-113.27895,53.66296],[-113.27897,53.66294],[-113.27899,53.66292],[-113.27902,53.6629],[-113.27909,53.66285],[-113.27911,53.66284],[-113.27912,53.66283],[-113.27913,53.66281],[-113.27915,53.6628],[-113.27923,53.66273],[-113.27924,53.66273],[-113.27932,53.66266],[-113.27933,53.66265],[-113.27935,53.66263],[-113.27937,53.66262],[-113.2794,53.66259],[-113.27943,53.66256],[-113.27947,53.66252],[-113.2795,53.6625],[-113.27952,53.66248],[-113.27953,53.66247],[-113.27954,53.66246],[-113.27958,53.66244],[-113.27959,53.66243],[-113.27959,53.66243],[-113.27962,53.66241],[-113.27963,53.6624],[-113.27964,53.66239],[-113.27965,53.66238],[-113.27973,53.66231],[-113.27977,53.66227],[-113.27977,53.66227],[-113.27979,53.66224],[-113.2798,53.66224],[-113.27984,53.6622],[-113.27989,53.66214],[-113.27994,53.66209],[-113.27996,53.66206],[-113.27998,53.66204],[-113.27999,53.66203],[-113.28,53.66202],[-113.28001,53.662],[-113.28002,53.66199],[-113.28003,53.66198],[-113.28004,53.66197],[-113.28005,53.66196],[-113.28007,53.66194],[-113.28009,53.66193],[-113.2801,53.66193],[-113.2801,53.66192],[-113.28012,53.6619],[-113.28014,53.66188],[-113.28019,53.66182],[-113.2802,53.6618],[-113.28022,53.66178],[-113.28023,53.66177],[-113.28024,53.66176],[-113.28026,53.66174],[-113.28027,53.66172],[-113.28028,53.66169],[-113.2803,53.66167],[-113.28031,53.66166],[-113.28032,53.66164],[-113.28033,53.66162],[-113.28037,53.66158],[-113.2804,53.66155],[-113.28043,53.66152],[-113.28044,53.66151],[-113.28048,53.66149],[-113.28048,53.66149],[-113.2805,53.66148],[-113.28051,53.66146],[-113.28054,53.66144],[-113.28057,53.66142],[-113.28058,53.66141],[-113.2806,53.66139],[-113.28062,53.66137],[-113.28067,53.66131],[-113.28069,53.66128],[-113.28071,53.66126],[-113.28072,53.66126],[-113.28073,53.66124],[-113.28075,53.66123],[-113.28076,53.66122],[-113.28077,53.66121],[-113.28078,53.6612],[-113.28081,53.66116],[-113.28081,53.66115],[-113.28083,53.66113],[-113.28085,53.66111],[-113.28085,53.6611],[-113.28086,53.66109],[-113.28087,53.66107],[-113.28091,53.66102],[-113.28093,53.661],[-113.28094,53.66097],[-113.28097,53.66094],[-113.281,53.66091],[-113.28109,53.66079],[-113.28112,53.66076],[-113.28115,53.66073],[-113.28122,53.66065],[-113.28124,53.66063],[-113.28125,53.66062],[-113.28127,53.6606],[-113.28128,53.66059],[-113.28129,53.66059],[-113.2813,53.66057],[-113.28131,53.66056],[-113.28132,53.66054],[-113.28135,53.6605],[-113.28137,53.66047],[-113.28139,53.66045],[-113.28141,53.66043],[-113.28143,53.66041],[-113.28147,53.66035],[-113.28149,53.66034],[-113.28151,53.66032],[-113.28152,53.66031],[-113.28155,53.6603],[-113.28156,53.66029],[-113.28157,53.66029],[-113.28157,53.66029],[-113.28159,53.66026],[-113.28162,53.66023],[-113.28162,53.66022],[-113.28164,53.66021],[-113.28165,53.6602],[-113.28165,53.66019],[-113.28167,53.66017],[-113.28167,53.66017],[-113.28172,53.66012],[-113.28175,53.66008],[-113.28179,53.66004],[-113.28179,53.66004],[-113.2818,53.66002],[-113.28181,53.66001],[-113.28181,53.65999],[-113.28182,53.65998],[-113.28182,53.65996],[-113.28183,53.65995],[-113.28184,53.65994],[-113.28185,53.65992],[-113.28187,53.6599],[-113.28191,53.65986],[-113.28193,53.65984],[-113.28194,53.65981],[-113.28196,53.65978],[-113.28198,53.65975],[-113.28203,53.65966],[-113.28209,53.65957],[-113.28211,53.65952],[-113.28212,53.65951],[-113.28213,53.65949],[-113.28215,53.65948],[-113.28216,53.65946],[-113.28218,53.65945],[-113.28218,53.65944],[-113.28219,53.65943],[-113.2822,53.65941],[-113.28225,53.65934],[-113.28226,53.65932],[-113.28228,53.65929],[-113.2823,53.65926],[-113.28233,53.65921],[-113.28234,53.65919],[-113.28235,53.65916],[-113.28239,53.65908],[-113.28241,53.65905],[-113.28242,53.65904],[-113.28243,53.65903],[-113.28244,53.65902],[-113.28245,53.65901],[-113.28247,53.659],[-113.28248,53.65898],[-113.28249,53.65898],[-113.2825,53.65897],[-113.2825,53.65896],[-113.2825,53.65896],[-113.2825,53.65894],[-113.2825,53.65894],[-113.28251,53.65893],[-113.28253,53.6589],[-113.28253,53.65889],[-113.28255,53.65886],[-113.28257,53.65883],[-113.28258,53.6588],[-113.28259,53.65877],[-113.28261,53.65874],[-113.28262,53.65871],[-113.28264,53.65869],[-113.2827,53.65855],[-113.28271,53.65854],[-113.28272,53.65852],[-113.28273,53.6585],[-113.28275,53.65845],[-113.28277,53.65842],[-113.28279,53.65839],[-113.2828,53.65838],[-113.28281,53.65837],[-113.28282,53.65837],[-113.28284,53.65833],[-113.28287,53.6583],[-113.28287,53.65829],[-113.28288,53.65828],[-113.28288,53.65827],[-113.28289,53.65825],[-113.28289,53.65824],[-113.28291,53.65822],[-113.28291,53.65821],[-113.28291,53.65821],[-113.28291,53.65819],[-113.28291,53.65818],[-113.28291,53.65818],[-113.28292,53.65817],[-113.28292,53.65817],[-113.28293,53.65816],[-113.28294,53.65816],[-113.28295,53.65815],[-113.28295,53.65815],[-113.28297,53.65813],[-113.28298,53.65811],[-113.28299,53.65808],[-113.283,53.65806],[-113.28301,53.65805],[-113.28301,53.65804],[-113.28302,53.65802],[-113.28302,53.65801],[-113.28302,53.658],[-113.28303,53.65798],[-113.28304,53.65795],[-113.28306,53.65793],[-113.28312,53.6578],[-113.28313,53.65779],[-113.28313,53.65777],[-113.28314,53.65776],[-113.28315,53.6577],[-113.28316,53.65766],[-113.28317,53.65764],[-113.28317,53.65762],[-113.28317,53.65761],[-113.28317,53.6576],[-113.28318,53.65757],[-113.28318,53.65754],[-113.28319,53.65752],[-113.28324,53.65736],[-113.28324,53.65735],[-113.28325,53.65734],[-113.28326,53.65733],[-113.28327,53.6573],[-113.28327,53.65729],[-113.28327,53.65728],[-113.28327,53.65726],[-113.28327,53.65726],[-113.28328,53.65725],[-113.28328,53.65724],[-113.28329,53.65723],[-113.2833,53.65722],[-113.2833,53.65721],[-113.28331,53.65718],[-113.28332,53.65714],[-113.28332,53.65711],[-113.28333,53.6571],[-113.28333,53.65708],[-113.28334,53.65706],[-113.28334,53.65705],[-113.28334,53.65702],[-113.28334,53.65702],[-113.28335,53.657],[-113.28336,53.65698],[-113.28336,53.65696],[-113.28337,53.65691],[-113.28339,53.65686],[-113.28339,53.65685],[-113.2834,53.65683],[-113.28341,53.6568],[-113.28342,53.65678],[-113.28342,53.65676],[-113.28342,53.65674],[-113.28342,53.65672],[-113.28342,53.65671],[-113.28343,53.65669],[-113.28343,53.65668],[-113.28344,53.65667],[-113.28344,53.65665],[-113.28346,53.65661],[-113.28347,53.65656],[-113.28347,53.65655],[-113.28348,53.65653],[-113.28348,53.65651],[-113.28348,53.6565],[-113.28348,53.65648],[-113.2835,53.65645],[-113.2835,53.65643],[-113.2835,53.65641],[-113.28351,53.65637],[-113.28351,53.65635],[-113.28352,53.65633],[-113.28352,53.65632],[-113.28353,53.6563],[-113.28353,53.65629],[-113.28354,53.65628],[-113.28354,53.65627],[-113.28355,53.65627],[-113.28355,53.65626],[-113.28356,53.65626],[-113.28356,53.65625],[-113.28355,53.65625],[-113.28355,53.65624],[-113.28356,53.65622],[-113.28356,53.65619],[-113.28358,53.65614],[-113.28358,53.65613],[-113.28358,53.65611],[-113.28358,53.6561],[-113.28358,53.65608],[-113.28358,53.65608],[-113.28358,53.65605],[-113.28358,53.65599],[-113.28359,53.65597],[-113.28359,53.65596],[-113.28359,53.65595],[-113.28359,53.65595],[-113.2836,53.65593],[-113.2836,53.65592],[-113.2836,53.6559],[-113.28361,53.65589],[-113.28362,53.65587],[-113.28362,53.65586],[-113.28362,53.65585],[-113.28363,53.65581],[-113.28364,53.6558],[-113.28364,53.65578],[-113.28365,53.65577],[-113.28365,53.65575],[-113.28366,53.65574],[-113.28367,53.65573],[-113.28367,53.65571],[-113.28367,53.6557],[-113.28367,53.6557],[-113.28367,53.65569],[-113.28367,53.65568],[-113.28367,53.65567],[-113.28367,53.65565],[-113.28368,53.65561],[-113.28368,53.6556],[-113.28368,53.65559],[-113.28367,53.65557],[-113.28367,53.65557],[-113.28367,53.65556],[-113.28368,53.65555],[-113.28369,53.65555],[-113.28369,53.65553],[-113.2837,53.65551],[-113.2837,53.65546],[-113.28371,53.65545],[-113.28371,53.65545],[-113.28371,53.65544],[-113.28372,53.65543],[-113.28373,53.65543],[-113.28376,53.65543],[-113.28378,53.65542],[-113.28379,53.65542],[-113.2838,53.65542],[-113.28381,53.65542],[-113.28383,53.65542],[-113.28384,53.65542],[-113.28385,53.65542],[-113.28385,53.65542],[-113.28386,53.65543],[-113.28387,53.65543],[-113.28388,53.65544],[-113.28388,53.65545],[-113.28389,53.65545],[-113.2839,53.65547],[-113.28391,53.65549],[-113.28392,53.6555],[-113.28392,53.6555],[-113.28392,53.65552],[-113.28393,53.65555],[-113.28393,53.65556],[-113.28394,53.6556],[-113.28394,53.65561],[-113.28395,53.65562],[-113.28395,53.65563],[-113.28395,53.65564],[-113.28395,53.65564],[-113.28395,53.65565],[-113.28395,53.65566],[-113.28396,53.65567],[-113.28396,53.65568],[-113.28396,53.65571],[-113.28396,53.65574],[-113.28396,53.65577],[-113.28396,53.65578],[-113.28396,53.6558],[-113.28396,53.65581],[-113.28396,53.65582],[-113.28396,53.65584],[-113.28396,53.65584],[-113.28394,53.65585],[-113.28394,53.65586],[-113.28394,53.65587],[-113.28394,53.65588],[-113.28393,53.65589],[-113.28393,53.6559],[-113.28393,53.65591],[-113.28392,53.65592],[-113.28391,53.65594],[-113.2839,53.65596],[-113.28389,53.65597],[-113.28388,53.65598],[-113.28388,53.65598],[-113.28388,53.65599],[-113.28388,53.65599],[-113.28387,53.656],[-113.28387,53.65601],[-113.28387,53.65603],[-113.28388,53.65605],[-113.28388,53.65606],[-113.28388,53.65607],[-113.28388,53.65608],[-113.28387,53.65609],[-113.28386,53.6561],[-113.28386,53.65611],[-113.28386,53.65612],[-113.28386,53.65614],[-113.28386,53.65616],[-113.28386,53.6562],[-113.28386,53.65621],[-113.28386,53.65623],[-113.28386,53.65624],[-113.28386,53.65626],[-113.28386,53.65628],[-113.28386,53.6563],[-113.28386,53.65631],[-113.28386,53.65632],[-113.28386,53.65633],[-113.28386,53.65634],[-113.28387,53.65635],[-113.28388,53.65636],[-113.2839,53.65636],[-113.28391,53.65636],[-113.28392,53.65637],[-113.28393,53.65637],[-113.28393,53.65637],[-113.28395,53.65637],[-113.28395,53.65637],[-113.28397,53.65637],[-113.28399,53.65637],[-113.284,53.65637],[-113.28402,53.65637],[-113.28403,53.65637],[-113.28406,53.65637],[-113.28407,53.65637],[-113.28409,53.65637],[-113.2841,53.65637],[-113.28412,53.65637],[-113.28413,53.65637],[-113.28415,53.65637],[-113.28416,53.65636],[-113.28416,53.65636],[-113.28417,53.65635],[-113.28419,53.65634],[-113.2842,53.65634],[-113.28421,53.65633],[-113.28423,53.65633],[-113.28425,53.65632],[-113.28426,53.65632],[-113.28427,53.65632],[-113.28429,53.65631],[-113.2843,53.6563],[-113.28432,53.65629],[-113.28433,53.65629],[-113.28434,53.65628],[-113.28435,53.65627],[-113.28437,53.65627],[-113.28438,53.65626],[-113.28439,53.65626],[-113.28441,53.65625],[-113.28442,53.65624],[-113.28443,53.65623],[-113.28445,53.65622],[-113.28447,53.6562],[-113.28448,53.65619],[-113.28449,53.65618],[-113.28449,53.65617],[-113.2845,53.65616],[-113.2845,53.65615],[-113.28452,53.65613],[-113.28453,53.65611],[-113.28454,53.6561],[-113.28455,53.65609],[-113.28456,53.65608],[-113.28456,53.65607],[-113.28456,53.65606],[-113.28456,53.65606],[-113.28456,53.65605],[-113.28457,53.65604],[-113.28459,53.65603],[-113.28459,53.65603],[-113.2846,53.65602],[-113.28462,53.65598],[-113.28463,53.65595],[-113.28464,53.65593],[-113.28464,53.65593],[-113.28465,53.65592],[-113.28466,53.65591],[-113.28467,53.65591],[-113.28474,53.65581],[-113.28475,53.6558],[-113.28476,53.65578],[-113.28476,53.65578],[-113.28476,53.65576],[-113.28476,53.65576],[-113.28476,53.65573],[-113.28477,53.65571],[-113.28477,53.65569],[-113.28477,53.65567],[-113.28477,53.65565],[-113.28477,53.65564],[-113.28477,53.65563],[-113.28477,53.65562],[-113.28478,53.65561],[-113.28478,53.6556],[-113.28478,53.65559],[-113.28478,53.65557],[-113.28479,53.65552],[-113.2848,53.65548],[-113.2848,53.65543],[-113.28481,53.65543],[-113.28481,53.65542],[-113.28482,53.65541],[-113.28482,53.6554],[-113.28482,53.65539],[-113.28483,53.65539],[-113.28483,53.65537],[-113.28483,53.65537],[-113.28483,53.65536],[-113.28483,53.65535],[-113.28484,53.65534],[-113.28485,53.65532],[-113.28486,53.65531],[-113.28486,53.6553],[-113.28487,53.6553],[-113.28487,53.65529],[-113.28489,53.65529],[-113.28491,53.65527],[-113.28492,53.65527],[-113.28495,53.65524],[-113.28496,53.65524],[-113.28497,53.65523],[-113.28497,53.65522],[-113.28497,53.65522],[-113.28497,53.65521],[-113.28497,53.6552],[-113.28497,53.65517],[-113.28497,53.65516],[-113.28497,53.65515],[-113.28497,53.65513],[-113.28496,53.65512],[-113.28496,53.65511],[-113.28496,53.65511],[-113.28496,53.6551],[-113.28495,53.65509],[-113.28493,53.65506],[-113.28493,53.65505],[-113.28492,53.65504],[-113.28492,53.65503],[-113.28491,53.65501],[-113.28491,53.655],[-113.28491,53.65499],[-113.28489,53.65498],[-113.28489,53.65497],[-113.28488,53.65496],[-113.28489,53.65495],[-113.28488,53.65494],[-113.28488,53.65493],[-113.28486,53.65491],[-113.28486,53.65491],[-113.28485,53.6549],[-113.28484,53.65487],[-113.28484,53.65486],[-113.28483,53.65484],[-113.28482,53.65483],[-113.28481,53.65482],[-113.28481,53.65481],[-113.2848,53.6548],[-113.28479,53.65479],[-113.28478,53.65479],[-113.28477,53.65478],[-113.28476,53.65477],[-113.28475,53.65477],[-113.28474,53.65477],[-113.28473,53.65476],[-113.28472,53.65476],[-113.28471,53.65476],[-113.28471,53.65475],[-113.2847,53.65475],[-113.28469,53.65474],[-113.28467,53.65473],[-113.28466,53.65472],[-113.28465,53.65471],[-113.28463,53.6547],[-113.28462,53.65469],[-113.28461,53.65467],[-113.28461,53.65466],[-113.2846,53.65465],[-113.2846,53.65465],[-113.28461,53.65464],[-113.28461,53.65463],[-113.2846,53.65463],[-113.28459,53.65462],[-113.28459,53.65461],[-113.28458,53.65459],[-113.28458,53.65458],[-113.28453,53.65454],[-113.28452,53.65453],[-113.28451,53.65453],[-113.2845,53.65452],[-113.28449,53.6545],[-113.28447,53.65449],[-113.28446,53.65448],[-113.28446,53.65447],[-113.28445,53.65446],[-113.28445,53.65445],[-113.28444,53.65443],[-113.28444,53.65442],[-113.28442,53.65439],[-113.2844,53.65434],[-113.28439,53.65433],[-113.28438,53.65432],[-113.28438,53.65431],[-113.28438,53.6543],[-113.28438,53.65428],[-113.28438,53.65428],[-113.28438,53.65428],[-113.28438,53.65427],[-113.28438,53.65425],[-113.28438,53.65424],[-113.28438,53.65424],[-113.28438,53.65422],[-113.28438,53.65422],[-113.28437,53.6542],[-113.28436,53.65417],[-113.28435,53.65414],[-113.28434,53.65412],[-113.28434,53.65411],[-113.28433,53.6541],[-113.28429,53.65405],[-113.28428,53.65404],[-113.28426,53.65401],[-113.28424,53.65399],[-113.28423,53.65398],[-113.28421,53.65396],[-113.2842,53.65395],[-113.28419,53.65394],[-113.28418,53.65392],[-113.28418,53.65392],[-113.28417,53.65391],[-113.28417,53.6539],[-113.28417,53.65389],[-113.28416,53.65387],[-113.28416,53.65386],[-113.28415,53.65385],[-113.28415,53.65385],[-113.28415,53.65383],[-113.28415,53.65381],[-113.28414,53.6538],[-113.28414,53.65379],[-113.28414,53.65378],[-113.28414,53.65377],[-113.28414,53.65376],[-113.28415,53.65375],[-113.28415,53.65375],[-113.28415,53.65374],[-113.28415,53.65372],[-113.28415,53.6537],[-113.28415,53.65368],[-113.28415,53.65367],[-113.28415,53.65366],[-113.28415,53.65365],[-113.28416,53.65363],[-113.28416,53.65363],[-113.28416,53.65362],[-113.28416,53.65357],[-113.28416,53.65352],[-113.28416,53.65349],[-113.28416,53.65345],[-113.28416,53.65344],[-113.28415,53.65343],[-113.28415,53.65342],[-113.28415,53.65342],[-113.28416,53.65341],[-113.28416,53.6534],[-113.28416,53.65338],[-113.28416,53.65337],[-113.28416,53.65335],[-113.28416,53.65334],[-113.28417,53.65333],[-113.28417,53.65332],[-113.28418,53.65331],[-113.2842,53.65327],[-113.28421,53.65325],[-113.28421,53.65324],[-113.28421,53.65324],[-113.28422,53.65319],[-113.28422,53.65318],[-113.28423,53.65317],[-113.28423,53.65316],[-113.28423,53.65316],[-113.28424,53.6531],[-113.28424,53.65307],[-113.28424,53.65306],[-113.28426,53.65305],[-113.28426,53.65304],[-113.28426,53.65304],[-113.28426,53.65303],[-113.28427,53.65301],[-113.28427,53.653],[-113.28428,53.65299],[-113.28428,53.65299],[-113.28429,53.65298],[-113.28429,53.65297],[-113.2843,53.65297],[-113.28432,53.65293],[-113.28435,53.65289],[-113.28436,53.65287],[-113.28437,53.65284],[-113.28437,53.65284],[-113.28439,53.65282],[-113.2844,53.65282],[-113.2844,53.6528],[-113.28441,53.65279],[-113.28441,53.65277],[-113.28441,53.65276],[-113.28441,53.65275],[-113.28442,53.65267],[-113.28442,53.65266],[-113.28441,53.65265],[-113.28441,53.65265],[-113.28441,53.65264],[-113.28442,53.65263],[-113.28442,53.65262],[-113.28442,53.65261],[-113.28442,53.65259],[-113.28441,53.65255],[-113.28442,53.65254],[-113.28442,53.65253],[-113.28442,53.65253],[-113.28442,53.65252],[-113.28443,53.65249],[-113.28443,53.65246],[-113.28442,53.65243],[-113.28442,53.65242],[-113.28443,53.65241],[-113.28444,53.65236],[-113.28444,53.65236],[-113.28444,53.65235],[-113.28445,53.65234],[-113.28445,53.65233],[-113.28445,53.65232],[-113.28446,53.65232],[-113.28446,53.6523],[-113.28446,53.65228],[-113.28445,53.65226],[-113.28445,53.65224],[-113.28445,53.65223],[-113.28445,53.65222],[-113.28445,53.6522],[-113.28445,53.65218],[-113.28445,53.65215],[-113.28445,53.65213],[-113.28445,53.65212],[-113.28445,53.65212],[-113.28446,53.65211],[-113.28446,53.65204],[-113.28446,53.652],[-113.28446,53.65199],[-113.28447,53.65194],[-113.28447,53.65192],[-113.28447,53.65187],[-113.28447,53.65182],[-113.28448,53.65181],[-113.28449,53.65174],[-113.28449,53.65172],[-113.28449,53.6517],[-113.2845,53.65169],[-113.2845,53.65168],[-113.28451,53.65166],[-113.28451,53.65165],[-113.28451,53.65164],[-113.2845,53.65164],[-113.28451,53.65163],[-113.28451,53.65161],[-113.28453,53.65159],[-113.28453,53.65158],[-113.28453,53.65157],[-113.28454,53.65154],[-113.28455,53.65148],[-113.28455,53.65146],[-113.28455,53.65145],[-113.28456,53.65143],[-113.28458,53.65128],[-113.28458,53.65127],[-113.2846,53.65125],[-113.2846,53.65125],[-113.28461,53.6512],[-113.28461,53.65118],[-113.28462,53.65116],[-113.28463,53.65111],[-113.28464,53.6511],[-113.28464,53.65108],[-113.28464,53.65106],[-113.28466,53.65101],[-113.28466,53.65098],[-113.28467,53.65093],[-113.28468,53.65092],[-113.28468,53.6509],[-113.28469,53.65089],[-113.28469,53.65088],[-113.28469,53.65086],[-113.28469,53.65085],[-113.28469,53.65084],[-113.2847,53.65082],[-113.2847,53.65082],[-113.28471,53.6507],[-113.28471,53.6507],[-113.28471,53.65069],[-113.28471,53.65068],[-113.28472,53.65067],[-113.28472,53.65067],[-113.28473,53.65066],[-113.28473,53.65065],[-113.28473,53.65064],[-113.28473,53.65062],[-113.28474,53.65061],[-113.28474,53.65059],[-113.28475,53.65056],[-113.28476,53.6505],[-113.28477,53.65045],[-113.28478,53.65041],[-113.28478,53.6504],[-113.28478,53.65038],[-113.28479,53.65036],[-113.2848,53.65034],[-113.28481,53.65032],[-113.28482,53.65031],[-113.28482,53.65029],[-113.28483,53.65028],[-113.28483,53.65027],[-113.28485,53.65026],[-113.28485,53.65025],[-113.28485,53.65025],[-113.28486,53.65023],[-113.28487,53.65021],[-113.28487,53.65018],[-113.28488,53.65016],[-113.28488,53.65013],[-113.28489,53.65011],[-113.2849,53.65009],[-113.28491,53.65006],[-113.28492,53.65003],[-113.28493,53.65001],[-113.28493,53.64999],[-113.28494,53.64997],[-113.28494,53.64996],[-113.28494,53.64994],[-113.28494,53.64992],[-113.28494,53.64991],[-113.28494,53.6499],[-113.28495,53.64989],[-113.28495,53.64987],[-113.28497,53.64984],[-113.28498,53.64982],[-113.28498,53.64981],[-113.28499,53.64978],[-113.285,53.64976],[-113.28501,53.64974],[-113.28501,53.64973],[-113.28502,53.64972],[-113.28502,53.64971],[-113.28502,53.6497],[-113.28502,53.64969],[-113.28502,53.64965],[-113.28502,53.64963],[-113.28502,53.64962],[-113.28502,53.64961],[-113.28503,53.6496],[-113.28503,53.64958],[-113.28503,53.64958],[-113.28504,53.64957],[-113.28504,53.64956],[-113.28503,53.64955],[-113.28503,53.64953],[-113.28503,53.64952],[-113.28503,53.6495],[-113.28504,53.64949],[-113.28505,53.64947],[-113.28506,53.64945],[-113.28506,53.64944],[-113.28506,53.64943],[-113.28507,53.64942],[-113.28507,53.64941],[-113.28507,53.6494],[-113.28508,53.64939],[-113.2851,53.64932],[-113.28511,53.6493],[-113.28511,53.64928],[-113.28512,53.64924],[-113.28515,53.64911],[-113.28516,53.64911],[-113.28516,53.6491],[-113.28517,53.64908],[-113.28518,53.64908],[-113.28518,53.64906],[-113.28519,53.64903],[-113.2852,53.64902],[-113.2852,53.64901],[-113.28521,53.64899],[-113.28521,53.64896],[-113.28521,53.64895],[-113.28521,53.64894],[-113.28521,53.64886],[-113.28521,53.64884],[-113.28521,53.64882],[-113.28522,53.6488],[-113.28522,53.64879],[-113.28521,53.64877],[-113.28521,53.64876],[-113.28521,53.64875],[-113.28522,53.64873],[-113.28522,53.64871],[-113.28522,53.64868],[-113.28522,53.64867],[-113.28522,53.64866],[-113.28523,53.64864],[-113.28523,53.64862],[-113.28523,53.64861],[-113.28523,53.64859],[-113.28523,53.64858],[-113.28523,53.64857],[-113.28523,53.64856],[-113.28523,53.64854],[-113.28523,53.64852],[-113.28523,53.64851],[-113.28523,53.64849],[-113.28522,53.64848],[-113.28522,53.64847],[-113.28523,53.64846],[-113.28523,53.64845],[-113.28523,53.64843],[-113.28523,53.6484],[-113.28523,53.64839],[-113.28523,53.64838],[-113.28522,53.64835],[-113.28522,53.64834],[-113.28522,53.64833],[-113.28522,53.64832],[-113.28522,53.6483],[-113.28522,53.64829],[-113.28522,53.64828],[-113.28522,53.64824],[-113.28522,53.64821],[-113.28521,53.64818],[-113.28521,53.64817],[-113.28521,53.64816],[-113.2852,53.64813],[-113.28519,53.64811],[-113.28517,53.64806],[-113.28517,53.64805],[-113.28517,53.64804],[-113.28517,53.64803],[-113.28517,53.64802],[-113.28517,53.64802],[-113.28517,53.648],[-113.28516,53.64799],[-113.28516,53.64797],[-113.28515,53.64796],[-113.28515,53.64794],[-113.28514,53.64792],[-113.28514,53.64791],[-113.28515,53.64786],[-113.28515,53.64784],[-113.28515,53.64782],[-113.28516,53.64781],[-113.28516,53.64781],[-113.28515,53.6478],[-113.28515,53.64779],[-113.28516,53.64774],[-113.28516,53.64772],[-113.28515,53.64771],[-113.28515,53.64769],[-113.28515,53.64765],[-113.28514,53.64762],[-113.28514,53.64758],[-113.28513,53.64757],[-113.28513,53.64756],[-113.28513,53.64755],[-113.28512,53.64754],[-113.28512,53.64753],[-113.28511,53.64752],[-113.28509,53.6475],[-113.28508,53.64748],[-113.28508,53.64746],[-113.28507,53.64744],[-113.28506,53.64743],[-113.28506,53.64742],[-113.28506,53.6474],[-113.28506,53.64739],[-113.28506,53.64738],[-113.28505,53.64737],[-113.28504,53.64735],[-113.28503,53.64732],[-113.28502,53.6473],[-113.28501,53.64728],[-113.285,53.64726],[-113.28499,53.64723],[-113.28498,53.64719],[-113.28497,53.64715],[-113.28496,53.64712],[-113.28496,53.6471],[-113.28495,53.64709],[-113.28495,53.64709],[-113.28496,53.64707],[-113.28496,53.64706],[-113.28497,53.64704],[-113.28498,53.64702],[-113.28499,53.647],[-113.285,53.64697],[-113.285,53.64697],[-113.28501,53.64695],[-113.28502,53.64694],[-113.28502,53.64693],[-113.28502,53.64692],[-113.28503,53.64691],[-113.28503,53.6469],[-113.28506,53.64683],[-113.28508,53.64678],[-113.28509,53.64675],[-113.28515,53.64659],[-113.28521,53.6465],[-113.28523,53.64647],[-113.28524,53.64644],[-113.28525,53.64642],[-113.28527,53.64638],[-113.28528,53.64635],[-113.28529,53.64631],[-113.2853,53.64626],[-113.28534,53.64615],[-113.28537,53.64603],[-113.28538,53.64598],[-113.2854,53.64592],[-113.28541,53.64588],[-113.28542,53.64585],[-113.28542,53.64583],[-113.28543,53.64581],[-113.28544,53.64579],[-113.28546,53.64576],[-113.28548,53.64571],[-113.28551,53.64567],[-113.28553,53.64562],[-113.28555,53.64559],[-113.28557,53.64557],[-113.28559,53.64553],[-113.28561,53.6455],[-113.28565,53.64546],[-113.28567,53.64543],[-113.28575,53.64534],[-113.28578,53.64531],[-113.2858,53.64528],[-113.28582,53.64526],[-113.28585,53.64523],[-113.28588,53.6452],[-113.28589,53.6452],[-113.2859,53.64519],[-113.28591,53.64519],[-113.28593,53.64518],[-113.28596,53.64516],[-113.28598,53.64515],[-113.28599,53.64514],[-113.28602,53.64512],[-113.28604,53.64511],[-113.28607,53.64508],[-113.28609,53.64506],[-113.28612,53.64504],[-113.28614,53.64502],[-113.28615,53.645],[-113.28615,53.64499],[-113.28616,53.64498],[-113.28616,53.64497],[-113.28617,53.64497],[-113.28617,53.64496],[-113.28617,53.64495],[-113.28617,53.64494],[-113.28617,53.64492],[-113.28616,53.64489],[-113.28616,53.64487],[-113.28616,53.64486],[-113.28616,53.64482],[-113.28616,53.64478],[-113.28616,53.64476],[-113.28617,53.64474],[-113.28617,53.64473],[-113.28617,53.64472],[-113.28618,53.6447],[-113.28618,53.64469],[-113.28619,53.64467],[-113.2862,53.64466],[-113.28621,53.64464],[-113.28625,53.64459],[-113.28627,53.64457],[-113.28628,53.64456],[-113.28633,53.6445],[-113.28635,53.64447],[-113.28636,53.64446],[-113.28637,53.64444],[-113.28639,53.64441],[-113.28641,53.64439],[-113.28642,53.64435],[-113.28644,53.64432],[-113.28649,53.64421],[-113.28651,53.64418],[-113.28656,53.64408],[-113.28661,53.64399],[-113.28663,53.64395],[-113.28665,53.64392],[-113.28666,53.64391],[-113.28667,53.64388],[-113.28669,53.64387],[-113.2867,53.64385],[-113.28672,53.64382],[-113.28676,53.64379],[-113.28678,53.64377],[-113.2868,53.64375],[-113.28683,53.64371],[-113.28688,53.64365],[-113.2869,53.64362],[-113.28693,53.64359],[-113.28695,53.64357],[-113.28696,53.64355],[-113.28699,53.64353],[-113.28704,53.64349],[-113.28706,53.64347],[-113.28708,53.64345],[-113.2871,53.64343],[-113.28713,53.64339],[-113.28717,53.64334],[-113.28719,53.64331],[-113.28721,53.64329],[-113.28733,53.64317],[-113.28735,53.64314],[-113.28739,53.6431],[-113.28744,53.64305],[-113.2875,53.64298],[-113.28756,53.64292],[-113.28763,53.64285],[-113.28766,53.64282],[-113.28769,53.64278],[-113.28771,53.64277],[-113.28773,53.64275],[-113.28776,53.64272],[-113.28787,53.64264],[-113.28805,53.6425],[-113.28813,53.64244],[-113.2882,53.64239],[-113.28825,53.64235],[-113.28836,53.64227],[-113.2884,53.64225],[-113.28842,53.64223],[-113.28847,53.64219],[-113.28854,53.64213],[-113.28858,53.64211],[-113.28862,53.64208],[-113.28865,53.64206],[-113.28868,53.64204],[-113.28873,53.64201],[-113.2888,53.64196],[-113.28884,53.64194],[-113.28888,53.64191],[-113.28891,53.64189],[-113.28893,53.64188],[-113.28901,53.64181],[-113.28905,53.64178],[-113.28908,53.64177],[-113.2891,53.64175],[-113.28913,53.64174],[-113.28915,53.64172],[-113.28919,53.6417],[-113.28926,53.64167],[-113.28929,53.64165],[-113.28932,53.64163],[-113.28949,53.64152],[-113.28962,53.64144],[-113.28965,53.64142],[-113.28975,53.64135],[-113.28978,53.64133],[-113.2898,53.64132],[-113.28982,53.64131],[-113.28984,53.64129],[-113.28987,53.64128],[-113.29025,53.6411],[-113.2904,53.64103],[-113.29048,53.641],[-113.29059,53.64095],[-113.29078,53.64086],[-113.29084,53.64084],[-113.29094,53.6408],[-113.29103,53.64076],[-113.29107,53.64075],[-113.29111,53.64073],[-113.29117,53.64071],[-113.29127,53.64068],[-113.29132,53.64066],[-113.29137,53.64064],[-113.29141,53.64063],[-113.29149,53.6406],[-113.2916,53.64055],[-113.29165,53.64053],[-113.29171,53.64051],[-113.29185,53.64046],[-113.29198,53.64041],[-113.29224,53.64032],[-113.29236,53.64027],[-113.29243,53.64025],[-113.29249,53.64023],[-113.29253,53.64022],[-113.29256,53.64021],[-113.29261,53.6402],[-113.29269,53.64017],[-113.29273,53.64016],[-113.29277,53.64015],[-113.29303,53.64007],[-113.29311,53.64005],[-113.29322,53.64001],[-113.29328,53.64],[-113.29334,53.63998],[-113.29338,53.63997],[-113.29343,53.63996],[-113.2935,53.63994],[-113.29355,53.63993],[-113.29363,53.63991],[-113.29372,53.6399],[-113.29381,53.63988],[-113.29395,53.63986],[-113.29402,53.63984],[-113.29409,53.63983],[-113.29414,53.63982],[-113.29422,53.6398],[-113.29434,53.63978],[-113.2944,53.63976],[-113.29446,53.63975],[-113.29451,53.63974],[-113.29461,53.63972],[-113.29468,53.63971],[-113.29489,53.63968],[-113.29494,53.63967],[-113.29499,53.63966],[-113.29507,53.63965],[-113.29519,53.63964],[-113.29525,53.63963],[-113.29531,53.63962],[-113.29533,53.63962],[-113.29536,53.63961],[-113.29538,53.63961],[-113.2954,53.6396],[-113.29545,53.63959],[-113.29558,53.63954],[-113.29562,53.63953],[-113.29564,53.63953],[-113.29567,53.63952],[-113.2957,53.63951],[-113.29573,53.63951],[-113.29575,53.6395],[-113.29579,53.6395],[-113.29583,53.6395],[-113.29597,53.63948],[-113.29601,53.63948],[-113.29606,53.63948],[-113.29608,53.63947],[-113.29611,53.63947],[-113.29624,53.63945],[-113.29636,53.63943],[-113.29645,53.63941],[-113.29659,53.63938],[-113.29665,53.63937],[-113.29672,53.63936],[-113.29678,53.63935],[-113.29687,53.63934],[-113.29695,53.63932],[-113.29728,53.63928],[-113.29764,53.63923],[-113.29781,53.6392],[-113.29785,53.6392],[-113.29789,53.63919],[-113.29793,53.63919],[-113.29796,53.63919],[-113.29798,53.63919],[-113.29803,53.63918],[-113.29807,53.63918],[-113.29815,53.63918],[-113.29837,53.63918],[-113.29869,53.63917],[-113.29873,53.63917],[-113.29879,53.63917],[-113.2989,53.63917],[-113.29895,53.63917],[-113.299,53.63917],[-113.29902,53.63917],[-113.29903,53.63917],[-113.29907,53.63916],[-113.2991,53.63916],[-113.2992,53.63914],[-113.29922,53.63914],[-113.29926,53.63914],[-113.29928,53.63913],[-113.2993,53.63913],[-113.29965,53.63911],[-113.29974,53.6391],[-113.29995,53.63909],[-113.30003,53.63909],[-113.30008,53.63908],[-113.30012,53.63908],[-113.3002,53.63907],[-113.30032,53.63906],[-113.30038,53.63906],[-113.30044,53.63905],[-113.30048,53.63905],[-113.30055,53.63905],[-113.30067,53.63904],[-113.30072,53.63904],[-113.30078,53.63904],[-113.30082,53.63904],[-113.3009,53.63903],[-113.30101,53.63902],[-113.30107,53.63901],[-113.30113,53.63901],[-113.30122,53.63901],[-113.30129,53.639],[-113.3014,53.639],[-113.3015,53.639],[-113.30157,53.639],[-113.30169,53.639],[-113.30186,53.639],[-113.30195,53.639],[-113.302,53.639],[-113.30204,53.639],[-113.3021,53.63899],[-113.30216,53.63899],[-113.30225,53.63898],[-113.30239,53.63897],[-113.30246,53.63897],[-113.30253,53.63897],[-113.30273,53.63896],[-113.30283,53.63896],[-113.30293,53.63895],[-113.30302,53.63895],[-113.30316,53.63895],[-113.30323,53.63895],[-113.3033,53.63895],[-113.30348,53.63895],[-113.30366,53.63894],[-113.30382,53.63893],[-113.30398,53.63893],[-113.30406,53.63892],[-113.30418,53.63892],[-113.3043,53.63891],[-113.30432,53.63891],[-113.30436,53.6389],[-113.30439,53.6389],[-113.30444,53.63889],[-113.30453,53.63888],[-113.30457,53.63887],[-113.30461,53.63886],[-113.30462,53.63886],[-113.30464,53.63886],[-113.30469,53.63886],[-113.3047,53.63886],[-113.30471,53.63886],[-113.30473,53.63886],[-113.30474,53.63885],[-113.30477,53.63884],[-113.30488,53.63881],[-113.30499,53.63877],[-113.30504,53.63876],[-113.30507,53.63875],[-113.30509,53.63874],[-113.30511,53.63874],[-113.30513,53.63873],[-113.30514,53.63873],[-113.30517,53.63872],[-113.3052,53.63872],[-113.30522,53.63872],[-113.3053,53.63872],[-113.30535,53.63871],[-113.30537,53.63871],[-113.30539,53.63871],[-113.30557,53.63869],[-113.30566,53.63867],[-113.30575,53.63866],[-113.30584,53.63865],[-113.30597,53.63863],[-113.3061,53.63861],[-113.30614,53.6386],[-113.30622,53.63859],[-113.30628,53.63858],[-113.30633,53.63858],[-113.30636,53.63857],[-113.30641,53.63857],[-113.30646,53.63856],[-113.30652,53.63855],[-113.30657,53.63854],[-113.30671,53.63851],[-113.30674,53.6385],[-113.30683,53.63847],[-113.30686,53.63847],[-113.30689,53.63846],[-113.30691,53.63846],[-113.30693,53.63845],[-113.30704,53.63844],[-113.3072,53.63841],[-113.30737,53.63839],[-113.30758,53.63836],[-113.30779,53.63833],[-113.30786,53.63832],[-113.3079,53.63831]]],[[[-113.35664,53.63537],[-113.35663,53.63538],[-113.35663,53.6342],[-113.35664,53.62872],[-113.35656,53.62863],[-113.35064,53.62862],[-113.34434,53.62861],[-113.34433,53.63443],[-113.34378,53.63443],[-113.34339,53.63449],[-113.34316,53.63451],[-113.34291,53.63452],[-113.3427,53.6345],[-113.34224,53.63441],[-113.34205,53.6343],[-113.34178,53.63422],[-113.34142,53.63428],[-113.34128,53.63418],[-113.34103,53.63405],[-113.3409,53.63391],[-113.34082,53.63391],[-113.34072,53.63399],[-113.3406,53.63403],[-113.34049,53.63409],[-113.34046,53.63416],[-113.34028,53.63423],[-113.34024,53.63427],[-113.33999,53.63439],[-113.33976,53.63441],[-113.33952,53.6344],[-113.33948,53.63445],[-113.33936,53.63449],[-113.33905,53.6345],[-113.33877,53.63432],[-113.33858,53.63424],[-113.3385,53.63425],[-113.33841,53.63432],[-113.33811,53.63454],[-113.33791,53.63456],[-113.33762,53.63454],[-113.3375,53.6345],[-113.33714,53.63455],[-113.33684,53.6345],[-113.33665,53.63441],[-113.33647,53.63426],[-113.33585,53.63416],[-113.33578,53.63408],[-113.33543,53.63406],[-113.3351,53.63369],[-113.335,53.63364],[-113.33494,53.63362],[-113.33484,53.63362],[-113.33466,53.63354],[-113.33452,53.63346],[-113.3344,53.63346],[-113.33425,53.63339],[-113.33401,53.63322],[-113.33393,53.6331],[-113.33364,53.63295],[-113.33353,53.63275],[-113.33341,53.63272],[-113.33322,53.63251],[-113.33289,53.63241],[-113.33263,53.63245],[-113.33241,53.63247],[-113.33213,53.63268],[-113.33213,53.63284],[-113.32535,53.63337],[-113.32534,53.63339],[-113.3224,53.6335],[-113.32241,53.63346],[-113.32241,53.6334],[-113.32242,53.63337],[-113.32242,53.63334],[-113.32243,53.6333],[-113.32245,53.63323],[-113.32245,53.6332],[-113.32245,53.63318],[-113.32246,53.63316],[-113.32246,53.63309],[-113.32246,53.63302],[-113.32247,53.63283],[-113.32247,53.63281],[-113.32247,53.63277],[-113.32247,53.63271],[-113.32246,53.63268],[-113.32246,53.63265],[-113.32246,53.63262],[-113.32246,53.6326],[-113.32247,53.63251],[-113.32248,53.63246],[-113.32248,53.63244],[-113.32248,53.63242],[-113.32248,53.63239],[-113.32247,53.63237],[-113.32247,53.63234],[-113.32246,53.63228],[-113.32246,53.63225],[-113.32246,53.63223],[-113.32245,53.6322],[-113.32245,53.63216],[-113.32246,53.6321],[-113.32246,53.63207],[-113.32245,53.63203],[-113.32245,53.63201],[-113.32245,53.63197],[-113.32244,53.63195],[-113.32244,53.6319],[-113.32243,53.63186],[-113.32243,53.63185],[-113.32242,53.63184],[-113.3224,53.63179],[-113.3224,53.63178],[-113.32239,53.63177],[-113.32239,53.63176],[-113.32239,53.63175],[-113.32239,53.63173],[-113.32239,53.63169],[-113.3224,53.63159],[-113.3224,53.63156],[-113.32241,53.63149],[-113.32241,53.63142],[-113.32241,53.6314],[-113.32242,53.63138],[-113.32242,53.63135],[-113.32244,53.6313],[-113.32244,53.63127],[-113.32244,53.63126],[-113.32245,53.63125],[-113.32245,53.63123],[-113.32245,53.63121],[-113.32244,53.63118],[-113.32244,53.63113],[-113.32244,53.63111],[-113.32244,53.63108],[-113.32244,53.63104],[-113.32245,53.63099],[-113.32246,53.63093],[-113.32246,53.63092],[-113.32248,53.63087],[-113.32248,53.63086],[-113.32248,53.63084],[-113.32248,53.63084],[-113.32248,53.63083],[-113.32248,53.63081],[-113.32247,53.63079],[-113.32247,53.63078],[-113.32246,53.63075],[-113.32242,53.63068],[-113.32235,53.63055],[-113.32235,53.63053],[-113.32234,53.63051],[-113.32234,53.6305],[-113.32233,53.63047],[-113.32233,53.6304],[-113.32232,53.6303],[-113.32231,53.63025],[-113.32231,53.63022],[-113.3223,53.63021],[-113.3223,53.63019],[-113.3223,53.63018],[-113.32229,53.63016],[-113.32228,53.63015],[-113.32227,53.63013],[-113.32222,53.63006],[-113.32217,53.62998],[-113.32214,53.62994],[-113.32211,53.6299],[-113.3221,53.62989],[-113.32208,53.62986],[-113.32205,53.62983],[-113.32203,53.62981],[-113.32202,53.62979],[-113.322,53.62977],[-113.32198,53.62974],[-113.32196,53.62971],[-113.32194,53.62968],[-113.32192,53.62966],[-113.32189,53.62962],[-113.32187,53.6296],[-113.32184,53.62956],[-113.32181,53.62952],[-113.32179,53.62949],[-113.32173,53.62942],[-113.32171,53.6294],[-113.32169,53.62936],[-113.32165,53.62932],[-113.32163,53.62929],[-113.32162,53.62927],[-113.32159,53.62924],[-113.32156,53.6292],[-113.32153,53.62916],[-113.32151,53.62914],[-113.32148,53.6291],[-113.32146,53.62908],[-113.32145,53.62906],[-113.32144,53.62905],[-113.32143,53.62904],[-113.32141,53.62902],[-113.32138,53.629],[-113.32136,53.62899],[-113.32135,53.62898],[-113.32132,53.62895],[-113.32129,53.62892],[-113.32128,53.62891],[-113.32127,53.62889],[-113.32125,53.62887],[-113.32123,53.62885],[-113.32121,53.62882],[-113.32118,53.62877],[-113.32115,53.62872],[-113.32106,53.62856],[-113.32104,53.62853],[-113.32103,53.62851],[-113.32103,53.62849],[-113.32102,53.62848],[-113.32101,53.62846],[-113.32099,53.62844],[-113.32097,53.62842],[-113.3209,53.62834],[-113.3208,53.62825],[-113.32079,53.62823],[-113.32077,53.62822],[-113.32075,53.6282],[-113.32072,53.62818],[-113.3207,53.62817],[-113.32066,53.62814],[-113.3206,53.62811],[-113.32055,53.62807],[-113.32051,53.62805],[-113.32045,53.62802],[-113.32039,53.62798],[-113.32037,53.62797],[-113.32033,53.62796],[-113.32028,53.62793],[-113.32025,53.62792],[-113.32022,53.62791],[-113.32018,53.62788],[-113.32012,53.62785],[-113.32006,53.62781],[-113.32002,53.62779],[-113.31997,53.62776],[-113.31995,53.62774],[-113.31993,53.62773],[-113.3199,53.62771],[-113.31988,53.62769],[-113.31985,53.62767],[-113.31981,53.62763],[-113.31978,53.6276],[-113.31976,53.62759],[-113.31974,53.62757],[-113.3197,53.62754],[-113.31963,53.6275],[-113.3196,53.62748],[-113.31957,53.62746],[-113.31954,53.62744],[-113.31949,53.62739],[-113.31946,53.62737],[-113.31944,53.62735],[-113.31926,53.62723],[-113.31914,53.62713],[-113.3191,53.6271],[-113.31908,53.62709],[-113.31906,53.62707],[-113.31903,53.62706],[-113.31899,53.62703],[-113.31892,53.627],[-113.31889,53.62698],[-113.31886,53.62696],[-113.31877,53.6269],[-113.31868,53.62684],[-113.31857,53.62676],[-113.31854,53.62674],[-113.31852,53.62673],[-113.31851,53.62672],[-113.31848,53.62671],[-113.3184,53.62667],[-113.31836,53.62665],[-113.31829,53.62662],[-113.31826,53.6266],[-113.31822,53.62659],[-113.31819,53.62657],[-113.31815,53.62655],[-113.3181,53.62652],[-113.31802,53.62647],[-113.31798,53.62645],[-113.31796,53.62643],[-113.31794,53.62642],[-113.31789,53.6264],[-113.3178,53.62636],[-113.31776,53.62634],[-113.31774,53.62633],[-113.3177,53.62631],[-113.31764,53.62628],[-113.31761,53.62626],[-113.31758,53.62625],[-113.31757,53.62624],[-113.31756,53.62624],[-113.31753,53.62623],[-113.31752,53.62623],[-113.31751,53.62623],[-113.31749,53.62622],[-113.31745,53.6262],[-113.31734,53.62614],[-113.3173,53.62612],[-113.31722,53.62608],[-113.31719,53.62607],[-113.31716,53.62605],[-113.31714,53.62605],[-113.31713,53.62604],[-113.3171,53.62603],[-113.31704,53.62601],[-113.31692,53.62597],[-113.31687,53.62596],[-113.31683,53.62594],[-113.31676,53.62592],[-113.31673,53.62591],[-113.31669,53.62589],[-113.31666,53.62589],[-113.31662,53.62588],[-113.31653,53.62586],[-113.3165,53.62585],[-113.31641,53.62583],[-113.31636,53.62582],[-113.31631,53.62581],[-113.31619,53.62577],[-113.31607,53.62574],[-113.31584,53.62568],[-113.31571,53.62564],[-113.31559,53.62561],[-113.31557,53.6256],[-113.31555,53.6256],[-113.31551,53.6256],[-113.31546,53.62559],[-113.31543,53.62558],[-113.31541,53.62558],[-113.31538,53.62557],[-113.31535,53.62556],[-113.31529,53.62555],[-113.31526,53.62554],[-113.31524,53.62553],[-113.31519,53.62552],[-113.31512,53.62551],[-113.31505,53.62549],[-113.31496,53.62548],[-113.31482,53.62546],[-113.31475,53.62545],[-113.31469,53.62544],[-113.31439,53.62538],[-113.31427,53.62536],[-113.31415,53.62534],[-113.31414,53.62533],[-113.31411,53.62532],[-113.31409,53.62532],[-113.314,53.62529],[-113.31398,53.62528],[-113.31396,53.62528],[-113.31394,53.62527],[-113.31391,53.62527],[-113.31388,53.62526],[-113.31382,53.62525],[-113.31373,53.62524],[-113.31368,53.62523],[-113.31364,53.62523],[-113.31339,53.62518],[-113.31337,53.62518],[-113.31333,53.62517],[-113.31328,53.62515],[-113.31325,53.62515],[-113.31322,53.62514],[-113.31316,53.62513],[-113.31307,53.62511],[-113.31302,53.6251],[-113.31298,53.6251],[-113.31287,53.62507],[-113.31276,53.62505],[-113.31264,53.62503],[-113.31252,53.625],[-113.31248,53.62499],[-113.31242,53.62497],[-113.31233,53.62495],[-113.31228,53.62494],[-113.31226,53.62493],[-113.31224,53.62493],[-113.31221,53.62492],[-113.3122,53.62492],[-113.31216,53.62492],[-113.31209,53.62491],[-113.31207,53.62491],[-113.31204,53.6249],[-113.3119,53.62488],[-113.31187,53.62488],[-113.31184,53.62487],[-113.3118,53.62486],[-113.31178,53.62486],[-113.31176,53.62485],[-113.31154,53.6248],[-113.31152,53.62479],[-113.31147,53.62477],[-113.31141,53.62475],[-113.31138,53.62474],[-113.31134,53.62473],[-113.3113,53.62472],[-113.31126,53.62472],[-113.31121,53.6247],[-113.31115,53.62469],[-113.31063,53.6246],[-113.31054,53.62458],[-113.31041,53.62456],[-113.31035,53.62454],[-113.31029,53.62453],[-113.31019,53.62452],[-113.30992,53.62447],[-113.30979,53.62445],[-113.30967,53.62443],[-113.3096,53.62442],[-113.30956,53.62441],[-113.30949,53.6244],[-113.30942,53.62438],[-113.30941,53.62438],[-113.3094,53.62437],[-113.30939,53.62437],[-113.30937,53.62435],[-113.30936,53.62434],[-113.30936,53.62434],[-113.30935,53.62434],[-113.30934,53.62433],[-113.3093,53.62433],[-113.30927,53.62432],[-113.3092,53.62431],[-113.30916,53.6243],[-113.30908,53.62428],[-113.30901,53.62427],[-113.30892,53.62426],[-113.30878,53.62424],[-113.30871,53.62424],[-113.30864,53.62423],[-113.30855,53.62421],[-113.30849,53.6242],[-113.30839,53.62419],[-113.3083,53.62417],[-113.30824,53.62416],[-113.30815,53.62414],[-113.30806,53.62412],[-113.30798,53.6241],[-113.30785,53.62407],[-113.30773,53.62404],[-113.30768,53.62403],[-113.30761,53.62402],[-113.3075,53.624],[-113.30744,53.62399],[-113.30739,53.62398],[-113.30735,53.62397],[-113.30732,53.62396],[-113.30727,53.62394],[-113.30719,53.62392],[-113.30711,53.6239],[-113.30707,53.62388],[-113.307,53.62386],[-113.30689,53.62382],[-113.30684,53.6238],[-113.30681,53.62379],[-113.30678,53.62378],[-113.30675,53.62377],[-113.30672,53.62377],[-113.30666,53.62375],[-113.30661,53.62374],[-113.30655,53.62373],[-113.30648,53.62372],[-113.30617,53.62366],[-113.30589,53.62361],[-113.30588,53.62361],[-113.30585,53.62361],[-113.30583,53.6236],[-113.30574,53.6236],[-113.30572,53.6236],[-113.30569,53.62359],[-113.30568,53.62359],[-113.30566,53.62359],[-113.30563,53.62359],[-113.30558,53.62358],[-113.30555,53.62357],[-113.30549,53.62356],[-113.30544,53.62354],[-113.3054,53.62353],[-113.30533,53.62351],[-113.30522,53.62348],[-113.30517,53.62346],[-113.30511,53.62345],[-113.30506,53.62344],[-113.30498,53.62342],[-113.30485,53.62339],[-113.30478,53.62337],[-113.30472,53.62336],[-113.30442,53.62327],[-113.30414,53.6232],[-113.30411,53.62319],[-113.30408,53.62318],[-113.30404,53.62317],[-113.30397,53.62314],[-113.30394,53.62313],[-113.30391,53.62312],[-113.30389,53.62312],[-113.30388,53.62312],[-113.30387,53.62312],[-113.30384,53.62312],[-113.30382,53.62311],[-113.30381,53.62311],[-113.30377,53.6231],[-113.30373,53.62309],[-113.30371,53.62308],[-113.30369,53.62308],[-113.30367,53.62307],[-113.30364,53.62306],[-113.30359,53.62304],[-113.30355,53.62302],[-113.3034,53.62295],[-113.30337,53.62293],[-113.30331,53.6229],[-113.30328,53.62289],[-113.30326,53.62288],[-113.30311,53.62282],[-113.30297,53.62276],[-113.30286,53.62272],[-113.30275,53.62267],[-113.30273,53.62266],[-113.3027,53.62265],[-113.30266,53.62264],[-113.3026,53.62262],[-113.30251,53.62259],[-113.30247,53.62258],[-113.30244,53.62257],[-113.30242,53.62256],[-113.3024,53.62255],[-113.30235,53.62253],[-113.30229,53.62251],[-113.30225,53.62249],[-113.30222,53.62248],[-113.30219,53.62247],[-113.30213,53.62245],[-113.30205,53.62242],[-113.30201,53.62241],[-113.30197,53.62239],[-113.30194,53.62238],[-113.30189,53.62236],[-113.30181,53.62232],[-113.30177,53.62231],[-113.30173,53.62229],[-113.30147,53.62219],[-113.3013,53.62213],[-113.30128,53.62212],[-113.30126,53.62211],[-113.3012,53.62208],[-113.30119,53.62208],[-113.30118,53.62207],[-113.30117,53.62206],[-113.30112,53.62202],[-113.30111,53.62201],[-113.3011,53.62201],[-113.30109,53.622],[-113.30108,53.622],[-113.30107,53.62199],[-113.30104,53.62198],[-113.30101,53.62198],[-113.30097,53.62197],[-113.30091,53.62195],[-113.30087,53.62194],[-113.30069,53.62189],[-113.30065,53.62188],[-113.30062,53.62187],[-113.30058,53.62186],[-113.30056,53.62185],[-113.30054,53.62184],[-113.30051,53.62183],[-113.30049,53.62182],[-113.30045,53.6218],[-113.30039,53.62177],[-113.30034,53.62175],[-113.30013,53.62164],[-113.3001,53.62162],[-113.30008,53.62161],[-113.30003,53.62159],[-113.29996,53.62156],[-113.29992,53.62155],[-113.29989,53.62153],[-113.29988,53.62153],[-113.29988,53.62152],[-113.29986,53.62151],[-113.29985,53.6215],[-113.29983,53.62148],[-113.29982,53.62147],[-113.29981,53.62146],[-113.29981,53.62146],[-113.2998,53.62146],[-113.29979,53.62145],[-113.29962,53.62139],[-113.29956,53.62137],[-113.29951,53.62135],[-113.29944,53.62132],[-113.29937,53.6213],[-113.29935,53.62129],[-113.29931,53.62127],[-113.29929,53.62126],[-113.29925,53.62124],[-113.29921,53.62122],[-113.29916,53.62119],[-113.29912,53.62117],[-113.2991,53.62115],[-113.29908,53.62114],[-113.29905,53.62112],[-113.29902,53.62109],[-113.29896,53.62105],[-113.29888,53.62098],[-113.2987,53.62084],[-113.29866,53.6208],[-113.29862,53.62077],[-113.2986,53.62075],[-113.29857,53.62071],[-113.29847,53.62061],[-113.29842,53.62056],[-113.29839,53.62053],[-113.29838,53.62052],[-113.29836,53.62051],[-113.29835,53.6205],[-113.29834,53.6205],[-113.29833,53.62049],[-113.29831,53.62048],[-113.29829,53.62047],[-113.29825,53.62045],[-113.2982,53.62043],[-113.29817,53.62041],[-113.29816,53.62041],[-113.29814,53.6204],[-113.29805,53.62035],[-113.298,53.62032],[-113.29795,53.62029],[-113.2979,53.62026],[-113.29782,53.62021],[-113.29775,53.62016],[-113.29772,53.62014],[-113.29768,53.62012],[-113.29762,53.62008],[-113.29759,53.62006],[-113.29757,53.62005],[-113.29756,53.62004],[-113.29754,53.62003],[-113.29752,53.62002],[-113.29749,53.61999],[-113.29746,53.61996],[-113.29744,53.61994],[-113.29742,53.61993],[-113.29739,53.6199],[-113.29715,53.61971],[-113.29714,53.6197],[-113.2971,53.61969],[-113.29708,53.61968],[-113.29706,53.61967],[-113.29704,53.61966],[-113.29702,53.61966],[-113.29701,53.61965],[-113.29698,53.61964],[-113.29697,53.61962],[-113.29696,53.61962],[-113.29694,53.61961],[-113.29693,53.61959],[-113.2969,53.61956],[-113.29686,53.61952],[-113.2968,53.61944],[-113.29677,53.61941],[-113.29674,53.61937],[-113.29671,53.61934],[-113.2966,53.61923],[-113.29658,53.6192],[-113.29656,53.61918],[-113.29655,53.61917],[-113.29653,53.61914],[-113.29651,53.61912],[-113.29649,53.61909],[-113.29648,53.61907],[-113.29646,53.61903],[-113.29644,53.61898],[-113.29643,53.61895],[-113.29641,53.61892],[-113.29631,53.61873],[-113.29627,53.61864],[-113.29624,53.61859],[-113.29621,53.61854],[-113.29614,53.61841],[-113.29606,53.61828],[-113.29599,53.61816],[-113.29596,53.6181],[-113.29593,53.61804],[-113.29592,53.61802],[-113.2959,53.61798],[-113.29589,53.61795],[-113.29587,53.61792],[-113.29586,53.61787],[-113.29582,53.61776],[-113.29581,53.61772],[-113.29572,53.61747],[-113.29561,53.61715],[-113.29561,53.61714],[-113.29561,53.61713],[-113.29561,53.61711],[-113.29561,53.6171],[-113.29561,53.61703],[-113.29561,53.61702],[-113.29561,53.61701],[-113.29561,53.61699],[-113.2956,53.61697],[-113.29559,53.61694],[-113.29557,53.61689],[-113.29554,53.61681],[-113.29552,53.61677],[-113.29549,53.61671],[-113.29546,53.61664],[-113.29546,53.61661],[-113.29545,53.6166],[-113.29545,53.61658],[-113.29544,53.61656],[-113.29544,53.61655],[-113.29544,53.61651],[-113.29544,53.61639],[-113.29544,53.61632],[-113.29544,53.61624],[-113.29544,53.61621],[-113.29544,53.61618],[-113.29543,53.61613],[-113.29542,53.61605],[-113.29542,53.61602],[-113.29541,53.61598],[-113.29541,53.61586],[-113.2954,53.6158],[-113.2954,53.61574],[-113.29541,53.61547],[-113.29542,53.6152],[-113.29542,53.61506],[-113.29543,53.61492],[-113.29543,53.61487],[-113.29543,53.61483],[-113.29542,53.61476],[-113.29542,53.61465],[-113.29542,53.61459],[-113.29542,53.61454],[-113.29698,53.61461],[-113.29707,53.61382],[-113.29729,53.61282],[-113.2976,53.61186],[-113.29784,53.61123],[-113.29837,53.61042],[-113.29917,53.60948],[-113.29992,53.60877],[-113.30077,53.60799],[-113.3017,53.60724],[-113.30278,53.60646],[-113.30404,53.60574],[-113.30523,53.60512],[-113.30681,53.60444],[-113.30832,53.60386],[-113.30964,53.60343],[-113.31129,53.60303],[-113.31269,53.60275],[-113.31411,53.60258],[-113.31535,53.60253],[-113.31667,53.60262],[-113.31824,53.60274],[-113.32031,53.60299],[-113.32349,53.60347],[-113.32677,53.60396],[-113.32997,53.60444],[-113.33249,53.60489],[-113.33649,53.60567],[-113.33961,53.60631],[-113.34349,53.60722],[-113.34528,53.60759],[-113.34695,53.60789],[-113.34847,53.60807],[-113.34882,53.60913],[-113.34921,53.61018],[-113.34936,53.61016],[-113.3496,53.61079],[-113.35189,53.61679],[-113.35059,53.61714],[-113.35058,53.61901],[-113.35265,53.61887],[-113.35269,53.61889],[-113.35297,53.61961],[-113.35666,53.62092],[-113.35666,53.62129],[-113.35772,53.62129],[-113.3613,53.62256],[-113.36879,53.62715],[-113.36894,53.62723],[-113.36893,53.62817],[-113.36879,53.62826],[-113.36804,53.62873],[-113.36721,53.62873],[-113.35801,53.63445],[-113.35845,53.63469],[-113.35826,53.6348],[-113.35808,53.63492],[-113.35788,53.63502],[-113.35769,53.63513],[-113.35749,53.63523],[-113.35729,53.63533],[-113.35719,53.63538],[-113.35712,53.63541],[-113.35708,53.63543],[-113.35686,53.63527],[-113.35679,53.6353],[-113.35675,53.63532],[-113.35672,53.63534],[-113.35664,53.63537]]]]}},{"type":"Feature","properties":{"name":"SECORD"},"geometry":{"type":"MultiPolygon","coordinates":[[[[-113.71364,53.52668],[-113.71367,53.53392],[-113.71371,53.5412],[-113.71353,53.5412],[-113.7,53.5412],[-113.69443,53.54117],[-113.68854,53.54116],[-113.68886,53.53956],[-113.68904,53.53797],[-113.68906,53.53621],[-113.68897,53.5278],[-113.68895,53.52668],[-113.68927,53.52668],[-113.71364,53.52668]]]]}},{"type":"Feature","properties":{"name":"RIVER VALLEY HERMITAGE"},"geometry":{"type":"MultiPolygon","coordinates":[[[[-113.36752,53.60675],[-113.36746,53.60678],[-113.36705,53.60703],[-113.36666,53.60721],[-113.36637,53.60744],[-113.36599,53.60733],[-113.36555,53.60734],[-113.3655,53.60736],[-113.3662,53.60769],[-113.36604,53.60787],[-113.3656,53.60789],[-113.36538,53.608],[-113.36528,53.60835],[-113.36507,53.60864],[-113.36521,53.60881],[-113.36511,53.60897],[-113.36485,53.60908],[-113.36453,53.60919],[-113.36449,53.60926],[-113.36443,53.60974],[-113.36496,53.60993],[-113.36503,53.60997],[-113.36537,53.61022],[-113.36559,53.61057],[-113.36568,53.61062],[-113.36586,53.61049],[-113.36604,53.61031],[-113.36677,53.61031],[-113.36701,53.61034],[-113.36737,53.61029],[-113.36774,53.61021],[-113.36795,53.6102],[-113.36808,53.61021],[-113.36816,53.61028],[-113.36784,53.61047],[-113.36754,53.61071],[-113.36745,53.61081],[-113.3673,53.61077],[-113.36669,53.61074],[-113.36655,53.61089],[-113.36635,53.61104],[-113.36608,53.61118],[-113.36583,53.61125],[-113.36503,53.61115],[-113.36457,53.61091],[-113.36452,53.61083],[-113.36448,53.61075],[-113.36434,53.61064],[-113.3643,53.61053],[-113.36403,53.61046],[-113.36393,53.61039],[-113.36356,53.61039],[-113.36335,53.61032],[-113.3632,53.61033],[-113.36322,53.6103],[-113.36301,53.61018],[-113.3627,53.60991],[-113.36276,53.60962],[-113.36275,53.60956],[-113.36282,53.60919],[-113.36295,53.60909],[-113.36298,53.609],[-113.36319,53.60896],[-113.36341,53.60876],[-113.36343,53.60829],[-113.36339,53.60803],[-113.36291,53.60816],[-113.36258,53.60842],[-113.36225,53.60859],[-113.36185,53.60871],[-113.36168,53.6088],[-113.36132,53.60891],[-113.36104,53.60895],[-113.36086,53.60905],[-113.36071,53.60912],[-113.36062,53.60921],[-113.36029,53.60935],[-113.36013,53.60935],[-113.35978,53.60941],[-113.35931,53.60955],[-113.35911,53.60956],[-113.35849,53.60966],[-113.35812,53.60962],[-113.35769,53.6097],[-113.35755,53.60965],[-113.35731,53.60964],[-113.35696,53.60967],[-113.35676,53.60971],[-113.35676,53.60992],[-113.3565,53.60931],[-113.35642,53.60914],[-113.35599,53.60817],[-113.35628,53.60814],[-113.35667,53.60809],[-113.35679,53.60808],[-113.35707,53.60804],[-113.35784,53.6079],[-113.35868,53.60774],[-113.35972,53.6075],[-113.3607,53.60725],[-113.3615,53.60703],[-113.36227,53.60679],[-113.36315,53.60641],[-113.36394,53.60602],[-113.36474,53.60559],[-113.3655,53.60512],[-113.3663,53.60458],[-113.36699,53.60403],[-113.36794,53.60317],[-113.36878,53.60227],[-113.36943,53.60145],[-113.36995,53.60077],[-113.37043,53.60012],[-113.37083,53.59955],[-113.37126,53.59882],[-113.37157,53.59816],[-113.37175,53.59752],[-113.37187,53.59684],[-113.37199,53.59627],[-113.37206,53.59571],[-113.37207,53.59496],[-113.37196,53.59417],[-113.37187,53.59355],[-113.37174,53.59289],[-113.3715,53.5922],[-113.37125,53.59167],[-113.37082,53.59074],[-113.37008,53.58939],[-113.36904,53.58765],[-113.36814,53.58614],[-113.36741,53.58491],[-113.36715,53.58436],[-113.367,53.58368],[-113.36678,53.58265],[-113.36665,53.58172],[-113.36672,53.58088],[-113.36685,53.5799],[-113.36704,53.57902],[-113.36725,53.57828],[-113.36752,53.57756],[-113.36782,53.57694],[-113.36823,53.57634],[-113.36911,53.57532],[-113.3704,53.57395],[-113.37233,53.57208],[-113.37281,53.5716],[-113.37498,53.57221],[-113.37435,53.57314],[-113.37434,53.57462],[-113.37429,53.57656],[-113.37519,53.57689],[-113.37464,53.57735],[-113.37474,53.57765],[-113.37508,53.57804],[-113.37507,53.57853],[-113.37525,53.57969],[-113.37555,53.58108],[-113.37561,53.58124],[-113.37567,53.58144],[-113.37567,53.58158],[-113.37569,53.58169],[-113.37576,53.58184],[-113.37578,53.58202],[-113.37588,53.58251],[-113.37597,53.58291],[-113.37615,53.58295],[-113.37616,53.58303],[-113.37627,53.58309],[-113.37617,53.5832],[-113.37618,53.58338],[-113.37605,53.58337],[-113.37648,53.58533],[-113.37771,53.58487],[-113.37818,53.58448],[-113.37936,53.58415],[-113.38018,53.58411],[-113.38083,53.58422],[-113.38146,53.5844],[-113.38209,53.58459],[-113.38222,53.58515],[-113.38257,53.5852],[-113.3835,53.58525],[-113.38351,53.58533],[-113.38365,53.58534],[-113.38481,53.58515],[-113.38466,53.58493],[-113.38704,53.58537],[-113.38799,53.5863],[-113.38804,53.58635],[-113.3881,53.58639],[-113.38816,53.58643],[-113.38823,53.58646],[-113.38831,53.5865],[-113.38839,53.58653],[-113.38847,53.58655],[-113.38856,53.58657],[-113.38865,53.58658],[-113.38874,53.58659],[-113.39079,53.58675],[-113.39108,53.58682],[-113.39266,53.58724],[-113.39465,53.5867],[-113.39523,53.58741],[-113.39663,53.58741],[-113.39673,53.58734],[-113.39833,53.58734],[-113.39863,53.58742],[-113.40065,53.58742],[-113.40078,53.58741],[-113.40122,53.58813],[-113.40113,53.58821],[-113.40123,53.58837],[-113.40207,53.58852],[-113.40209,53.58992],[-113.40343,53.59008],[-113.40346,53.59003],[-113.40387,53.59009],[-113.40427,53.59021],[-113.40436,53.59033],[-113.4044,53.59057],[-113.40475,53.59074],[-113.40548,53.59081],[-113.40616,53.59075],[-113.40654,53.59061],[-113.40692,53.59053],[-113.40711,53.59057],[-113.40758,53.59072],[-113.40838,53.59075],[-113.409,53.59068],[-113.41031,53.59061],[-113.41069,53.59085],[-113.41123,53.59073],[-113.41158,53.59094],[-113.41249,53.59099],[-113.41311,53.59152],[-113.41355,53.59152],[-113.41355,53.59159],[-113.41233,53.59158],[-113.41165,53.59182],[-113.41093,53.59158],[-113.41031,53.59164],[-113.41031,53.59183],[-113.41148,53.59221],[-113.41175,53.59258],[-113.41227,53.59273],[-113.41241,53.59277],[-113.41205,53.59312],[-113.4119,53.59307],[-113.41101,53.5926],[-113.41044,53.59244],[-113.40979,53.59247],[-113.40929,53.59221],[-113.40877,53.5918],[-113.40822,53.5918],[-113.40776,53.59165],[-113.4068,53.59181],[-113.40634,53.59164],[-113.40509,53.59165],[-113.40385,53.5914],[-113.40363,53.59125],[-113.40328,53.591],[-113.40257,53.59086],[-113.40196,53.59096],[-113.40127,53.59075],[-113.40096,53.59045],[-113.40075,53.58995],[-113.40056,53.58974],[-113.40061,53.58931],[-113.40027,53.58928],[-113.40016,53.58904],[-113.39942,53.58894],[-113.39861,53.58863],[-113.3981,53.58879],[-113.39753,53.58874],[-113.39671,53.58909],[-113.39559,53.58924],[-113.39565,53.58956],[-113.39527,53.58973],[-113.39465,53.58935],[-113.39411,53.58872],[-113.39412,53.58835],[-113.39331,53.58868],[-113.39316,53.58846],[-113.39256,53.58839],[-113.39238,53.58867],[-113.39139,53.58868],[-113.39082,53.58864],[-113.3903,53.58847],[-113.39034,53.58801],[-113.38996,53.58793],[-113.38972,53.5883],[-113.38936,53.58841],[-113.38907,53.58852],[-113.38802,53.5888],[-113.38733,53.58862],[-113.38689,53.58838],[-113.38683,53.58793],[-113.38605,53.58715],[-113.38602,53.58678],[-113.38464,53.58658],[-113.38358,53.58704],[-113.38275,53.58674],[-113.38211,53.58676],[-113.38192,53.58676],[-113.38172,53.58667],[-113.38151,53.58662],[-113.38129,53.58658],[-113.38105,53.58657],[-113.3809,53.58649],[-113.37991,53.58592],[-113.37935,53.58606],[-113.37856,53.58649],[-113.37833,53.58751],[-113.37767,53.5876],[-113.37774,53.5871],[-113.37727,53.58681],[-113.37665,53.58704],[-113.37641,53.58735],[-113.37675,53.58965],[-113.37675,53.59047],[-113.3766,53.59173],[-113.37743,53.59157],[-113.37807,53.59162],[-113.37928,53.59216],[-113.37965,53.59235],[-113.37978,53.59269],[-113.38035,53.59276],[-113.38072,53.59305],[-113.38101,53.59288],[-113.3814,53.59298],[-113.38178,53.59314],[-113.38219,53.59323],[-113.38266,53.59325],[-113.38245,53.59358],[-113.38196,53.59353],[-113.38135,53.59335],[-113.38111,53.59352],[-113.37997,53.59349],[-113.37826,53.59266],[-113.3777,53.59251],[-113.37691,53.59274],[-113.37677,53.59285],[-113.37667,53.59294],[-113.37666,53.59343],[-113.37654,53.59365],[-113.37654,53.59373],[-113.37658,53.59389],[-113.37665,53.59401],[-113.37681,53.59403],[-113.37662,53.59483],[-113.37659,53.59506],[-113.37657,53.59566],[-113.37656,53.59609],[-113.37625,53.59609],[-113.37617,53.59617],[-113.37599,53.59623],[-113.37602,53.5964],[-113.37617,53.59652],[-113.37629,53.59665],[-113.37617,53.59673],[-113.37593,53.59696],[-113.3758,53.59712],[-113.37573,53.59727],[-113.37574,53.5974],[-113.37586,53.59752],[-113.37585,53.59764],[-113.3756,53.59781],[-113.37553,53.59794],[-113.37534,53.59809],[-113.37523,53.59821],[-113.37525,53.59836],[-113.37512,53.59854],[-113.37516,53.59868],[-113.37535,53.59873],[-113.3753,53.5989],[-113.37521,53.599],[-113.37504,53.59905],[-113.37482,53.5991],[-113.37464,53.59925],[-113.37473,53.59941],[-113.37465,53.59945],[-113.3745,53.59945],[-113.37449,53.5995],[-113.3744,53.59968],[-113.37419,53.5998],[-113.37461,53.59988],[-113.37509,53.60008],[-113.37549,53.60029],[-113.37494,53.60068],[-113.37433,53.60124],[-113.37359,53.60195],[-113.37185,53.60382],[-113.37029,53.60537],[-113.37019,53.60559],[-113.37018,53.60574],[-113.37023,53.6059],[-113.37036,53.60614],[-113.36998,53.60625],[-113.36958,53.60645],[-113.36924,53.60673],[-113.36917,53.60681],[-113.36887,53.60683],[-113.36887,53.60626],[-113.36821,53.60459],[-113.3682,53.60461],[-113.36818,53.60463],[-113.36816,53.60464],[-113.36814,53.60466],[-113.36812,53.60467],[-113.36809,53.60469],[-113.36804,53.60473],[-113.36799,53.60476],[-113.36798,53.60477],[-113.36797,53.60477],[-113.36795,53.60478],[-113.36793,53.60479],[-113.36786,53.60482],[-113.36784,53.60483],[-113.36783,53.60483],[-113.36781,53.60484],[-113.3678,53.60486],[-113.36779,53.60486],[-113.36779,53.60486],[-113.36779,53.60487],[-113.36779,53.60488],[-113.36778,53.6049],[-113.36778,53.60491],[-113.36778,53.60491],[-113.36778,53.60492],[-113.36777,53.60492],[-113.36773,53.60497],[-113.3677,53.605],[-113.36767,53.60502],[-113.36765,53.60504],[-113.36762,53.60507],[-113.36761,53.60508],[-113.36759,53.60509],[-113.36754,53.60513],[-113.36746,53.60519],[-113.36742,53.60521],[-113.36739,53.60524],[-113.36793,53.60661],[-113.36752,53.60675]]]]}},{"type":"Feature","properties":{"name":"WINDERMERE"},"geometry":{"type":"MultiPolygon","coordinates":[[[[-113.60507,53.44768],[-113.60496,53.44755],[-113.60487,53.44741],[-113.60478,53.44727],[-113.6047,53.44713],[-113.60462,53.44699],[-113.60455,53.44684],[-113.60447,53.44667],[-113.60448,53.44667],[-113.60446,53.44661],[-113.60437,53.44634],[-113.60431,53.44606],[-113.60427,53.44578],[-113.60426,53.44551],[-113.60427,53.44523],[-113.60431,53.44495],[-113.6044,53.44459],[-113.60453,53.44424],[-113.6047,53.44389],[-113.60491,53.44355],[-113.60517,53.44322],[-113.60546,53.44291],[-113.6055,53.44287],[-113.60553,53.44283],[-113.60557,53.44279],[-113.60561,53.44275],[-113.60565,53.44272],[-113.60569,53.44268],[-113.60573,53.44264],[-113.60578,53.4426],[-113.60582,53.44257],[-113.60586,53.44254],[-113.60589,53.44251],[-113.60594,53.44247],[-113.60598,53.44244],[-113.60601,53.44241],[-113.60605,53.44238],[-113.6061,53.44235],[-113.60615,53.44231],[-113.60619,53.44228],[-113.60622,53.44225],[-113.60628,53.44222],[-113.60633,53.44218],[-113.60637,53.44215],[-113.60641,53.44213],[-113.60646,53.44209],[-113.60651,53.44205],[-113.60655,53.44203],[-113.6066,53.442],[-113.60664,53.44198],[-113.60669,53.44194],[-113.60674,53.44191],[-113.60679,53.44188],[-113.60683,53.44186],[-113.60689,53.44182],[-113.60693,53.4418],[-113.60698,53.44177],[-113.60703,53.44175],[-113.60708,53.44172],[-113.60713,53.44169],[-113.60718,53.44166],[-113.60724,53.44163],[-113.6073,53.4416],[-113.60737,53.44157],[-113.60742,53.44154],[-113.60748,53.44152],[-113.60868,53.44094],[-113.6115,53.4396],[-113.61181,53.4395],[-113.61194,53.43944],[-113.61458,53.43944],[-113.61457,53.43809],[-113.61472,53.43816],[-113.61472,53.43337],[-113.61467,53.42862],[-113.61464,53.42485],[-113.61464,53.42126],[-113.61464,53.42115],[-113.6148,53.42117],[-113.61585,53.42116],[-113.62695,53.42114],[-113.63926,53.42112],[-113.63926,53.42181],[-113.63926,53.42196],[-113.63926,53.42413],[-113.63926,53.42422],[-113.63929,53.42424],[-113.63966,53.42435],[-113.63974,53.42437],[-113.63993,53.42442],[-113.64013,53.42447],[-113.64039,53.42452],[-113.64058,53.42456],[-113.64084,53.42461],[-113.64111,53.42466],[-113.64136,53.42469],[-113.64159,53.42472],[-113.64182,53.42475],[-113.64207,53.42478],[-113.64222,53.42479],[-113.64257,53.42481],[-113.64287,53.42483],[-113.64318,53.42484],[-113.64339,53.42486],[-113.64363,53.42488],[-113.64715,53.42489],[-113.64716,53.42496],[-113.64776,53.42594],[-113.64615,53.42608],[-113.64448,53.42654],[-113.64331,53.42722],[-113.64202,53.42794],[-113.64078,53.42792],[-113.63945,53.4263],[-113.6393,53.42624],[-113.63929,53.4259],[-113.63913,53.4259],[-113.63722,53.42569],[-113.63454,53.42569],[-113.63454,53.42588],[-113.63457,53.42596],[-113.635,53.42598],[-113.63537,53.42604],[-113.63583,53.42615],[-113.63602,53.42627],[-113.63611,53.42615],[-113.63704,53.42614],[-113.63792,53.42662],[-113.63776,53.42691],[-113.63732,53.42713],[-113.63534,53.42674],[-113.63466,53.42669],[-113.63456,53.42694],[-113.63506,53.42691],[-113.63584,53.42739],[-113.63587,53.4277],[-113.63449,53.42785],[-113.63387,53.42769],[-113.63316,53.42756],[-113.63298,53.42755],[-113.63298,53.42807],[-113.63317,53.42807],[-113.63391,53.42803],[-113.63507,53.42843],[-113.63593,53.42884],[-113.63609,53.42925],[-113.63513,53.42982],[-113.63321,53.43011],[-113.6332,53.43],[-113.63314,53.42999],[-113.63267,53.43036],[-113.63289,53.43059],[-113.63259,53.43084],[-113.63244,53.43103],[-113.63232,53.43133],[-113.63209,53.4317],[-113.63238,53.43207],[-113.63229,53.4322],[-113.632,53.43233],[-113.63197,53.4325],[-113.63209,53.43265],[-113.63249,53.43287],[-113.63221,53.43306],[-113.63223,53.43322],[-113.63211,53.43339],[-113.63205,53.43357],[-113.63202,53.43384],[-113.63209,53.43399],[-113.63225,53.43412],[-113.63236,53.43424],[-113.63259,53.43433],[-113.63285,53.43439],[-113.63301,53.43449],[-113.63301,53.43463],[-113.63282,53.43473],[-113.63225,53.43487],[-113.63204,53.43497],[-113.63185,53.4351],[-113.63176,53.43521],[-113.63157,53.43532],[-113.63136,53.43547],[-113.63126,53.43563],[-113.6313,53.43576],[-113.63153,53.43591],[-113.63149,53.43606],[-113.6315,53.4362],[-113.63148,53.43631],[-113.63148,53.43641],[-113.6315,53.43655],[-113.63156,53.43667],[-113.63172,53.4368],[-113.63181,53.43693],[-113.63188,53.4371],[-113.63208,53.43716],[-113.63218,53.43734],[-113.63255,53.43757],[-113.63283,53.4376],[-113.63304,53.43768],[-113.63334,53.43772],[-113.6336,53.4378],[-113.63398,53.43802],[-113.63404,53.43818],[-113.63426,53.43831],[-113.63472,53.43853],[-113.63489,53.43866],[-113.63493,53.43882],[-113.63486,53.43899],[-113.63475,53.43907],[-113.63458,53.43916],[-113.63443,53.43933],[-113.63428,53.43944],[-113.63413,53.43954],[-113.63367,53.43954],[-113.63367,53.43964],[-113.63367,53.44012],[-113.63211,53.44195],[-113.62767,53.44291],[-113.62561,53.44425],[-113.62416,53.44628],[-113.62321,53.4486],[-113.6231,53.44865],[-113.62058,53.44963],[-113.62079,53.44983],[-113.62094,53.45034],[-113.62011,53.45023],[-113.61929,53.44995],[-113.61925,53.44981],[-113.61729,53.44963],[-113.61549,53.44871],[-113.61492,53.44871],[-113.61491,53.44898],[-113.61898,53.4504],[-113.61858,53.45196],[-113.61816,53.45247],[-113.61683,53.45207],[-113.61681,53.45213],[-113.61812,53.45252],[-113.61772,53.453],[-113.61578,53.45396],[-113.61564,53.45404],[-113.61471,53.45405],[-113.61456,53.45404],[-113.6101,53.45405],[-113.61002,53.45395],[-113.6095,53.45348],[-113.60684,53.4501],[-113.60556,53.44831],[-113.60507,53.44768]]]]}},{"type":"Feature","properties":{"name":"LAUREL"},"geometry":{"type":"MultiPolygon","coordinates":[[[[-113.39357,53.43939],[-113.39389,53.43975],[-113.39386,53.44371],[-113.39383,53.4477],[-113.3938,53.45384],[-113.38858,53.45389],[-113.38644,53.45395],[-113.38476,53.45399],[-113.38163,53.45402],[-113.3779,53.45402],[-113.36901,53.45399],[-113.36901,53.45037],[-113.36915,53.44303],[-113.36914,53.44147],[-113.37058,53.44116],[-113.37374,53.43924],[-113.37609,53.43867],[-113.38036,53.43796],[-113.38128,53.43785],[-113.38128,53.4394],[-113.38231,53.4394],[-113.38236,53.43773],[-113.38263,53.43769],[-113.38455,53.43757],[-113.38621,53.4376],[-113.3897,53.43766],[-113.38976,53.43766],[-113.38979,53.43766],[-113.38982,53.43766],[-113.38984,53.43767],[-113.38989,53.43767],[-113.38994,53.43767],[-113.38996,53.43767],[-113.38998,53.43768],[-113.39003,53.43768],[-113.39008,53.43769],[-113.3901,53.43769],[-113.39013,53.43769],[-113.39017,53.4377],[-113.39022,53.4377],[-113.39024,53.43771],[-113.39029,53.43771],[-113.39033,53.43772],[-113.39038,53.43773],[-113.39043,53.43774],[-113.39045,53.43774],[-113.39049,53.43775],[-113.39054,53.43776],[-113.39056,53.43777],[-113.3906,53.43778],[-113.39063,53.43779],[-113.39067,53.4378],[-113.39071,53.43781],[-113.39076,53.43782],[-113.3908,53.43784],[-113.39082,53.43784],[-113.39086,53.43786],[-113.3909,53.43787],[-113.39092,53.43788],[-113.39096,53.43789],[-113.39098,53.4379],[-113.39102,53.43792],[-113.39106,53.43793],[-113.3911,53.43795],[-113.39114,53.43796],[-113.39116,53.43797],[-113.3912,53.43799],[-113.39124,53.43801],[-113.39125,53.43802],[-113.39129,53.43804],[-113.39133,53.43806],[-113.39136,53.43807],[-113.3914,53.43809],[-113.39141,53.4381],[-113.39145,53.43812],[-113.39148,53.43815],[-113.39151,53.43817],[-113.39153,53.43818],[-113.39156,53.4382],[-113.39157,53.43821],[-113.3916,53.43823],[-113.39163,53.43825],[-113.39165,53.43827],[-113.39168,53.43829],[-113.3917,53.43831],[-113.39173,53.43834],[-113.39176,53.43836],[-113.39177,53.43837],[-113.39179,53.4384],[-113.39182,53.43842],[-113.39184,53.43845],[-113.39187,53.43847],[-113.39189,53.4385],[-113.39191,53.43852],[-113.39192,53.43853],[-113.39194,53.43856],[-113.39196,53.43859],[-113.39197,53.4386],[-113.39199,53.43863],[-113.392,53.43865],[-113.39202,53.43868],[-113.39203,53.43869],[-113.39204,53.43872],[-113.39206,53.43875],[-113.39207,53.43877],[-113.39208,53.43879],[-113.39209,53.43882],[-113.39209,53.43883],[-113.3921,53.43886],[-113.39211,53.43888],[-113.39212,53.43891],[-113.39213,53.43894],[-113.39214,53.43897],[-113.39214,53.439],[-113.39215,53.43903],[-113.39215,53.43904],[-113.39216,53.43907],[-113.3922,53.43939],[-113.39357,53.43939]]]]}},{"type":"Feature","properties":{"name":"KIRKNESS"},"geometry":{"type":"MultiPolygon","coordinates":[[[[-113.38131,53.61599],[-113.37814,53.61599],[-113.37932,53.61406],[-113.37975,53.61336],[-113.38288,53.60827],[-113.38461,53.60844],[-113.38513,53.60847],[-113.38565,53.60846],[-113.38643,53.60837],[-113.39124,53.60738],[-113.39338,53.60694],[-113.39391,53.60686],[-113.39445,53.60684],[-113.39592,53.60684],[-113.40319,53.60685],[-113.40295,53.607],[-113.39378,53.61271],[-113.39137,53.61421],[-113.39137,53.6141],[-113.38855,53.61586],[-113.38871,53.61586],[-113.3885,53.616],[-113.38821,53.616],[-113.38764,53.61599],[-113.38682,53.616],[-113.3849,53.61599],[-113.38131,53.61599]]]]}},{"type":"Feature","properties":{"name":"POTTER GREENS"},"geometry":{"type":"MultiPolygon","coordinates":[[[[-113.66565,53.52339],[-113.66565,53.52309],[-113.66419,53.523],[-113.66418,53.5204],[-113.66449,53.52043],[-113.66448,53.51947],[-113.66448,53.5171],[-113.66482,53.51652],[-113.66562,53.51515],[-113.66561,53.51234],[-113.66561,53.51224],[-113.6776,53.51222],[-113.67781,53.51338],[-113.67827,53.51447],[-113.67991,53.51651],[-113.68031,53.51718],[-113.68077,53.5184],[-113.68153,53.52083],[-113.67845,53.52133],[-113.6773,53.52162],[-113.6763,53.52199],[-113.67527,53.52249],[-113.67461,53.52297],[-113.67297,53.52435],[-113.67241,53.5242],[-113.67124,53.52392],[-113.67065,53.52379],[-113.67014,53.52369],[-113.66943,53.5236],[-113.66819,53.52355],[-113.6677,53.52354],[-113.66565,53.52339]]]]}},{"type":"Feature","properties":{"name":"RIVER VALLEY WINDERMERE"},"geometry":{"type":"MultiPolygon","coordinates":[[[[-113.64716,53.42496],[-113.64715,53.42489],[-113.65755,53.42492],[-113.65839,53.42493],[-113.65845,53.42526],[-113.65853,53.42584],[-113.65853,53.42628],[-113.65841,53.42705],[-113.65834,53.42737],[-113.65695,53.42953],[-113.65654,53.42997],[-113.65572,53.43068],[-113.65517,53.43111],[-113.65448,53.43154],[-113.65343,53.43197],[-113.64953,53.43333],[-113.64831,53.43372],[-113.64755,53.43407],[-113.64692,53.43445],[-113.64639,53.43485],[-113.64578,53.43522],[-113.64503,53.43554],[-113.64442,53.43578],[-113.6437,53.43615],[-113.64261,53.43682],[-113.6418,53.4375],[-113.64065,53.43879],[-113.63988,53.44048],[-113.63949,53.44198],[-113.63932,53.44322],[-113.63905,53.44392],[-113.6386,53.44475],[-113.6374,53.44546],[-113.6362,53.44597],[-113.63536,53.4464],[-113.63431,53.44688],[-113.63194,53.44806],[-113.63001,53.44907],[-113.62818,53.45032],[-113.6257,53.45208],[-113.62456,53.45292],[-113.62333,53.45383],[-113.62207,53.45467],[-113.62065,53.45564],[-113.61894,53.45677],[-113.61747,53.45797],[-113.61641,53.45875],[-113.61579,53.45829],[-113.61581,53.45829],[-113.61581,53.45828],[-113.61582,53.45828],[-113.61583,53.45827],[-113.61583,53.45826],[-113.61584,53.45826],[-113.61585,53.45825],[-113.61586,53.45824],[-113.61589,53.45823],[-113.61591,53.45822],[-113.61593,53.45821],[-113.61595,53.4582],[-113.61597,53.45819],[-113.61597,53.45818],[-113.616,53.45817],[-113.61604,53.45815],[-113.61606,53.45814],[-113.6161,53.45812],[-113.61617,53.45808],[-113.61623,53.45804],[-113.61625,53.45804],[-113.61627,53.45803],[-113.61628,53.45802],[-113.6163,53.458],[-113.61633,53.45798],[-113.61637,53.45796],[-113.61646,53.45791],[-113.61647,53.4579],[-113.61648,53.45789],[-113.6165,53.45788],[-113.61651,53.45787],[-113.61652,53.45786],[-113.61653,53.45786],[-113.61653,53.45786],[-113.61654,53.45785],[-113.61655,53.45785],[-113.61656,53.45783],[-113.61657,53.45783],[-113.61659,53.45781],[-113.61661,53.4578],[-113.61664,53.45778],[-113.61665,53.45777],[-113.61666,53.45777],[-113.61667,53.45775],[-113.61669,53.45774],[-113.61672,53.45772],[-113.61676,53.4577],[-113.6168,53.45767],[-113.61681,53.45766],[-113.61683,53.45765],[-113.61685,53.45763],[-113.61686,53.45762],[-113.61687,53.45761],[-113.61688,53.4576],[-113.61689,53.45759],[-113.61689,53.45759],[-113.6169,53.45759],[-113.61691,53.45758],[-113.61693,53.45758],[-113.61694,53.45758],[-113.61695,53.45758],[-113.61696,53.45757],[-113.61696,53.45757],[-113.61696,53.45757],[-113.61696,53.45757],[-113.61696,53.45757],[-113.61697,53.45756],[-113.61697,53.45755],[-113.61697,53.45755],[-113.61698,53.45754],[-113.61699,53.45753],[-113.617,53.45753],[-113.61702,53.45751],[-113.61704,53.4575],[-113.61707,53.45748],[-113.61708,53.45748],[-113.61711,53.45746],[-113.61713,53.45744],[-113.61716,53.45742],[-113.61718,53.45741],[-113.61719,53.4574],[-113.61721,53.45738],[-113.61722,53.45737],[-113.61724,53.45735],[-113.61725,53.45734],[-113.61727,53.45732],[-113.61729,53.4573],[-113.61732,53.45727],[-113.61734,53.45725],[-113.61736,53.45723],[-113.61736,53.45723],[-113.61738,53.45722],[-113.61738,53.45721],[-113.61739,53.4572],[-113.6174,53.45718],[-113.61741,53.45716],[-113.61742,53.45714],[-113.61744,53.45713],[-113.61745,53.45712],[-113.61745,53.45711],[-113.61746,53.45709],[-113.61747,53.45709],[-113.61748,53.45708],[-113.61749,53.45706],[-113.61751,53.45705],[-113.61754,53.45703],[-113.61755,53.45702],[-113.61756,53.45701],[-113.61757,53.457],[-113.61758,53.45699],[-113.61758,53.45699],[-113.61759,53.45699],[-113.61759,53.45699],[-113.6176,53.45698],[-113.6176,53.45698],[-113.61763,53.45697],[-113.61764,53.45696],[-113.61766,53.45695],[-113.61766,53.45695],[-113.61767,53.45694],[-113.61768,53.45693],[-113.61768,53.45693],[-113.6177,53.4569],[-113.61771,53.45689],[-113.61771,53.45688],[-113.61771,53.45687],[-113.61771,53.45687],[-113.61771,53.45686],[-113.61771,53.45686],[-113.61771,53.45685],[-113.61771,53.45684],[-113.61772,53.45682],[-113.61772,53.45681],[-113.61772,53.4568],[-113.61772,53.4568],[-113.61772,53.45678],[-113.61772,53.45677],[-113.61772,53.45677],[-113.61773,53.45676],[-113.61773,53.45676],[-113.61773,53.45675],[-113.61773,53.45674],[-113.61773,53.45674],[-113.61772,53.45673],[-113.61772,53.45672],[-113.61772,53.45671],[-113.61772,53.45671],[-113.61772,53.4567],[-113.61773,53.45669],[-113.61773,53.45669],[-113.61773,53.45668],[-113.61773,53.45668],[-113.61773,53.45665],[-113.61772,53.45663],[-113.61772,53.45662],[-113.61772,53.4566],[-113.61772,53.45659],[-113.61772,53.45658],[-113.61772,53.45658],[-113.61773,53.45657],[-113.61773,53.45656],[-113.61774,53.45656],[-113.61775,53.45654],[-113.61775,53.45654],[-113.61776,53.45653],[-113.61776,53.45652],[-113.61776,53.45651],[-113.61777,53.4565],[-113.61777,53.45648],[-113.61778,53.45647],[-113.61778,53.45646],[-113.61779,53.45645],[-113.6178,53.45644],[-113.6178,53.45644],[-113.6178,53.45643],[-113.6178,53.45642],[-113.61781,53.45642],[-113.61782,53.4564],[-113.61783,53.45638],[-113.61784,53.45637],[-113.61785,53.45636],[-113.61785,53.45635],[-113.61786,53.45634],[-113.61787,53.45634],[-113.61789,53.45631],[-113.6179,53.45629],[-113.61614,53.4551],[-113.61487,53.45424],[-113.61487,53.45414],[-113.61456,53.45414],[-113.61456,53.45404],[-113.61471,53.45405],[-113.61564,53.45404],[-113.61578,53.45396],[-113.61772,53.453],[-113.61812,53.45252],[-113.61681,53.45213],[-113.61683,53.45207],[-113.61816,53.45247],[-113.61858,53.45196],[-113.61898,53.4504],[-113.61491,53.44898],[-113.61492,53.44871],[-113.61549,53.44871],[-113.61729,53.44963],[-113.61925,53.44981],[-113.61929,53.44995],[-113.62011,53.45023],[-113.62094,53.45034],[-113.62079,53.44983],[-113.62058,53.44963],[-113.6231,53.44865],[-113.62321,53.4486],[-113.62416,53.44628],[-113.62561,53.44425],[-113.62767,53.44291],[-113.63211,53.44195],[-113.63367,53.44012],[-113.63367,53.43964],[-113.63367,53.43954],[-113.63413,53.43954],[-113.63428,53.43944],[-113.63443,53.43933],[-113.63458,53.43916],[-113.63475,53.43907],[-113.63486,53.43899],[-113.63493,53.43882],[-113.63489,53.43866],[-113.63472,53.43853],[-113.63426,53.43831],[-113.63404,53.43818],[-113.63398,53.43802],[-113.6336,53.4378],[-113.63334,53.43772],[-113.63304,53.43768],[-113.63283,53.4376],[-113.63255,53.43757],[-113.63218,53.43734],[-113.63208,53.43716],[-113.63188,53.4371],[-113.63181,53.43693],[-113.63172,53.4368],[-113.63156,53.43667],[-113.6315,53.43655],[-113.63148,53.43641],[-113.63148,53.43631],[-113.6315,53.4362],[-113.63149,53.43606],[-113.63153,53.43591],[-113.6313,53.43576],[-113.63126,53.43563],[-113.63136,53.43547],[-113.63157,53.43532],[-113.63176,53.43521],[-113.63185,53.4351],[-113.63204,53.43497],[-113.63225,53.43487],[-113.63282,53.43473],[-113.63301,53.43463],[-113.63301,53.43449],[-113.63285,53.43439],[-113.63259,53.43433],[-113.63236,53.43424],[-113.63225,53.43412],[-113.63209,53.43399],[-113.63202,53.43384],[-113.63205,53.43357],[-113.63211,53.43339],[-113.63223,53.43322],[-113.63221,53.43306],[-113.63249,53.43287],[-113.63209,53.43265],[-113.63197,53.4325],[-113.632,53.43233],[-113.63229,53.4322],[-113.63238,53.43207],[-113.63209,53.4317],[-113.63232,53.43133],[-113.63244,53.43103],[-113.63259,53.43084],[-113.63289,53.43059],[-113.63267,53.43036],[-113.63314,53.42999],[-113.6332,53.43],[-113.63321,53.43011],[-113.63513,53.42982],[-113.63609,53.42925],[-113.63593,53.42884],[-113.63507,53.42843],[-113.63391,53.42803],[-113.63317,53.42807],[-113.63298,53.42807],[-113.63298,53.42755],[-113.63316,53.42756],[-113.63387,53.42769],[-113.63449,53.42785],[-113.63587,53.4277],[-113.63584,53.42739],[-113.63506,53.42691],[-113.63456,53.42694],[-113.63466,53.42669],[-113.63534,53.42674],[-113.63732,53.42713],[-113.63776,53.42691],[-113.63792,53.42662],[-113.63704,53.42614],[-113.63611,53.42615],[-113.63602,53.42627],[-113.63583,53.42615],[-113.63537,53.42604],[-113.635,53.42598],[-113.63457,53.42596],[-113.63454,53.42588],[-113.63454,53.42569],[-113.63722,53.42569],[-113.63913,53.4259],[-113.63929,53.4259],[-113.6393,53.42624],[-113.63945,53.4263],[-113.64078,53.42792],[-113.64202,53.42794],[-113.64331,53.42722],[-113.64448,53.42654],[-113.64615,53.42608],[-113.64776,53.42594],[-113.64716,53.42496]]]]}},{"type":"Feature","properties":{"name":"RIVERDALE"},"geometry":{"type":"MultiPolygon","coordinates":[[[[-113.48874,53.53854],[-113.48879,53.53855],[-113.4899,53.53875],[-113.48996,53.53907],[-113.48975,53.53917],[-113.48976,53.53928],[-113.48917,53.53945],[-113.48923,53.53979],[-113.48838,53.54003],[-113.48841,53.54021],[-113.48814,53.54031],[-113.48769,53.54034],[-113.48772,53.54051],[-113.48743,53.54052],[-113.4875,53.54073],[-113.48701,53.54102],[-113.48635,53.54033],[-113.48547,53.54098],[-113.48445,53.54167],[-113.48448,53.54171],[-113.48492,53.54219],[-113.48504,53.54231],[-113.48382,53.54271],[-113.48166,53.5429],[-113.48159,53.54274],[-113.48081,53.54288],[-113.48028,53.54301],[-113.47772,53.54324],[-113.47798,53.5438],[-113.47561,53.54404],[-113.47496,53.54505],[-113.47398,53.54651],[-113.47443,53.54723],[-113.47475,53.54774],[-113.47396,53.54792],[-113.47403,53.54807],[-113.47325,53.54847],[-113.47263,53.54826],[-113.47258,53.54825],[-113.47248,53.54829],[-113.4723,53.54878],[-113.47192,53.54917],[-113.47143,53.54968],[-113.46794,53.55021],[-113.46791,53.5501],[-113.46746,53.54935],[-113.46698,53.54879],[-113.46486,53.5468],[-113.46349,53.54552],[-113.46263,53.54439],[-113.46223,53.54372],[-113.46208,53.54328],[-113.46203,53.54287],[-113.46207,53.54241],[-113.46216,53.54199],[-113.46229,53.54159],[-113.46248,53.54119],[-113.46284,53.54077],[-113.46329,53.54042],[-113.46392,53.54005],[-113.46445,53.53983],[-113.4657,53.53955],[-113.46703,53.53945],[-113.46841,53.53957],[-113.47004,53.53979],[-113.47146,53.53996],[-113.4728,53.54007],[-113.47484,53.54021],[-113.47612,53.54025],[-113.47837,53.5402],[-113.48033,53.54011],[-113.48166,53.54003],[-113.48356,53.53973],[-113.48443,53.53952],[-113.48534,53.53906],[-113.48659,53.53831],[-113.48696,53.538],[-113.48778,53.53828],[-113.48798,53.53834],[-113.48845,53.53849],[-113.48874,53.53854]]]]}},{"type":"Feature","properties":{"name":"WHITEMUD CREEK RAVINE TWIN BROOKS"},"geometry":{"type":"MultiPolygon","coordinates":[[[[-113.54157,53.45105],[-113.54157,53.45104],[-113.54158,53.45104],[-113.54158,53.45103],[-113.54159,53.45103],[-113.5416,53.45102],[-113.54161,53.45102],[-113.54161,53.45102],[-113.54162,53.45101],[-113.54163,53.45101],[-113.54164,53.45101],[-113.54165,53.45101],[-113.54166,53.45101],[-113.54189,53.451],[-113.5419,53.451],[-113.54191,53.451],[-113.54192,53.451],[-113.54193,53.451],[-113.54194,53.45101],[-113.54195,53.45101],[-113.54196,53.45101],[-113.54197,53.45102],[-113.54197,53.45102],[-113.54198,53.45102],[-113.54199,53.45103],[-113.54199,53.45103],[-113.542,53.45104],[-113.542,53.45104],[-113.54208,53.45116],[-113.54219,53.45129],[-113.54225,53.45138],[-113.5423,53.45147],[-113.54231,53.45153],[-113.54227,53.45164],[-113.5422,53.45174],[-113.54224,53.45174],[-113.54234,53.45175],[-113.54248,53.45182],[-113.54268,53.45188],[-113.54281,53.45196],[-113.54299,53.4521],[-113.54309,53.45224],[-113.54311,53.45238],[-113.54319,53.45249],[-113.54328,53.45262],[-113.54335,53.45275],[-113.54338,53.45285],[-113.54344,53.45284],[-113.54367,53.45282],[-113.54388,53.45279],[-113.54409,53.45274],[-113.54419,53.45272],[-113.54444,53.45275],[-113.54458,53.4528],[-113.5446,53.45285],[-113.54469,53.45288],[-113.54491,53.45295],[-113.54502,53.45301],[-113.54506,53.45296],[-113.5451,53.45284],[-113.54499,53.45279],[-113.5449,53.45272],[-113.54483,53.45269],[-113.54473,53.45267],[-113.54453,53.4526],[-113.54432,53.45252],[-113.54416,53.45242],[-113.54403,53.45236],[-113.54397,53.45236],[-113.54375,53.45229],[-113.54367,53.45214],[-113.54363,53.45202],[-113.54347,53.45195],[-113.54328,53.45185],[-113.54312,53.45172],[-113.54308,53.45158],[-113.54294,53.45151],[-113.54274,53.45142],[-113.54259,53.45129],[-113.54259,53.45118],[-113.54264,53.45103],[-113.54268,53.45097],[-113.54268,53.45092],[-113.54261,53.4508],[-113.54251,53.45071],[-113.54241,53.45059],[-113.54227,53.4505],[-113.54213,53.45038],[-113.54209,53.45033],[-113.54208,53.45029],[-113.54205,53.45029],[-113.54199,53.45013],[-113.54202,53.45002],[-113.54208,53.44993],[-113.54228,53.44981],[-113.5424,53.44973],[-113.54247,53.44959],[-113.5426,53.44949],[-113.54268,53.4494],[-113.5427,53.44929],[-113.54278,53.44906],[-113.54293,53.44898],[-113.54302,53.44897],[-113.5432,53.449],[-113.54339,53.4491],[-113.54361,53.44902],[-113.54391,53.44899],[-113.54393,53.44888],[-113.54398,53.44878],[-113.54405,53.44872],[-113.54433,53.4486],[-113.54446,53.44841],[-113.5445,53.44827],[-113.54458,53.44815],[-113.54468,53.44808],[-113.54467,53.44799],[-113.54459,53.44792],[-113.54452,53.44783],[-113.54429,53.44766],[-113.54422,53.4475],[-113.54403,53.44733],[-113.54401,53.44725],[-113.54404,53.44714],[-113.54412,53.44706],[-113.54441,53.44694],[-113.5445,53.44683],[-113.54449,53.44669],[-113.54452,53.44669],[-113.54465,53.44663],[-113.54464,53.4465],[-113.54463,53.44633],[-113.54472,53.44616],[-113.54471,53.4461],[-113.54455,53.44596],[-113.54444,53.44592],[-113.54418,53.44588],[-113.54402,53.44579],[-113.54392,53.44566],[-113.54363,53.44558],[-113.54341,53.44546],[-113.54316,53.44543],[-113.54295,53.44533],[-113.54287,53.44515],[-113.54273,53.44508],[-113.54266,53.44503],[-113.54234,53.44492],[-113.54236,53.44487],[-113.54224,53.44472],[-113.54211,53.44462],[-113.54211,53.44449],[-113.54209,53.44439],[-113.54191,53.44431],[-113.54188,53.44421],[-113.54178,53.44405],[-113.54176,53.44397],[-113.54183,53.4439],[-113.54187,53.44379],[-113.54184,53.44368],[-113.54177,53.44357],[-113.54171,53.44331],[-113.54191,53.44309],[-113.54192,53.44285],[-113.54197,53.44278],[-113.54204,53.44273],[-113.54219,53.44269],[-113.54261,53.44254],[-113.54287,53.44247],[-113.54305,53.44237],[-113.54302,53.44228],[-113.5429,53.4422],[-113.54276,53.44218],[-113.54259,53.44212],[-113.54239,53.44201],[-113.54222,53.44192],[-113.54211,53.44184],[-113.54197,53.44163],[-113.54195,53.44153],[-113.54189,53.44137],[-113.54191,53.44121],[-113.54195,53.44092],[-113.54183,53.44084],[-113.54167,53.44071],[-113.54168,53.44058],[-113.54179,53.44049],[-113.54142,53.44026],[-113.54114,53.44019],[-113.54114,53.44022],[-113.54008,53.43965],[-113.54045,53.43965],[-113.54083,53.4397],[-113.54083,53.43947],[-113.54114,53.43947],[-113.54173,53.43947],[-113.54207,53.43899],[-113.54214,53.43808],[-113.54197,53.43712],[-113.54213,53.43669],[-113.54259,53.4364],[-113.54238,53.43637],[-113.54241,53.43637],[-113.54628,53.43486],[-113.5489,53.43424],[-113.54935,53.43428],[-113.5496,53.43408],[-113.55549,53.43269],[-113.55993,53.43222],[-113.56563,53.43162],[-113.56564,53.4325],[-113.56577,53.43247],[-113.56598,53.43239],[-113.56618,53.4324],[-113.56632,53.43232],[-113.56663,53.4322],[-113.56674,53.43205],[-113.5669,53.43196],[-113.56708,53.43183],[-113.56742,53.43176],[-113.56818,53.43168],[-113.56807,53.43173],[-113.56772,53.43188],[-113.56751,53.43206],[-113.56738,53.4322],[-113.56745,53.4324],[-113.56733,53.43259],[-113.56722,53.43273],[-113.56748,53.4328],[-113.56759,53.43299],[-113.56792,53.43299],[-113.56801,53.43317],[-113.56842,53.4333],[-113.56871,53.43338],[-113.56892,53.43347],[-113.56923,53.43352],[-113.56925,53.43376],[-113.56906,53.43379],[-113.56873,53.43373],[-113.56847,53.43366],[-113.56814,53.43362],[-113.56777,53.43363],[-113.56725,53.43356],[-113.56741,53.4335],[-113.56737,53.43341],[-113.56721,53.43344],[-113.56675,53.43345],[-113.5666,53.43326],[-113.56641,53.43325],[-113.56626,53.43347],[-113.56565,53.43352],[-113.56566,53.43594],[-113.56567,53.43655],[-113.56536,53.43655],[-113.56536,53.43608],[-113.56536,53.43573],[-113.56536,53.43554],[-113.56536,53.43505],[-113.56535,53.43479],[-113.56534,53.43473],[-113.5652,53.43416],[-113.56503,53.43415],[-113.56512,53.4342],[-113.56505,53.43452],[-113.56483,53.43464],[-113.56438,53.43465],[-113.56406,53.43453],[-113.56401,53.43467],[-113.56367,53.4348],[-113.56343,53.43484],[-113.56315,53.43478],[-113.5631,53.43511],[-113.56288,53.43519],[-113.56267,53.43508],[-113.5625,53.43518],[-113.56248,53.43536],[-113.56196,53.4356],[-113.56185,53.43569],[-113.56169,53.43578],[-113.56163,53.4359],[-113.56147,53.43595],[-113.56132,53.43593],[-113.56111,53.43607],[-113.5608,53.43603],[-113.56053,53.43596],[-113.56051,53.43586],[-113.56023,53.43592],[-113.56038,53.43628],[-113.56038,53.43642],[-113.56051,53.43653],[-113.5606,53.4367],[-113.56072,53.43685],[-113.56073,53.43705],[-113.5608,53.43729],[-113.56085,53.43737],[-113.56082,53.43743],[-113.56065,53.43751],[-113.56046,53.43758],[-113.56026,53.43747],[-113.56029,53.4372],[-113.56027,53.43697],[-113.55999,53.43674],[-113.55965,53.43651],[-113.55949,53.43652],[-113.55925,53.43676],[-113.559,53.43697],[-113.55888,53.43703],[-113.55825,53.43707],[-113.55782,53.43704],[-113.5575,53.43694],[-113.55735,53.43685],[-113.55727,53.43685],[-113.55719,53.43698],[-113.55707,53.43703],[-113.55672,53.43697],[-113.55648,53.43698],[-113.55628,53.43695],[-113.55608,53.43703],[-113.55586,53.43703],[-113.55567,53.43692],[-113.55543,53.43695],[-113.55511,53.43686],[-113.5549,53.43664],[-113.55473,53.43651],[-113.55465,53.43645],[-113.55462,53.43639],[-113.55456,53.43639],[-113.5545,53.43648],[-113.55434,53.43653],[-113.55422,53.43654],[-113.55429,53.43662],[-113.55443,53.43674],[-113.55448,53.43685],[-113.55437,53.437],[-113.55426,53.43706],[-113.55404,53.43713],[-113.55428,53.43728],[-113.55461,53.4374],[-113.55485,53.43752],[-113.55503,53.43768],[-113.5551,53.43784],[-113.5551,53.43796],[-113.5549,53.43854],[-113.55486,53.43879],[-113.55505,53.43892],[-113.55552,53.43888],[-113.55572,53.43912],[-113.55589,53.43945],[-113.55469,53.43945],[-113.55326,53.43945],[-113.55326,53.44017],[-113.55326,53.44016],[-113.55326,53.44026],[-113.55326,53.44126],[-113.5472,53.44126],[-113.5472,53.44264],[-113.5473,53.44271],[-113.54751,53.44287],[-113.54789,53.44311],[-113.54837,53.44339],[-113.54924,53.44344],[-113.54962,53.44364],[-113.54985,53.4437],[-113.55054,53.4439],[-113.55059,53.44398],[-113.5506,53.44438],[-113.55061,53.44444],[-113.55062,53.44466],[-113.5505,53.44495],[-113.55042,53.44535],[-113.55023,53.44537],[-113.55002,53.44568],[-113.54959,53.44583],[-113.5494,53.44613],[-113.54956,53.44627],[-113.54932,53.44647],[-113.54913,53.44645],[-113.54896,53.44658],[-113.5486,53.44672],[-113.54847,53.44701],[-113.54822,53.44706],[-113.54802,53.44718],[-113.54795,53.44736],[-113.54789,53.44775],[-113.54798,53.44785],[-113.54799,53.44804],[-113.5478,53.44837],[-113.54764,53.44863],[-113.54757,53.44876],[-113.5474,53.4488],[-113.54743,53.44893],[-113.54748,53.44909],[-113.54765,53.44915],[-113.54788,53.44902],[-113.54825,53.44878],[-113.54835,53.44877],[-113.54883,53.44878],[-113.54909,53.44875],[-113.54932,53.44878],[-113.54961,53.44886],[-113.54999,53.44893],[-113.55007,53.44897],[-113.55037,53.44892],[-113.55063,53.44897],[-113.55073,53.44901],[-113.55101,53.44924],[-113.55125,53.44933],[-113.55144,53.44941],[-113.55171,53.44961],[-113.55187,53.44981],[-113.55197,53.45006],[-113.55194,53.45016],[-113.55174,53.45045],[-113.55166,53.45072],[-113.55149,53.45094],[-113.55128,53.45111],[-113.5509,53.45147],[-113.5506,53.45171],[-113.55018,53.45193],[-113.55029,53.45206],[-113.55057,53.45232],[-113.55074,53.45262],[-113.55109,53.45283],[-113.55141,53.45294],[-113.55154,53.45319],[-113.55172,53.45319],[-113.55207,53.45306],[-113.55245,53.45303],[-113.55247,53.45306],[-113.55244,53.45315],[-113.55223,53.45335],[-113.55212,53.45354],[-113.55179,53.4539],[-113.55179,53.45398],[-113.54817,53.45401],[-113.54769,53.45391],[-113.54118,53.45391],[-113.54088,53.45391],[-113.54087,53.45083],[-113.5412,53.45109],[-113.54126,53.4512],[-113.54132,53.45124],[-113.54135,53.45136],[-113.5414,53.4513],[-113.54152,53.45125],[-113.54151,53.45112],[-113.54157,53.45105]]]]}},{"type":"Feature","properties":{"name":"MAGRATH HEIGHTS"},"geometry":{"type":"MultiPolygon","coordinates":[[[[-113.55326,53.44246],[-113.55326,53.44306],[-113.55642,53.44306],[-113.5567,53.44349],[-113.55708,53.44383],[-113.55747,53.44407],[-113.558,53.44432],[-113.55856,53.44449],[-113.55913,53.44461],[-113.55975,53.44466],[-113.56039,53.44467],[-113.56177,53.44467],[-113.56322,53.44467],[-113.56459,53.44467],[-113.56552,53.44467],[-113.56554,53.44667],[-113.56554,53.44922],[-113.56556,53.45091],[-113.56551,53.45404],[-113.55917,53.45403],[-113.55402,53.45404],[-113.55326,53.45406],[-113.55205,53.45398],[-113.55179,53.45398],[-113.55179,53.4539],[-113.55212,53.45354],[-113.55223,53.45335],[-113.55244,53.45315],[-113.55247,53.45306],[-113.55245,53.45303],[-113.55207,53.45306],[-113.55172,53.45319],[-113.55154,53.45319],[-113.55141,53.45294],[-113.55109,53.45283],[-113.55074,53.45262],[-113.55057,53.45232],[-113.55029,53.45206],[-113.55018,53.45193],[-113.5506,53.45171],[-113.5509,53.45147],[-113.55128,53.45111],[-113.55149,53.45094],[-113.55166,53.45072],[-113.55174,53.45045],[-113.55194,53.45016],[-113.55197,53.45006],[-113.55187,53.44981],[-113.55171,53.44961],[-113.55144,53.44941],[-113.55125,53.44933],[-113.55101,53.44924],[-113.55073,53.44901],[-113.55063,53.44897],[-113.55037,53.44892],[-113.55007,53.44897],[-113.54999,53.44893],[-113.54961,53.44886],[-113.54932,53.44878],[-113.54909,53.44875],[-113.54883,53.44878],[-113.54835,53.44877],[-113.54825,53.44878],[-113.54788,53.44902],[-113.54765,53.44915],[-113.54748,53.44909],[-113.54743,53.44893],[-113.5474,53.4488],[-113.54757,53.44876],[-113.54764,53.44863],[-113.5478,53.44837],[-113.54799,53.44804],[-113.54798,53.44785],[-113.54789,53.44775],[-113.54795,53.44736],[-113.54802,53.44718],[-113.54822,53.44706],[-113.54847,53.44701],[-113.5486,53.44672],[-113.54896,53.44658],[-113.54913,53.44645],[-113.54932,53.44647],[-113.54956,53.44627],[-113.5494,53.44613],[-113.54959,53.44583],[-113.55002,53.44568],[-113.55023,53.44537],[-113.55042,53.44535],[-113.5505,53.44495],[-113.55062,53.44466],[-113.55061,53.44444],[-113.5506,53.44438],[-113.55059,53.44398],[-113.55054,53.4439],[-113.54985,53.4437],[-113.54962,53.44364],[-113.54924,53.44344],[-113.54837,53.44339],[-113.54789,53.44311],[-113.54751,53.44287],[-113.5473,53.44271],[-113.5472,53.44264],[-113.5472,53.44126],[-113.55326,53.44126],[-113.55326,53.44246]]]]}},{"type":"Feature","properties":{"name":"RIVER'S EDGE"},"geometry":{"type":"MultiPolygon","coordinates":[[[[-113.6393,53.45777],[-113.63927,53.45792],[-113.63922,53.45808],[-113.63917,53.45823],[-113.6391,53.45838],[-113.63903,53.45852],[-113.63895,53.45867],[-113.63867,53.45891],[-113.63841,53.45916],[-113.63815,53.45941],[-113.63792,53.45967],[-113.63769,53.45994],[-113.63748,53.4602],[-113.6372,53.46058],[-113.63694,53.46094],[-113.62754,53.46095],[-113.61943,53.46095],[-113.61747,53.45952],[-113.61641,53.45875],[-113.61747,53.45797],[-113.61894,53.45677],[-113.62065,53.45564],[-113.62207,53.45467],[-113.62333,53.45383],[-113.62456,53.45292],[-113.6257,53.45208],[-113.62818,53.45032],[-113.63001,53.44907],[-113.63194,53.44806],[-113.63431,53.44688],[-113.63536,53.4464],[-113.6362,53.44597],[-113.6374,53.44546],[-113.6386,53.44475],[-113.63982,53.44594],[-113.6399,53.44582],[-113.64052,53.44582],[-113.64173,53.44595],[-113.64294,53.44622],[-113.64295,53.44675],[-113.6542,53.44674],[-113.65655,53.44673],[-113.65679,53.44673],[-113.66413,53.44672],[-113.66435,53.44672],[-113.66438,53.45403],[-113.6398,53.45407],[-113.63979,53.45768],[-113.6393,53.45768],[-113.6393,53.45777]]]]}},{"type":"Feature","properties":{"name":"EBBERS"},"geometry":{"type":"MultiPolygon","coordinates":[[[[-113.39141,53.61595],[-113.39135,53.61596],[-113.39093,53.616],[-113.3908,53.616],[-113.39073,53.61599],[-113.39068,53.61597],[-113.39028,53.61598],[-113.39007,53.61599],[-113.38991,53.616],[-113.38943,53.61599],[-113.38915,53.61599],[-113.3885,53.616],[-113.38871,53.61586],[-113.38855,53.61586],[-113.39137,53.6141],[-113.39137,53.61421],[-113.39378,53.61271],[-113.40295,53.607],[-113.40319,53.60685],[-113.40381,53.60685],[-113.40674,53.60686],[-113.41159,53.60686],[-113.40474,53.61268],[-113.40366,53.61415],[-113.40351,53.61434],[-113.40084,53.61413],[-113.40019,53.61412],[-113.39951,53.61416],[-113.39787,53.61434],[-113.39707,53.61448],[-113.39493,53.61506],[-113.39362,53.61548],[-113.393,53.61566],[-113.39244,53.61579],[-113.39141,53.61595]]]]}},{"type":"Feature","properties":{"name":"KESWICK AREA"},"geometry":{"type":"MultiPolygon","coordinates":[[[[-113.61465,53.4103],[-113.61483,53.4103],[-113.62698,53.41029],[-113.63943,53.41027],[-113.652,53.41038],[-113.65204,53.41039],[-113.65472,53.41043],[-113.65523,53.41134],[-113.65544,53.41247],[-113.65568,53.41333],[-113.65607,53.41434],[-113.6564,53.41526],[-113.65667,53.4163],[-113.65688,53.41732],[-113.65711,53.4182],[-113.65748,53.41922],[-113.65789,53.42002],[-113.65811,53.42073],[-113.65815,53.4218],[-113.6581,53.42251],[-113.65817,53.42357],[-113.65835,53.42473],[-113.65839,53.42493],[-113.65755,53.42492],[-113.64715,53.42489],[-113.64363,53.42488],[-113.64339,53.42486],[-113.64318,53.42484],[-113.64287,53.42483],[-113.64257,53.42481],[-113.64222,53.42479],[-113.64207,53.42478],[-113.64182,53.42475],[-113.64159,53.42472],[-113.64136,53.42469],[-113.64111,53.42466],[-113.64084,53.42461],[-113.64058,53.42456],[-113.64039,53.42452],[-113.64013,53.42447],[-113.63993,53.42442],[-113.63974,53.42437],[-113.63966,53.42435],[-113.63929,53.42424],[-113.63926,53.42422],[-113.63926,53.42413],[-113.63926,53.42196],[-113.63926,53.42181],[-113.63926,53.42112],[-113.62877,53.42113],[-113.62696,53.42114],[-113.62696,53.42114],[-113.61585,53.42116],[-113.6148,53.42117],[-113.61464,53.42115],[-113.61465,53.4103]]]]}},{"type":"Feature","properties":{"name":"DOWNTOWN"},"geometry":{"type":"MultiPolygon","coordinates":[[[[-113.5074,53.53147],[-113.50753,53.53151],[-113.50766,53.53155],[-113.50779,53.5316],[-113.50792,53.53164],[-113.50805,53.53169],[-113.50817,53.53174],[-113.50934,53.53221],[-113.50932,53.53226],[-113.50929,53.5323],[-113.50927,53.53235],[-113.50925,53.53239],[-113.50922,53.53244],[-113.5092,53.53249],[-113.50918,53.53254],[-113.50915,53.53259],[-113.50913,53.53264],[-113.50906,53.5328],[-113.509,53.53297],[-113.50894,53.53314],[-113.50889,53.5333],[-113.50884,53.53347],[-113.5088,53.53364],[-113.50866,53.53407],[-113.50889,53.53407],[-113.5095,53.53407],[-113.50945,53.53418],[-113.5094,53.53421],[-113.50932,53.53447],[-113.50932,53.53486],[-113.50935,53.53491],[-113.50935,53.53555],[-113.50935,53.53577],[-113.50935,53.53714],[-113.50935,53.53725],[-113.5093,53.53737],[-113.5093,53.53772],[-113.50935,53.53775],[-113.50935,53.53883],[-113.50935,53.53909],[-113.50944,53.53909],[-113.50945,53.53914],[-113.50946,53.53919],[-113.50947,53.53925],[-113.50949,53.53932],[-113.50951,53.53939],[-113.50952,53.53944],[-113.50953,53.5395],[-113.50955,53.53956],[-113.50956,53.53961],[-113.50957,53.53964],[-113.50959,53.53971],[-113.50961,53.53976],[-113.50963,53.53981],[-113.50965,53.53987],[-113.50967,53.53994],[-113.50969,53.53998],[-113.50971,53.54003],[-113.50972,53.54005],[-113.50974,53.5401],[-113.50976,53.54017],[-113.50978,53.54021],[-113.5098,53.54026],[-113.50984,53.54032],[-113.50984,53.54038],[-113.50984,53.54038],[-113.50984,53.5408],[-113.50984,53.54094],[-113.51026,53.54094],[-113.5121,53.54094],[-113.5121,53.54301],[-113.51209,53.54461],[-113.5121,53.54623],[-113.51192,53.54637],[-113.51231,53.54637],[-113.51287,53.54641],[-113.5137,53.54641],[-113.51371,53.54778],[-113.51395,53.54778],[-113.51395,53.54826],[-113.50843,53.54826],[-113.50755,53.54826],[-113.50751,53.54826],[-113.50744,53.54825],[-113.50737,53.54824],[-113.5073,53.54823],[-113.50723,53.5482],[-113.5072,53.54819],[-113.50717,53.54818],[-113.50651,53.54786],[-113.50644,53.54782],[-113.50637,53.5478],[-113.50629,53.54779],[-113.50621,53.54778],[-113.50614,53.54777],[-113.5059,53.54777],[-113.50475,53.54777],[-113.50291,53.54777],[-113.5011,53.54777],[-113.49924,53.54776],[-113.49739,53.54777],[-113.49554,53.54776],[-113.49372,53.54777],[-113.49372,53.54813],[-113.49289,53.54818],[-113.49178,53.54825],[-113.49163,53.54831],[-113.49048,53.54839],[-113.49026,53.54844],[-113.48941,53.54857],[-113.48812,53.54876],[-113.48745,53.54707],[-113.48735,53.54665],[-113.48699,53.54578],[-113.48664,53.54491],[-113.48624,53.54397],[-113.4859,53.54314],[-113.48549,53.54217],[-113.48504,53.54231],[-113.48492,53.54219],[-113.48448,53.54171],[-113.48445,53.54167],[-113.48547,53.54098],[-113.48635,53.54033],[-113.48701,53.54102],[-113.4875,53.54073],[-113.48743,53.54052],[-113.48772,53.54051],[-113.48769,53.54034],[-113.48814,53.54031],[-113.48841,53.54021],[-113.48838,53.54003],[-113.48923,53.53979],[-113.48917,53.53945],[-113.48976,53.53928],[-113.48975,53.53917],[-113.48996,53.53907],[-113.49002,53.5394],[-113.49015,53.53947],[-113.49003,53.53965],[-113.49132,53.53934],[-113.49303,53.5395],[-113.49303,53.53899],[-113.49323,53.53897],[-113.4935,53.53882],[-113.4937,53.53862],[-113.49368,53.538],[-113.49348,53.53745],[-113.49422,53.53728],[-113.49462,53.53724],[-113.49557,53.53723],[-113.49556,53.5365],[-113.49556,53.53604],[-113.49738,53.53501],[-113.49801,53.53463],[-113.49884,53.53399],[-113.49923,53.53399],[-113.50106,53.534],[-113.50292,53.53401],[-113.50292,53.53237],[-113.50127,53.53237],[-113.50127,53.53078],[-113.50274,53.53078],[-113.50403,53.53078],[-113.50408,53.53077],[-113.50469,53.53077],[-113.50471,53.53078],[-113.50494,53.53078],[-113.50494,53.53082],[-113.50647,53.53109],[-113.50748,53.53134],[-113.5074,53.53147]]]]}},{"type":"Feature","properties":{"name":"ROSENTHAL"},"geometry":{"type":"MultiPolygon","coordinates":[[[[-113.71364,53.52668],[-113.68927,53.52668],[-113.68895,53.52668],[-113.68881,53.52053],[-113.68876,53.51223],[-113.68913,53.51213],[-113.71359,53.51212],[-113.71361,53.51651],[-113.71362,53.51942],[-113.71364,53.52668]]]]}},{"type":"Feature","properties":{"name":"STRATHEARN"},"geometry":{"type":"MultiPolygon","coordinates":[[[[-113.47155,53.53287],[-113.4688,53.53398],[-113.46737,53.53457],[-113.46408,53.5359],[-113.46359,53.53608],[-113.46401,53.53672],[-113.46402,53.53682],[-113.46399,53.5369],[-113.46391,53.53698],[-113.46373,53.53706],[-113.46311,53.53718],[-113.46253,53.53727],[-113.46221,53.5373],[-113.46158,53.53733],[-113.4612,53.53733],[-113.46058,53.5373],[-113.45989,53.53723],[-113.45886,53.53703],[-113.45869,53.53695],[-113.45858,53.53683],[-113.45859,53.5367],[-113.45895,53.53607],[-113.45745,53.53577],[-113.45587,53.53545],[-113.45603,53.5349],[-113.45738,53.53323],[-113.45748,53.53307],[-113.45752,53.53287],[-113.4575,53.53177],[-113.45746,53.52773],[-113.45746,53.5268],[-113.45747,53.52526],[-113.45877,53.52531],[-113.45918,53.52543],[-113.4616,53.52679],[-113.46299,53.52759],[-113.46386,53.52801],[-113.46538,53.52873],[-113.46689,53.52937],[-113.46836,53.52999],[-113.46935,53.53057],[-113.47113,53.5316],[-113.47155,53.53173],[-113.47295,53.53231],[-113.47274,53.53264],[-113.47261,53.53277],[-113.47254,53.53281],[-113.47245,53.53275],[-113.47236,53.53268],[-113.47171,53.53291],[-113.47155,53.53287]]]]}},{"type":"Feature","properties":{"name":"KLARVATTEN"},"geometry":{"type":"MultiPolygon","coordinates":[[[[-113.46936,53.64444],[-113.46927,53.64329],[-113.46736,53.64329],[-113.46727,53.64285],[-113.4669,53.64226],[-113.46614,53.64135],[-113.46574,53.64062],[-113.46558,53.64004],[-113.46556,53.63942],[-113.4657,53.63885],[-113.46601,53.63822],[-113.4669,53.63718],[-113.46716,53.63669],[-113.46739,53.63587],[-113.4674,53.635],[-113.46741,53.6287],[-113.47051,53.62873],[-113.4737,53.62873],[-113.47736,53.62874],[-113.48154,53.62875],[-113.48155,53.63015],[-113.48153,53.63079],[-113.48137,53.63135],[-113.48114,53.63183],[-113.48087,53.63222],[-113.48012,53.63312],[-113.47983,53.63367],[-113.47972,53.63403],[-113.47967,53.63442],[-113.47968,53.63609],[-113.47968,53.63764],[-113.47967,53.63843],[-113.47966,53.63921],[-113.47957,53.63954],[-113.47939,53.63987],[-113.47912,53.64019],[-113.4788,53.64045],[-113.47834,53.64075],[-113.47777,53.64098],[-113.47717,53.64117],[-113.47733,53.64125],[-113.47806,53.64164],[-113.47781,53.64242],[-113.47781,53.64329],[-113.48777,53.6433],[-113.48393,53.64549],[-113.47967,53.64557],[-113.47967,53.64566],[-113.47608,53.64572],[-113.47111,53.64551],[-113.47094,53.6455],[-113.47078,53.64548],[-113.47061,53.64545],[-113.47045,53.64541],[-113.4703,53.64536],[-113.47016,53.6453],[-113.47002,53.64524],[-113.4699,53.64517],[-113.46979,53.6451],[-113.46968,53.64502],[-113.46959,53.64493],[-113.46952,53.64484],[-113.46946,53.64474],[-113.46941,53.64464],[-113.46938,53.64454],[-113.46936,53.64444]]]]}},{"type":"Feature","properties":{"name":"MILL CREEK RAVINE NORTH"},"geometry":{"type":"MultiPolygon","coordinates":[[[[-113.47859,53.52306],[-113.47862,53.52311],[-113.47864,53.52316],[-113.47867,53.52321],[-113.47869,53.52326],[-113.47871,53.52331],[-113.47872,53.52336],[-113.47889,53.52336],[-113.47931,53.52319],[-113.47936,53.52317],[-113.47935,53.52341],[-113.47944,53.52341],[-113.47939,53.5236],[-113.47935,53.52359],[-113.47906,53.52359],[-113.4789,53.52381],[-113.47928,53.52381],[-113.47928,53.52391],[-113.47944,53.52391],[-113.47943,53.52444],[-113.47935,53.52457],[-113.47927,53.52463],[-113.47879,53.52463],[-113.4786,53.52498],[-113.47858,53.52501],[-113.47857,53.52503],[-113.47856,53.52505],[-113.47855,53.52508],[-113.47854,53.5251],[-113.47853,53.52512],[-113.47852,53.52514],[-113.47935,53.52514],[-113.47935,53.52492],[-113.47953,53.52492],[-113.48033,53.52493],[-113.48033,53.52495],[-113.48033,53.52531],[-113.48109,53.52531],[-113.48109,53.52549],[-113.48112,53.52549],[-113.48155,53.5258],[-113.48158,53.52578],[-113.48187,53.52599],[-113.48187,53.52621],[-113.48273,53.52682],[-113.48273,53.52731],[-113.48324,53.52731],[-113.48324,53.5274],[-113.48324,53.52779],[-113.48272,53.52779],[-113.48257,53.52778],[-113.48045,53.52776],[-113.48045,53.52779],[-113.48044,53.52823],[-113.48271,53.52825],[-113.48272,53.52983],[-113.48287,53.52998],[-113.48295,53.53001],[-113.48303,53.53004],[-113.48311,53.53008],[-113.48319,53.53011],[-113.48326,53.53015],[-113.48334,53.53019],[-113.48334,53.52993],[-113.48334,53.52983],[-113.48351,53.52984],[-113.48367,53.53035],[-113.48369,53.53041],[-113.48373,53.53043],[-113.48376,53.53045],[-113.48377,53.53047],[-113.4838,53.53049],[-113.48383,53.53051],[-113.4839,53.53057],[-113.48435,53.53051],[-113.48449,53.5305],[-113.48467,53.5311],[-113.48541,53.5311],[-113.48541,53.53119],[-113.48535,53.53174],[-113.48551,53.53174],[-113.48548,53.53204],[-113.48541,53.53331],[-113.48473,53.53355],[-113.48456,53.53362],[-113.48466,53.53443],[-113.48471,53.53498],[-113.48486,53.53561],[-113.48311,53.53576],[-113.48261,53.53423],[-113.48216,53.53364],[-113.48145,53.5332],[-113.48056,53.53297],[-113.47925,53.53294],[-113.47758,53.53307],[-113.47581,53.53297],[-113.47441,53.53276],[-113.47415,53.53268],[-113.47441,53.53262],[-113.47634,53.53261],[-113.47931,53.53261],[-113.47929,53.5321],[-113.47929,53.53172],[-113.47945,53.53172],[-113.47944,53.53096],[-113.47914,53.53096],[-113.47727,53.53034],[-113.47629,53.53016],[-113.47629,53.53015],[-113.47523,53.53015],[-113.47523,53.52953],[-113.47513,53.52927],[-113.47508,53.52919],[-113.47507,53.52905],[-113.47506,53.52723],[-113.47419,53.52723],[-113.47419,53.52714],[-113.47312,53.52714],[-113.47311,53.5259],[-113.47535,53.5259],[-113.47534,53.52394],[-113.47504,53.52386],[-113.47419,53.52378],[-113.47324,53.52375],[-113.47309,53.52375],[-113.47309,53.52349],[-113.47611,53.5235],[-113.47611,53.52288],[-113.47488,53.52288],[-113.47476,53.52241],[-113.4746,53.52241],[-113.4746,53.52193],[-113.47308,53.52193],[-113.47249,53.52194],[-113.47249,53.52013],[-113.47167,53.52013],[-113.47167,53.51957],[-113.47167,53.51954],[-113.47193,53.51954],[-113.47228,53.51954],[-113.47227,53.51914],[-113.47227,53.51905],[-113.47192,53.51905],[-113.47016,53.51905],[-113.47015,53.51854],[-113.47031,53.51854],[-113.47114,53.51854],[-113.47114,53.51858],[-113.47242,53.51858],[-113.47215,53.5185],[-113.47176,53.51819],[-113.47176,53.51803],[-113.4747,53.51804],[-113.47485,53.51796],[-113.47551,53.51796],[-113.47566,53.51804],[-113.47581,53.51903],[-113.4759,53.51959],[-113.47605,53.51959],[-113.47606,53.51988],[-113.47658,53.51988],[-113.47658,53.51997],[-113.47773,53.51997],[-113.47773,53.52006],[-113.47773,53.52092],[-113.47788,53.52092],[-113.47788,53.52101],[-113.47788,53.52178],[-113.47818,53.52178],[-113.47818,53.52187],[-113.47818,53.52254],[-113.47812,53.52254],[-113.47815,53.52257],[-113.47818,53.52259],[-113.4782,53.5226],[-113.47823,53.52263],[-113.47969,53.52264],[-113.47969,53.52307],[-113.47913,53.52307],[-113.47859,53.52306]]]]}},{"type":"Feature","properties":{"name":"MCCAULEY"},"geometry":{"type":"MultiPolygon","coordinates":[[[[-113.48785,53.54807],[-113.48812,53.54876],[-113.48941,53.54857],[-113.49026,53.54844],[-113.49048,53.54839],[-113.49163,53.54831],[-113.49178,53.54825],[-113.49289,53.54818],[-113.49372,53.54813],[-113.49372,53.54868],[-113.49372,53.54981],[-113.49371,53.55089],[-113.49372,53.55141],[-113.49371,53.55306],[-113.49372,53.55458],[-113.49371,53.55601],[-113.49371,53.55708],[-113.49371,53.55784],[-113.49371,53.55889],[-113.49185,53.55902],[-113.49012,53.55914],[-113.48951,53.55919],[-113.48861,53.5595],[-113.487,53.56005],[-113.48639,53.56024],[-113.48413,53.56043],[-113.48264,53.56056],[-113.47964,53.56109],[-113.47923,53.56103],[-113.47814,53.56103],[-113.47663,53.56104],[-113.47478,53.56105],[-113.47328,53.56106],[-113.47179,53.56107],[-113.47029,53.5611],[-113.46901,53.56114],[-113.47063,53.55972],[-113.47099,53.5594],[-113.4725,53.55808],[-113.47359,53.55713],[-113.4753,53.55563],[-113.4781,53.55318],[-113.47831,53.553],[-113.48142,53.55027],[-113.48169,53.55008],[-113.48172,53.55005],[-113.48175,53.55003],[-113.48178,53.55001],[-113.48181,53.54999],[-113.48184,53.54997],[-113.48187,53.54995],[-113.482,53.54987],[-113.48202,53.54986],[-113.48205,53.54984],[-113.48209,53.54981],[-113.48215,53.54978],[-113.48221,53.54974],[-113.48225,53.54972],[-113.4823,53.5497],[-113.48236,53.54966],[-113.4824,53.54964],[-113.48244,53.54962],[-113.48251,53.54958],[-113.48255,53.54956],[-113.48259,53.54954],[-113.48265,53.54951],[-113.4827,53.54949],[-113.48274,53.54947],[-113.48278,53.54945],[-113.48282,53.54943],[-113.48289,53.5494],[-113.48307,53.54918],[-113.48382,53.54905],[-113.48401,53.549],[-113.4845,53.54882],[-113.48445,53.5487],[-113.48603,53.54843],[-113.48605,53.54846],[-113.48665,53.54836],[-113.48663,53.54831],[-113.48736,53.54818],[-113.48769,53.54809],[-113.48785,53.54807]]]]}},{"type":"Feature","properties":{"name":"RIVER VALLEY VICTORIA"},"geometry":{"type":"MultiPolygon","coordinates":[[[[-113.5088,53.53364],[-113.50884,53.53347],[-113.50889,53.5333],[-113.50894,53.53314],[-113.509,53.53297],[-113.50906,53.5328],[-113.50913,53.53264],[-113.50915,53.53259],[-113.50918,53.53254],[-113.5092,53.53249],[-113.50922,53.53244],[-113.50925,53.53239],[-113.50927,53.53235],[-113.50929,53.5323],[-113.50932,53.53226],[-113.50934,53.53221],[-113.50817,53.53174],[-113.50805,53.53169],[-113.50792,53.53164],[-113.50779,53.5316],[-113.50766,53.53155],[-113.50753,53.53151],[-113.5074,53.53147],[-113.50748,53.53134],[-113.50647,53.53109],[-113.50494,53.53082],[-113.50494,53.53078],[-113.50471,53.53078],[-113.50469,53.53077],[-113.50408,53.53077],[-113.50403,53.53078],[-113.50274,53.53078],[-113.50127,53.53078],[-113.50127,53.53075],[-113.50127,53.52992],[-113.50159,53.52961],[-113.50178,53.52943],[-113.50172,53.52941],[-113.5017,53.5294],[-113.50168,53.52939],[-113.50165,53.52937],[-113.50162,53.52936],[-113.50159,53.52935],[-113.50156,53.52934],[-113.50158,53.52932],[-113.50233,53.52861],[-113.50297,53.52886],[-113.50478,53.52939],[-113.50606,53.52971],[-113.50841,53.53027],[-113.50958,53.53051],[-113.51074,53.53065],[-113.51186,53.53072],[-113.51298,53.53074],[-113.51653,53.53077],[-113.51773,53.53085],[-113.51858,53.53093],[-113.51958,53.53103],[-113.52091,53.53118],[-113.52248,53.53135],[-113.52394,53.53153],[-113.52521,53.53174],[-113.52623,53.53196],[-113.52733,53.53225],[-113.52841,53.53257],[-113.52944,53.53297],[-113.53075,53.53355],[-113.53254,53.53425],[-113.53424,53.53495],[-113.53613,53.53577],[-113.53577,53.53766],[-113.53571,53.53772],[-113.53574,53.53773],[-113.53574,53.53967],[-113.53589,53.54028],[-113.53589,53.54079],[-113.53604,53.54083],[-113.53608,53.54084],[-113.53616,53.54086],[-113.5362,53.54087],[-113.53628,53.5409],[-113.53636,53.54092],[-113.53643,53.54094],[-113.53651,53.54097],[-113.53658,53.54099],[-113.53666,53.54101],[-113.53673,53.54104],[-113.53678,53.54106],[-113.53678,53.54137],[-113.53673,53.54135],[-113.53666,53.54133],[-113.53662,53.54131],[-113.53654,53.54129],[-113.53647,53.54126],[-113.53641,53.54124],[-113.53634,53.54122],[-113.53627,53.5412],[-113.5362,53.54117],[-113.53616,53.54116],[-113.53608,53.54114],[-113.53604,53.54113],[-113.53595,53.5411],[-113.53574,53.54104],[-113.53565,53.54102],[-113.53561,53.54101],[-113.53553,53.54099],[-113.53545,53.54097],[-113.53537,53.54095],[-113.53533,53.54095],[-113.53525,53.54093],[-113.53516,53.54091],[-113.53508,53.54089],[-113.535,53.54088],[-113.53478,53.54083],[-113.5346,53.5408],[-113.53426,53.54075],[-113.53396,53.54071],[-113.53284,53.54056],[-113.53187,53.54044],[-113.53187,53.54047],[-113.53106,53.54036],[-113.53088,53.54033],[-113.53073,53.54039],[-113.52846,53.54007],[-113.52681,53.53974],[-113.52498,53.53937],[-113.52478,53.53932],[-113.52314,53.53918],[-113.52222,53.53885],[-113.52129,53.53885],[-113.52131,53.53778],[-113.52043,53.53778],[-113.52043,53.53763],[-113.52034,53.5376],[-113.52007,53.53751],[-113.51965,53.53751],[-113.51965,53.53737],[-113.51928,53.53737],[-113.51889,53.53737],[-113.51889,53.53736],[-113.51857,53.5373],[-113.51857,53.53737],[-113.5185,53.53737],[-113.51781,53.53726],[-113.51781,53.53715],[-113.51781,53.53664],[-113.51744,53.53664],[-113.51691,53.53647],[-113.51675,53.53647],[-113.51666,53.53647],[-113.51666,53.5366],[-113.51597,53.5366],[-113.51579,53.5366],[-113.51579,53.53618],[-113.51493,53.53619],[-113.51488,53.53619],[-113.51488,53.53578],[-113.51484,53.53578],[-113.51484,53.53566],[-113.51396,53.53566],[-113.51396,53.53501],[-113.51304,53.53501],[-113.51304,53.53446],[-113.51211,53.53446],[-113.51211,53.53407],[-113.51027,53.53407],[-113.5095,53.53407],[-113.50889,53.53407],[-113.50866,53.53407],[-113.5088,53.53364]]]]}},{"type":"Feature","properties":{"name":"RIVERVIEW AREA"},"geometry":{"type":"MultiPolygon","coordinates":[[[[-113.68929,53.43224],[-113.67712,53.43225],[-113.6769,53.43221],[-113.67666,53.43221],[-113.67666,53.43234],[-113.67668,53.43948],[-113.66433,53.43949],[-113.66435,53.44672],[-113.66413,53.44672],[-113.65679,53.44673],[-113.65655,53.44673],[-113.6542,53.44674],[-113.64295,53.44675],[-113.64294,53.44622],[-113.64173,53.44595],[-113.64052,53.44582],[-113.6399,53.44582],[-113.63982,53.44594],[-113.6386,53.44475],[-113.63905,53.44392],[-113.63932,53.44322],[-113.63949,53.44198],[-113.63988,53.44048],[-113.64065,53.43879],[-113.6418,53.4375],[-113.64261,53.43682],[-113.6437,53.43615],[-113.64442,53.43578],[-113.64503,53.43554],[-113.64578,53.43522],[-113.64639,53.43485],[-113.64692,53.43445],[-113.64755,53.43407],[-113.64831,53.43372],[-113.64953,53.43333],[-113.65343,53.43197],[-113.65448,53.43154],[-113.65517,53.43111],[-113.65572,53.43068],[-113.65654,53.42997],[-113.65695,53.42953],[-113.65834,53.42737],[-113.65841,53.42705],[-113.65853,53.42628],[-113.65853,53.42584],[-113.65845,53.42526],[-113.65835,53.42473],[-113.65817,53.42357],[-113.6581,53.42251],[-113.65815,53.4218],[-113.65811,53.42073],[-113.65789,53.42002],[-113.65748,53.41922],[-113.65711,53.4182],[-113.65688,53.41732],[-113.65667,53.4163],[-113.6564,53.41526],[-113.65607,53.41434],[-113.65568,53.41333],[-113.65544,53.41247],[-113.65523,53.41134],[-113.65472,53.41043],[-113.65388,53.40962],[-113.65257,53.40884],[-113.65132,53.40798],[-113.65015,53.40702],[-113.64941,53.40629],[-113.64868,53.40555],[-113.648,53.40446],[-113.64742,53.40312],[-113.64906,53.40314],[-113.65097,53.40316],[-113.65123,53.40326],[-113.66407,53.40341],[-113.67656,53.40333],[-113.68935,53.40326],[-113.68934,53.41039],[-113.68932,53.41447],[-113.6893,53.41762],[-113.6893,53.41767],[-113.68925,53.42484],[-113.68933,53.42484],[-113.68933,53.42507],[-113.68929,53.43224]]]]}},{"type":"Feature","properties":{"name":"SOUTHEAST INDUSTRIAL"},"geometry":{"type":"MultiPolygon","coordinates":[[[[-113.3706,53.51598],[-113.37048,53.51594],[-113.37038,53.51589],[-113.37028,53.51584],[-113.3702,53.51579],[-113.37012,53.51572],[-113.37005,53.51566],[-113.37005,53.51565],[-113.37003,53.51563],[-113.37002,53.51562],[-113.36988,53.51543],[-113.36988,53.5152],[-113.36896,53.5152],[-113.36887,53.5158],[-113.36873,53.51669],[-113.36305,53.51574],[-113.36287,53.51561],[-113.36177,53.51543],[-113.36132,53.51538],[-113.35932,53.51504],[-113.35885,53.51503],[-113.35701,53.51473],[-113.35701,53.51466],[-113.35533,53.51437],[-113.3571,53.51301],[-113.35722,53.51293],[-113.35734,53.51286],[-113.35748,53.51279],[-113.35763,53.51273],[-113.35778,53.51268],[-113.35794,53.51264],[-113.35811,53.5126],[-113.35828,53.51258],[-113.35845,53.51256],[-113.35863,53.51256],[-113.3601,53.51254],[-113.36015,53.51254],[-113.36015,53.51219],[-113.35703,53.51215],[-113.35703,53.51205],[-113.35701,53.50659],[-113.35855,53.50659],[-113.35954,53.50574],[-113.36069,53.50475],[-113.36076,53.50478],[-113.36235,53.50568],[-113.36414,53.50567],[-113.36413,53.5045],[-113.36483,53.50451],[-113.36488,53.50451],[-113.36493,53.50451],[-113.36498,53.50452],[-113.36503,53.50452],[-113.36507,53.50453],[-113.36512,53.50454],[-113.36531,53.50458],[-113.36548,53.5043],[-113.36556,53.50432],[-113.36578,53.50437],[-113.366,53.50441],[-113.36622,53.50444],[-113.36645,53.50447],[-113.36667,53.5045],[-113.3669,53.50452],[-113.36691,53.50448],[-113.36734,53.50451],[-113.36778,53.50452],[-113.36914,53.50454],[-113.36915,53.50305],[-113.36904,53.4977],[-113.36919,53.49755],[-113.36899,53.48911],[-113.36884,53.48901],[-113.36875,53.48896],[-113.36867,53.48891],[-113.36859,53.48885],[-113.36851,53.4888],[-113.36843,53.48875],[-113.36835,53.48869],[-113.36792,53.48837],[-113.36752,53.48804],[-113.36715,53.4877],[-113.36681,53.48735],[-113.3665,53.48698],[-113.36622,53.48661],[-113.36374,53.48309],[-113.36366,53.48299],[-113.36436,53.48299],[-113.36636,53.48218],[-113.36883,53.48197],[-113.37521,53.48243],[-113.38082,53.48407],[-113.38082,53.4837],[-113.38081,53.48307],[-113.38127,53.48307],[-113.38173,53.48307],[-113.38175,53.48401],[-113.38175,53.48434],[-113.39113,53.48708],[-113.39244,53.4874],[-113.39378,53.48753],[-113.39379,53.49289],[-113.39382,53.49848],[-113.39384,53.50122],[-113.39384,53.50477],[-113.39385,53.50742],[-113.39385,53.51026],[-113.39386,53.51238],[-113.39386,53.51402],[-113.39388,53.51609],[-113.39353,53.51612],[-113.39327,53.51617],[-113.39312,53.5162],[-113.39122,53.51654],[-113.38654,53.51673],[-113.38609,53.51685],[-113.38155,53.51699],[-113.38109,53.517],[-113.38028,53.51703],[-113.37514,53.51706],[-113.3749,53.51706],[-113.37466,53.51705],[-113.37442,53.51703],[-113.37419,53.517],[-113.37395,53.51697],[-113.37372,53.51693],[-113.37368,53.51693],[-113.37363,53.51692],[-113.37359,53.51691],[-113.37355,53.5169],[-113.3735,53.51689],[-113.37346,53.51688],[-113.37336,53.51686],[-113.37326,53.51683],[-113.37316,53.51681],[-113.37306,53.51678],[-113.37297,53.51675],[-113.37287,53.51672],[-113.37227,53.51653],[-113.37164,53.51632],[-113.3706,53.51598]]]]}},{"type":"Feature","properties":{"name":"CRYSTALLINA NERA WEST"},"geometry":{"type":"MultiPolygon","coordinates":[[[[-113.46533,53.64451],[-113.46532,53.64457],[-113.4653,53.64463],[-113.46527,53.64469],[-113.46524,53.64475],[-113.46519,53.6448],[-113.46514,53.64485],[-113.46507,53.6449],[-113.465,53.64495],[-113.46493,53.64499],[-113.46485,53.64503],[-113.46476,53.64506],[-113.46467,53.64509],[-113.46457,53.64511],[-113.46447,53.64513],[-113.46248,53.64542],[-113.45693,53.64548],[-113.4551,53.6455],[-113.45511,53.64328],[-113.45511,53.63604],[-113.45511,53.6359],[-113.45511,53.63514],[-113.45996,53.63514],[-113.46724,53.63515],[-113.4674,53.63515],[-113.46739,53.63587],[-113.46716,53.63669],[-113.4669,53.63718],[-113.46601,53.63822],[-113.4657,53.63885],[-113.46556,53.63942],[-113.46558,53.64004],[-113.46574,53.64062],[-113.46614,53.64135],[-113.4669,53.64226],[-113.46727,53.64285],[-113.46736,53.64329],[-113.46546,53.64329],[-113.46533,53.64451]]]]}},{"type":"Feature","properties":{"name":"BLACKMUD CREEK RAVINE"},"geometry":{"type":"MultiPolygon","coordinates":[[[[-113.5126,53.44611],[-113.51228,53.44612],[-113.51218,53.44618],[-113.51206,53.44597],[-113.51172,53.44562],[-113.51127,53.44533],[-113.5108,53.44512],[-113.5102,53.44494],[-113.50989,53.44488],[-113.50993,53.44481],[-113.50996,53.44475],[-113.50936,53.44435],[-113.5091,53.44428],[-113.50883,53.44402],[-113.50861,53.44373],[-113.50881,53.44356],[-113.50875,53.44346],[-113.50827,53.44353],[-113.50783,53.44303],[-113.50767,53.44235],[-113.50754,53.44213],[-113.50751,53.44174],[-113.5084,53.44136],[-113.50841,53.44131],[-113.50768,53.44115],[-113.50753,53.44073],[-113.50747,53.44073],[-113.50703,53.4406],[-113.50693,53.44024],[-113.50693,53.44008],[-113.50705,53.43979],[-113.50718,53.43964],[-113.5071,53.43946],[-113.50936,53.43946],[-113.50968,53.43946],[-113.51139,53.43946],[-113.51135,53.43952],[-113.51115,53.43965],[-113.51097,53.4398],[-113.51069,53.43989],[-113.51053,53.44004],[-113.51039,53.44024],[-113.5107,53.44027],[-113.51089,53.44041],[-113.51109,53.44055],[-113.51127,53.44069],[-113.51134,53.44084],[-113.51133,53.44103],[-113.51124,53.44117],[-113.51121,53.44122],[-113.51091,53.44142],[-113.51146,53.44156],[-113.51152,53.44173],[-113.51143,53.44192],[-113.51151,53.4421],[-113.51161,53.44227],[-113.51159,53.4425],[-113.51177,53.44251],[-113.51209,53.44256],[-113.51237,53.44264],[-113.51261,53.44274],[-113.5128,53.44289],[-113.51295,53.443],[-113.513,53.44318],[-113.51313,53.44334],[-113.5131,53.44354],[-113.51316,53.44382],[-113.51352,53.44374],[-113.51365,53.44379],[-113.51434,53.44345],[-113.51556,53.44346],[-113.51556,53.44358],[-113.51681,53.44361],[-113.51757,53.44363],[-113.51808,53.44394],[-113.51823,53.44397],[-113.51836,53.44399],[-113.51841,53.44411],[-113.51937,53.44476],[-113.52016,53.44482],[-113.52049,53.44467],[-113.52102,53.4447],[-113.52126,53.44479],[-113.52198,53.44522],[-113.52261,53.4453],[-113.52265,53.44527],[-113.52312,53.44536],[-113.52362,53.44535],[-113.52398,53.44526],[-113.52402,53.44529],[-113.52528,53.44505],[-113.52623,53.44511],[-113.52632,53.44516],[-113.52635,53.44539],[-113.52672,53.44565],[-113.52701,53.446],[-113.5269,53.44636],[-113.52705,53.44648],[-113.5273,53.44652],[-113.52807,53.44646],[-113.52861,53.44654],[-113.52881,53.44658],[-113.52897,53.44664],[-113.52909,53.44675],[-113.52914,53.4468],[-113.52933,53.4467],[-113.52935,53.44663],[-113.52929,53.44655],[-113.52914,53.44626],[-113.52922,53.44609],[-113.52938,53.44592],[-113.52972,53.44576],[-113.52994,53.44559],[-113.53022,53.44549],[-113.53093,53.44549],[-113.53111,53.44544],[-113.53132,53.44531],[-113.53132,53.44516],[-113.53081,53.4449],[-113.53062,53.44481],[-113.53134,53.44481],[-113.53152,53.4449],[-113.53191,53.44509],[-113.53187,53.4453],[-113.53188,53.44543],[-113.53167,53.44555],[-113.53162,53.44569],[-113.53139,53.44581],[-113.53105,53.44587],[-113.53079,53.44593],[-113.53063,53.44594],[-113.5304,53.44591],[-113.53032,53.44608],[-113.53016,53.44617],[-113.53006,53.4462],[-113.52999,53.44632],[-113.53004,53.44634],[-113.53019,53.44632],[-113.53031,53.44635],[-113.5304,53.44641],[-113.53053,53.44646],[-113.53067,53.4468],[-113.53052,53.44716],[-113.53071,53.4477],[-113.53104,53.44818],[-113.53174,53.44847],[-113.53172,53.44859],[-113.53189,53.44872],[-113.53211,53.44895],[-113.53234,53.44913],[-113.53244,53.44981],[-113.53223,53.44996],[-113.53237,53.45005],[-113.53247,53.45016],[-113.53268,53.4499],[-113.53301,53.44971],[-113.53376,53.44961],[-113.53407,53.4496],[-113.53446,53.4496],[-113.53458,53.44962],[-113.53471,53.44968],[-113.53505,53.44987],[-113.5352,53.45],[-113.53548,53.45017],[-113.53559,53.45021],[-113.53576,53.45022],[-113.53596,53.45016],[-113.53637,53.45026],[-113.53657,53.45034],[-113.53696,53.45053],[-113.53718,53.4506],[-113.53731,53.45073],[-113.53721,53.4509],[-113.53748,53.45085],[-113.53782,53.45094],[-113.53821,53.45083],[-113.53848,53.45066],[-113.53895,53.4507],[-113.53915,53.45066],[-113.53932,53.4507],[-113.53943,53.45066],[-113.54012,53.45082],[-113.54087,53.45086],[-113.54088,53.45391],[-113.53905,53.45391],[-113.53799,53.45428],[-113.53681,53.45405],[-113.53528,53.45395],[-113.53402,53.45397],[-113.534,53.45334],[-113.53397,53.45292],[-113.53404,53.45248],[-113.53424,53.45195],[-113.53225,53.45257],[-113.53113,53.45224],[-113.53056,53.45185],[-113.53048,53.45189],[-113.53047,53.45187],[-113.53046,53.45185],[-113.53044,53.45184],[-113.53043,53.45182],[-113.53042,53.4518],[-113.53041,53.45178],[-113.52941,53.45043],[-113.52934,53.45034],[-113.52927,53.45026],[-113.52919,53.45018],[-113.5291,53.4501],[-113.52901,53.45002],[-113.52891,53.44995],[-113.52872,53.44982],[-113.52872,53.44962],[-113.5276,53.44874],[-113.52667,53.4491],[-113.52568,53.44882],[-113.52568,53.44893],[-113.52566,53.44892],[-113.52566,53.44902],[-113.52503,53.44872],[-113.52444,53.44858],[-113.52366,53.44859],[-113.52336,53.44856],[-113.5212,53.44799],[-113.52127,53.44791],[-113.52026,53.44752],[-113.51935,53.44745],[-113.51791,53.44704],[-113.51755,53.44675],[-113.5176,53.44668],[-113.51637,53.44668],[-113.51639,53.44751],[-113.5157,53.44752],[-113.51427,53.44668],[-113.514,53.44668],[-113.514,53.44651],[-113.51351,53.44635],[-113.51332,53.44643],[-113.5126,53.44611]]]]}},{"type":"Feature","properties":{"name":"OXFORD"},"geometry":{"type":"MultiPolygon","coordinates":[[[[-113.55352,53.62296],[-113.55352,53.62402],[-113.55352,53.62592],[-113.55352,53.62636],[-113.55351,53.62659],[-113.55351,53.62872],[-113.54118,53.62871],[-113.54106,53.62861],[-113.54111,53.62499],[-113.54116,53.62495],[-113.54115,53.62373],[-113.54116,53.62031],[-113.54113,53.61696],[-113.54333,53.61692],[-113.54411,53.61686],[-113.54484,53.6167],[-113.5454,53.61649],[-113.54868,53.61508],[-113.54944,53.61485],[-113.55034,53.61468],[-113.55112,53.61461],[-113.55351,53.6146],[-113.55351,53.61477],[-113.55352,53.61953],[-113.55352,53.62128],[-113.55352,53.62137],[-113.55352,53.62296]]]]}},{"type":"Feature","properties":{"name":"TERWILLEGAR TOWNE"},"geometry":{"type":"MultiPolygon","coordinates":[[[[-113.59009,53.44669],[-113.5901,53.45031],[-113.58958,53.45138],[-113.5895,53.45491],[-113.58938,53.45619],[-113.58918,53.45755],[-113.58761,53.45709],[-113.58533,53.45643],[-113.58298,53.45572],[-113.58216,53.45548],[-113.58013,53.45494],[-113.57791,53.45453],[-113.57611,53.45426],[-113.57354,53.45407],[-113.56551,53.45404],[-113.56556,53.45091],[-113.56554,53.44922],[-113.56554,53.44667],[-113.56552,53.44467],[-113.56946,53.44468],[-113.57079,53.44468],[-113.57214,53.44468],[-113.57502,53.44468],[-113.57781,53.44467],[-113.58061,53.44468],[-113.58587,53.44468],[-113.58588,53.44424],[-113.58887,53.44423],[-113.58899,53.44416],[-113.58926,53.44384],[-113.58926,53.44381],[-113.58953,53.44381],[-113.58959,53.44379],[-113.58982,53.44379],[-113.58983,53.44669],[-113.58995,53.44669],[-113.59009,53.44669]]]]}},{"type":"Feature","properties":{"name":"GAINER INDUSTRIAL"},"geometry":{"type":"MultiPolygon","coordinates":[[[[-113.43159,53.51632],[-113.4368,53.51759],[-113.4368,53.51804],[-113.43065,53.51804],[-113.42281,53.51804],[-113.41855,53.51803],[-113.4183,53.51779],[-113.41843,53.51433],[-113.42106,53.51418],[-113.42236,53.51427],[-113.42457,53.51473],[-113.42509,53.51483],[-113.43159,53.51632]]]]}},{"type":"Feature","properties":{"name":"KING EDWARD PARK"},"geometry":{"type":"MultiPolygon","coordinates":[[[[-113.46846,53.5126],[-113.46852,53.51259],[-113.46937,53.51253],[-113.46937,53.51332],[-113.46945,53.51332],[-113.46945,53.51371],[-113.47028,53.51371],[-113.47028,53.51373],[-113.47089,53.51373],[-113.47089,53.51418],[-113.47087,53.51417],[-113.47044,53.51417],[-113.47044,53.51513],[-113.46741,53.51513],[-113.46741,53.51608],[-113.47014,53.51607],[-113.4709,53.51607],[-113.47121,53.51607],[-113.47121,53.51652],[-113.47121,53.51655],[-113.47196,53.51655],[-113.47197,53.51693],[-113.47227,53.51693],[-113.47227,53.51747],[-113.47167,53.51747],[-113.47167,53.51749],[-113.47015,53.5175],[-113.47015,53.51803],[-113.46743,53.51803],[-113.46439,53.51803],[-113.46136,53.51803],[-113.45831,53.518],[-113.45511,53.518],[-113.45208,53.518],[-113.44906,53.51804],[-113.44306,53.51804],[-113.44226,53.51804],[-113.44123,53.51805],[-113.44041,53.51805],[-113.43985,53.51804],[-113.4368,53.51804],[-113.4368,53.51759],[-113.43159,53.51632],[-113.43321,53.51546],[-113.43445,53.51472],[-113.43527,53.51369],[-113.43556,53.51359],[-113.4361,53.51294],[-113.43673,53.51225],[-113.43916,53.51225],[-113.43986,53.51226],[-113.44305,53.51226],[-113.44779,53.51227],[-113.44905,53.51228],[-113.45045,53.51228],[-113.45209,53.51228],[-113.45511,53.51229],[-113.45769,53.51229],[-113.4583,53.51229],[-113.46042,53.51229],[-113.46134,53.51229],[-113.46437,53.51229],[-113.46648,53.51229],[-113.46648,53.51238],[-113.46653,53.51239],[-113.46657,53.5124],[-113.46657,53.51276],[-113.46725,53.51276],[-113.4674,53.51276],[-113.4674,53.51273],[-113.46755,53.51273],[-113.46755,53.51258],[-113.4676,53.51258],[-113.46765,53.51259],[-113.4677,53.51259],[-113.46775,53.51259],[-113.4678,53.5126],[-113.46785,53.5126],[-113.46788,53.5126],[-113.46793,53.5126],[-113.46798,53.5126],[-113.468,53.5126],[-113.46805,53.51261],[-113.46811,53.51261],[-113.46813,53.51261],[-113.46818,53.51261],[-113.46823,53.5126],[-113.46828,53.5126],[-113.46833,53.5126],[-113.46836,53.5126],[-113.46841,53.5126],[-113.46846,53.5126]]]]}},{"type":"Feature","properties":{"name":"CAMERON HEIGHTS"},"geometry":{"type":"MultiPolygon","coordinates":[[[[-113.63049,53.46905],[-113.63062,53.46908],[-113.63074,53.4691],[-113.63087,53.46911],[-113.63099,53.46912],[-113.63112,53.46913],[-113.63125,53.46913],[-113.63126,53.46941],[-113.63309,53.46981],[-113.63335,53.46953],[-113.63354,53.46959],[-113.63356,53.46957],[-113.63358,53.46955],[-113.6336,53.46953],[-113.63361,53.46952],[-113.63363,53.4695],[-113.63365,53.46948],[-113.63367,53.46946],[-113.63369,53.46945],[-113.63371,53.46943],[-113.63373,53.46941],[-113.63375,53.4694],[-113.63377,53.46938],[-113.6338,53.46936],[-113.63382,53.46934],[-113.63385,53.46932],[-113.63387,53.4693],[-113.6339,53.46928],[-113.63393,53.46927],[-113.63396,53.46925],[-113.63399,53.46923],[-113.63402,53.46921],[-113.63405,53.46919],[-113.63408,53.46917],[-113.63411,53.46915],[-113.63414,53.46914],[-113.63418,53.46912],[-113.63421,53.4691],[-113.63424,53.46909],[-113.63428,53.46907],[-113.63431,53.46905],[-113.63435,53.46904],[-113.63439,53.46902],[-113.63442,53.46901],[-113.63446,53.46899],[-113.6345,53.46898],[-113.63453,53.46896],[-113.63457,53.46895],[-113.63461,53.46893],[-113.63465,53.46892],[-113.63469,53.46891],[-113.63473,53.4689],[-113.63477,53.46888],[-113.63482,53.46887],[-113.63493,53.46884],[-113.63505,53.46881],[-113.63517,53.46879],[-113.63529,53.46877],[-113.63542,53.46875],[-113.63554,53.46873],[-113.63649,53.46873],[-113.63659,53.46874],[-113.63669,53.46876],[-113.63678,53.46877],[-113.63688,53.46879],[-113.63697,53.46881],[-113.63706,53.46883],[-113.63796,53.46904],[-113.63954,53.46942],[-113.63976,53.4695],[-113.63993,53.46956],[-113.64028,53.46968],[-113.64071,53.46984],[-113.64134,53.47006],[-113.64331,53.47077],[-113.64423,53.47131],[-113.64489,53.4717],[-113.6445,53.47195],[-113.64405,53.47217],[-113.64383,53.47247],[-113.64337,53.47249],[-113.643,53.47265],[-113.64225,53.47263],[-113.64144,53.47251],[-113.64122,53.47248],[-113.64115,53.47266],[-113.64186,53.47276],[-113.64116,53.47401],[-113.64102,53.47485],[-113.64042,53.47569],[-113.64044,53.47578],[-113.63997,53.47578],[-113.63997,53.47442],[-113.63967,53.47463],[-113.63967,53.47578],[-113.63783,53.47578],[-113.63797,53.47599],[-113.6382,53.47606],[-113.63824,53.47611],[-113.63823,53.47615],[-113.63799,53.47631],[-113.63788,53.47652],[-113.63738,53.47648],[-113.63719,53.47658],[-113.63719,53.47668],[-113.6369,53.4768],[-113.6366,53.47685],[-113.63651,53.47692],[-113.63617,53.47698],[-113.63577,53.47692],[-113.63536,53.4769],[-113.63511,53.47702],[-113.63505,53.47695],[-113.6348,53.47684],[-113.63435,53.47679],[-113.63412,53.47684],[-113.63414,53.47706],[-113.63411,53.47719],[-113.63401,53.47732],[-113.63375,53.47729],[-113.63359,53.47723],[-113.63329,53.47727],[-113.63303,53.47741],[-113.63309,53.47764],[-113.63287,53.47779],[-113.63258,53.47784],[-113.63251,53.47812],[-113.63227,53.47813],[-113.63217,53.47817],[-113.63205,53.47838],[-113.63196,53.47842],[-113.63193,53.47851],[-113.6318,53.47849],[-113.63154,53.4786],[-113.63152,53.47867],[-113.63139,53.47867],[-113.63112,53.47879],[-113.63107,53.47886],[-113.6311,53.47899],[-113.63086,53.47917],[-113.63068,53.47915],[-113.63046,53.47918],[-113.63025,53.47935],[-113.63026,53.47952],[-113.63007,53.4794],[-113.62991,53.47936],[-113.62979,53.47924],[-113.62958,53.47925],[-113.62858,53.47952],[-113.62829,53.47931],[-113.62829,53.47919],[-113.62824,53.47917],[-113.62835,53.47913],[-113.62838,53.479],[-113.62792,53.47876],[-113.62771,53.47842],[-113.62789,53.47834],[-113.62793,53.47818],[-113.62776,53.47814],[-113.62739,53.47788],[-113.62701,53.47782],[-113.62684,53.47769],[-113.62696,53.47764],[-113.62712,53.47738],[-113.6268,53.47708],[-113.62662,53.47707],[-113.62661,53.47701],[-113.62641,53.47695],[-113.62623,53.47646],[-113.62574,53.4764],[-113.62572,53.4763],[-113.62594,53.47624],[-113.62592,53.476],[-113.62592,53.4759],[-113.62577,53.47587],[-113.6258,53.47573],[-113.62557,53.47563],[-113.62546,53.47564],[-113.62515,53.47548],[-113.62479,53.4753],[-113.62481,53.47522],[-113.62513,53.47509],[-113.62566,53.47512],[-113.62594,53.47485],[-113.62631,53.47469],[-113.62651,53.47485],[-113.62706,53.47481],[-113.62713,53.47476],[-113.62704,53.47439],[-113.62743,53.47439],[-113.62752,53.47435],[-113.62761,53.47404],[-113.62743,53.47394],[-113.62785,53.47378],[-113.62782,53.47362],[-113.6287,53.47361],[-113.62888,53.47355],[-113.62894,53.47344],[-113.62844,53.47322],[-113.62885,53.47287],[-113.62908,53.47292],[-113.62941,53.47291],[-113.62982,53.47266],[-113.62974,53.4725],[-113.6304,53.4725],[-113.63068,53.47256],[-113.63096,53.47255],[-113.63164,53.47247],[-113.63176,53.47239],[-113.63209,53.47246],[-113.63239,53.47234],[-113.63288,53.47232],[-113.63381,53.47222],[-113.63425,53.472],[-113.63459,53.47184],[-113.63509,53.47159],[-113.63507,53.47142],[-113.63566,53.47074],[-113.63601,53.47055],[-113.63649,53.47018],[-113.63664,53.46996],[-113.63638,53.46985],[-113.6358,53.47026],[-113.63558,53.47046],[-113.63531,53.47054],[-113.63513,53.47071],[-113.63467,53.47114],[-113.63429,53.4715],[-113.63354,53.47185],[-113.63255,53.4718],[-113.63195,53.47179],[-113.63166,53.47169],[-113.63136,53.47171],[-113.63119,53.47184],[-113.63103,53.47183],[-113.6307,53.47182],[-113.6305,53.47152],[-113.6306,53.47131],[-113.63056,53.47125],[-113.63034,53.47122],[-113.63003,53.47138],[-113.62992,53.47159],[-113.62977,53.47184],[-113.62971,53.47186],[-113.62956,53.47185],[-113.62929,53.47172],[-113.62919,53.47173],[-113.62905,53.47188],[-113.62894,53.47198],[-113.62882,53.47207],[-113.62861,53.47222],[-113.62833,53.47222],[-113.62826,53.47226],[-113.62805,53.47222],[-113.62765,53.47214],[-113.62754,53.47233],[-113.62745,53.47248],[-113.62707,53.47279],[-113.62687,53.47278],[-113.62671,53.47288],[-113.62653,53.47312],[-113.62612,53.47322],[-113.62552,53.47357],[-113.62515,53.4737],[-113.62411,53.47395],[-113.62404,53.4739],[-113.62362,53.47395],[-113.62349,53.47386],[-113.62347,53.47379],[-113.62385,53.47348],[-113.62444,53.47296],[-113.62457,53.47292],[-113.62478,53.47278],[-113.62479,53.47261],[-113.62487,53.47249],[-113.62509,53.47178],[-113.62472,53.47131],[-113.62463,53.47104],[-113.62436,53.47083],[-113.62415,53.47058],[-113.62392,53.47029],[-113.62353,53.46998],[-113.62385,53.4699],[-113.62394,53.46993],[-113.62423,53.46995],[-113.62437,53.46981],[-113.62431,53.46969],[-113.62469,53.4696],[-113.62483,53.4696],[-113.6249,53.46956],[-113.6249,53.46945],[-113.62523,53.46927],[-113.62533,53.46922],[-113.62539,53.46913],[-113.62549,53.46897],[-113.62554,53.4689],[-113.62569,53.46874],[-113.62604,53.46874],[-113.62904,53.46874],[-113.63049,53.46905]]],[[[-113.62414,53.4692],[-113.62391,53.46915],[-113.62374,53.46915],[-113.62351,53.46925],[-113.62328,53.46929],[-113.62299,53.46922],[-113.62266,53.4692],[-113.6226,53.46913],[-113.62237,53.46904],[-113.62227,53.46895],[-113.62209,53.46887],[-113.62203,53.46876],[-113.62187,53.46863],[-113.62527,53.46863],[-113.62521,53.46868],[-113.62507,53.46881],[-113.62483,53.46901],[-113.62443,53.46913],[-113.62424,53.46914],[-113.62414,53.4692]]]]}},{"type":"Feature","properties":{"name":"RURAL SOUTH EAST"},"geometry":{"type":"MultiPolygon","coordinates":[[[[-113.44257,53.39578],[-113.44272,53.39578],[-113.44272,53.40031],[-113.44271,53.40169],[-113.44269,53.40319],[-113.44268,53.40545],[-113.44268,53.41042],[-113.43745,53.41041],[-113.43041,53.4104],[-113.41846,53.41038],[-113.41814,53.41038],[-113.41811,53.39579],[-113.41841,53.39579],[-113.43041,53.39579],[-113.44257,53.39578]]]]}},{"type":"Feature","properties":{"name":"SUMMERSIDE"},"geometry":{"type":"MultiPolygon","coordinates":[[[[-113.47957,53.41025],[-113.48334,53.41012],[-113.48312,53.4113],[-113.48269,53.41255],[-113.48208,53.41395],[-113.48121,53.41555],[-113.48009,53.41712],[-113.47895,53.41843],[-113.47737,53.41997],[-113.47555,53.42178],[-113.47484,53.4226],[-113.47429,53.42331],[-113.47392,53.42402],[-113.47378,53.42455],[-113.47377,53.42494],[-113.46699,53.42493],[-113.46289,53.42489],[-113.45832,53.42489],[-113.45529,53.4249],[-113.45214,53.42488],[-113.45088,53.42489],[-113.44663,53.42487],[-113.44266,53.42484],[-113.44275,53.42059],[-113.44268,53.41361],[-113.44268,53.41042],[-113.44282,53.41042],[-113.45498,53.41039],[-113.46714,53.41037],[-113.47434,53.41036],[-113.47655,53.41034],[-113.47957,53.41025]]]]}},{"type":"Feature","properties":{"name":"ROSSDALE"},"geometry":{"type":"MultiPolygon","coordinates":[[[[-113.50127,53.53078],[-113.50127,53.53237],[-113.50292,53.53237],[-113.50292,53.53401],[-113.50106,53.534],[-113.49923,53.53399],[-113.49884,53.53399],[-113.49801,53.53463],[-113.49738,53.53501],[-113.49556,53.53604],[-113.49556,53.5365],[-113.49557,53.53723],[-113.49462,53.53724],[-113.49422,53.53728],[-113.49348,53.53745],[-113.49368,53.538],[-113.4937,53.53862],[-113.4935,53.53882],[-113.49323,53.53897],[-113.49303,53.53899],[-113.49303,53.5395],[-113.49132,53.53934],[-113.49003,53.53965],[-113.49015,53.53947],[-113.49002,53.5394],[-113.4899,53.53875],[-113.48879,53.53855],[-113.48845,53.53849],[-113.48798,53.53834],[-113.48778,53.53828],[-113.48696,53.538],[-113.48719,53.53771],[-113.48745,53.53727],[-113.48774,53.53674],[-113.48804,53.53607],[-113.48829,53.53536],[-113.48852,53.53439],[-113.48867,53.53336],[-113.4887,53.53249],[-113.48873,53.53198],[-113.48888,53.53126],[-113.48901,53.53082],[-113.48931,53.53029],[-113.48973,53.52962],[-113.49032,53.52886],[-113.49121,53.52797],[-113.49182,53.52749],[-113.49237,53.52724],[-113.49312,53.52697],[-113.49402,53.52677],[-113.49497,53.52666],[-113.49601,53.5267],[-113.49721,53.5269],[-113.49857,53.52726],[-113.49947,53.52752],[-113.50039,53.52785],[-113.50146,53.52827],[-113.50233,53.52861],[-113.50158,53.52932],[-113.50156,53.52934],[-113.50159,53.52935],[-113.50162,53.52936],[-113.50165,53.52937],[-113.50168,53.52939],[-113.5017,53.5294],[-113.50172,53.52941],[-113.50178,53.52943],[-113.50159,53.52961],[-113.50127,53.52992],[-113.50127,53.53078]]]]}},{"type":"Feature","properties":{"name":"ANTHONY HENDAY SOUTH WEST"},"geometry":{"type":"MultiPolygon","coordinates":[[[[-113.63748,53.4602],[-113.63769,53.45994],[-113.63792,53.45967],[-113.63815,53.45941],[-113.63841,53.45916],[-113.63867,53.45891],[-113.63895,53.45867],[-113.63903,53.45852],[-113.6391,53.45838],[-113.63917,53.45823],[-113.63922,53.45808],[-113.63927,53.45792],[-113.6393,53.45777],[-113.6393,53.45768],[-113.63979,53.45768],[-113.63979,53.45829],[-113.63981,53.46046],[-113.63981,53.4614],[-113.63981,53.46536],[-113.64004,53.46544],[-113.65004,53.46809],[-113.6533,53.4702],[-113.65347,53.47011],[-113.65592,53.4717],[-113.65641,53.47202],[-113.65801,53.47367],[-113.65943,53.47515],[-113.66007,53.47581],[-113.66169,53.4775],[-113.6626,53.47826],[-113.66418,53.47804],[-113.66434,53.47804],[-113.66434,53.48026],[-113.66411,53.48027],[-113.66182,53.48187],[-113.66201,53.48323],[-113.6621,53.4839],[-113.66224,53.48657],[-113.66225,53.48685],[-113.66237,53.49046],[-113.66239,53.49099],[-113.66413,53.49186],[-113.66414,53.49651],[-113.6627,53.49725],[-113.66221,53.49808],[-113.66213,53.5017],[-113.66415,53.50173],[-113.66441,53.50174],[-113.66441,53.50245],[-113.66441,53.50346],[-113.66415,53.50346],[-113.66218,53.50359],[-113.66284,53.50718],[-113.66289,53.50884],[-113.66453,53.51035],[-113.66461,53.51035],[-113.66461,53.51178],[-113.66423,53.51178],[-113.66423,53.51215],[-113.66416,53.51215],[-113.66416,53.51224],[-113.66244,53.51223],[-113.65929,53.51221],[-113.65641,53.5122],[-113.65207,53.5122],[-113.65209,53.51176],[-113.65209,53.51031],[-113.6525,53.51031],[-113.65265,53.50986],[-113.65319,53.50887],[-113.65332,53.50887],[-113.65338,53.50851],[-113.65406,53.50723],[-113.6545,53.50723],[-113.65469,53.50688],[-113.65474,53.50688],[-113.65488,53.50652],[-113.65495,53.50598],[-113.65497,53.50577],[-113.65499,53.5057],[-113.65509,53.50523],[-113.65515,53.50465],[-113.65504,53.50454],[-113.65507,53.50394],[-113.65496,53.50389],[-113.65451,53.50389],[-113.65451,53.50366],[-113.65451,53.50333],[-113.65451,53.5022],[-113.65539,53.5021],[-113.65531,53.49846],[-113.65495,53.49781],[-113.65385,53.49583],[-113.6521,53.49591],[-113.6521,53.49344],[-113.65258,53.49344],[-113.65317,53.49318],[-113.65445,53.49079],[-113.65445,53.49046],[-113.65463,53.49046],[-113.65551,53.48732],[-113.65562,53.48476],[-113.65566,53.48391],[-113.65411,53.48194],[-113.65186,53.4825],[-113.65186,53.48142],[-113.6514,53.48031],[-113.65139,53.4776],[-113.65139,53.47593],[-113.65139,53.4758],[-113.65139,53.47577],[-113.65139,53.47569],[-113.65139,53.47496],[-113.6499,53.47408],[-113.64739,53.47291],[-113.64529,53.47194],[-113.64423,53.47131],[-113.64331,53.47077],[-113.64134,53.47006],[-113.64071,53.46984],[-113.64028,53.46968],[-113.63993,53.46956],[-113.63976,53.4695],[-113.63954,53.46942],[-113.63796,53.46904],[-113.63706,53.46883],[-113.63697,53.46881],[-113.63688,53.46879],[-113.63678,53.46877],[-113.63669,53.46876],[-113.63659,53.46874],[-113.63649,53.46873],[-113.63554,53.46873],[-113.63542,53.46875],[-113.63529,53.46877],[-113.63517,53.46879],[-113.63505,53.46881],[-113.63493,53.46884],[-113.63482,53.46887],[-113.63477,53.46888],[-113.63473,53.4689],[-113.63469,53.46891],[-113.63465,53.46892],[-113.63461,53.46893],[-113.63457,53.46895],[-113.63453,53.46896],[-113.6345,53.46898],[-113.63446,53.46899],[-113.63442,53.46901],[-113.63439,53.46902],[-113.63435,53.46904],[-113.63431,53.46905],[-113.63428,53.46907],[-113.63424,53.46909],[-113.63421,53.4691],[-113.63418,53.46912],[-113.63414,53.46914],[-113.63411,53.46915],[-113.63408,53.46917],[-113.63405,53.46919],[-113.63402,53.46921],[-113.63399,53.46923],[-113.63396,53.46925],[-113.63393,53.46927],[-113.6339,53.46928],[-113.63387,53.4693],[-113.63385,53.46932],[-113.63382,53.46934],[-113.6338,53.46936],[-113.63377,53.46938],[-113.63375,53.4694],[-113.63373,53.46941],[-113.63371,53.46943],[-113.63369,53.46945],[-113.63367,53.46946],[-113.63365,53.46948],[-113.63363,53.4695],[-113.63361,53.46952],[-113.6336,53.46953],[-113.63358,53.46955],[-113.63356,53.46957],[-113.63354,53.46959],[-113.63335,53.46953],[-113.63309,53.46981],[-113.63126,53.46941],[-113.63125,53.46913],[-113.63112,53.46913],[-113.63099,53.46912],[-113.63087,53.46911],[-113.63074,53.4691],[-113.63062,53.46908],[-113.63049,53.46905],[-113.62854,53.46863],[-113.62753,53.46863],[-113.62753,53.46856],[-113.62734,53.46856],[-113.62455,53.46795],[-113.62496,53.46727],[-113.61935,53.46604],[-113.6154,53.46498],[-113.6154,53.46585],[-113.6151,53.4658],[-113.6151,53.4649],[-113.61437,53.4647],[-113.61168,53.46328],[-113.61048,53.46265],[-113.61143,53.4621],[-113.61269,53.4614],[-113.6151,53.4614],[-113.61508,53.46118],[-113.61512,53.4598],[-113.61641,53.45875],[-113.61747,53.45952],[-113.61943,53.46095],[-113.62754,53.46095],[-113.63694,53.46094],[-113.6372,53.46058],[-113.63748,53.4602]]]]}},{"type":"Feature","properties":{"name":"CAVANAGH"},"geometry":{"type":"MultiPolygon","coordinates":[[[[-113.51629,53.39644],[-113.51613,53.39647],[-113.51615,53.39808],[-113.51615,53.39827],[-113.51615,53.39834],[-113.51616,53.39851],[-113.51616,53.39851],[-113.51616,53.39865],[-113.51475,53.39865],[-113.51476,53.39999],[-113.51247,53.4],[-113.51252,53.40536],[-113.51622,53.40536],[-113.51638,53.40535],[-113.51638,53.40659],[-113.51659,53.40646],[-113.51691,53.40643],[-113.51693,53.40651],[-113.51767,53.40668],[-113.51807,53.40643],[-113.51834,53.40662],[-113.51859,53.40669],[-113.5187,53.40727],[-113.51873,53.40737],[-113.51871,53.40741],[-113.51979,53.40718],[-113.51983,53.40708],[-113.52017,53.40676],[-113.52035,53.40671],[-113.52058,53.40676],[-113.5208,53.40675],[-113.5213,53.40689],[-113.52162,53.40706],[-113.52183,53.40726],[-113.52179,53.40742],[-113.52197,53.4075],[-113.52199,53.40769],[-113.52197,53.40784],[-113.52214,53.40786],[-113.52213,53.4077],[-113.52223,53.40765],[-113.52243,53.40758],[-113.52285,53.40761],[-113.52289,53.40764],[-113.52322,53.4076],[-113.52334,53.40763],[-113.52369,53.40774],[-113.52381,53.40782],[-113.52399,53.40813],[-113.52382,53.40831],[-113.52368,53.40843],[-113.52358,53.40851],[-113.52348,53.40869],[-113.52337,53.40882],[-113.52328,53.40891],[-113.5233,53.40896],[-113.52328,53.40904],[-113.52322,53.40916],[-113.5232,53.40924],[-113.52316,53.40929],[-113.52309,53.40931],[-113.52299,53.40925],[-113.52294,53.40921],[-113.52293,53.40911],[-113.52285,53.4091],[-113.52279,53.40918],[-113.52275,53.40933],[-113.52263,53.40935],[-113.52252,53.4094],[-113.52246,53.40946],[-113.52222,53.40952],[-113.52211,53.40952],[-113.52201,53.40975],[-113.52215,53.40998],[-113.52211,53.41011],[-113.52181,53.41025],[-113.52172,53.41033],[-113.52197,53.41034],[-113.52212,53.41036],[-113.52217,53.41037],[-113.52233,53.41037],[-113.52222,53.41097],[-113.52178,53.41123],[-113.52131,53.41128],[-113.52069,53.41129],[-113.52038,53.41139],[-113.52062,53.41202],[-113.52061,53.41219],[-113.52049,53.41233],[-113.52062,53.41241],[-113.52075,53.41254],[-113.52079,53.41266],[-113.52086,53.4128],[-113.52088,53.41296],[-113.52082,53.41306],[-113.52074,53.41313],[-113.52068,53.41333],[-113.52063,53.41353],[-113.52061,53.41369],[-113.52055,53.41385],[-113.52043,53.41405],[-113.52036,53.41423],[-113.52027,53.41433],[-113.52011,53.41442],[-113.51991,53.41449],[-113.51977,53.4145],[-113.51961,53.41454],[-113.51949,53.41467],[-113.51936,53.4148],[-113.5192,53.41489],[-113.51896,53.41493],[-113.51879,53.4149],[-113.51867,53.41487],[-113.51864,53.41483],[-113.51835,53.41482],[-113.51814,53.41477],[-113.51794,53.41467],[-113.51788,53.41461],[-113.51773,53.41458],[-113.51746,53.4146],[-113.51727,53.41465],[-113.51689,53.41464],[-113.51653,53.41457],[-113.51638,53.41453],[-113.51623,53.41449],[-113.51609,53.41449],[-113.51587,53.41455],[-113.51567,53.41459],[-113.51548,53.41461],[-113.51541,53.41488],[-113.51542,53.41512],[-113.51534,53.41526],[-113.5152,53.41535],[-113.51495,53.41538],[-113.51449,53.41542],[-113.51437,53.41548],[-113.51425,53.41552],[-113.5142,53.41551],[-113.51413,53.41527],[-113.51413,53.41502],[-113.51374,53.41474],[-113.51374,53.41482],[-113.5138,53.41497],[-113.51385,53.41505],[-113.51377,53.41515],[-113.51366,53.41522],[-113.51358,53.4153],[-113.51335,53.41559],[-113.51325,53.41564],[-113.51294,53.41592],[-113.51251,53.41615],[-113.51238,53.41617],[-113.51218,53.41619],[-113.51206,53.41619],[-113.51177,53.41618],[-113.51143,53.41604],[-113.51085,53.41609],[-113.51039,53.41611],[-113.50977,53.41634],[-113.50953,53.41646],[-113.50936,53.41669],[-113.50921,53.41678],[-113.50899,53.41684],[-113.50828,53.41683],[-113.50794,53.41657],[-113.50766,53.41638],[-113.50762,53.41619],[-113.50768,53.41606],[-113.50733,53.41616],[-113.50717,53.41625],[-113.50699,53.41625],[-113.50685,53.41635],[-113.50653,53.41635],[-113.50617,53.41627],[-113.50601,53.41682],[-113.50594,53.41692],[-113.50559,53.41714],[-113.50515,53.41724],[-113.50478,53.41726],[-113.50425,53.41703],[-113.50411,53.41688],[-113.50412,53.41041],[-113.50412,53.41038],[-113.50284,53.41038],[-113.50217,53.41038],[-113.50251,53.41009],[-113.50005,53.41009],[-113.50311,53.40538],[-113.50893,53.39576],[-113.51093,53.39577],[-113.51629,53.39578],[-113.51629,53.39644]]]]}},{"type":"Feature","properties":{"name":"THE HAMPTONS"},"geometry":{"type":"MultiPolygon","coordinates":[[[[-113.67664,53.47944],[-113.67665,53.4828],[-113.67665,53.48305],[-113.67665,53.48314],[-113.67946,53.48314],[-113.68371,53.48313],[-113.68893,53.48313],[-113.6891,53.48313],[-113.68911,53.4976],[-113.68894,53.4976],[-113.68337,53.49759],[-113.68184,53.4974],[-113.68057,53.49716],[-113.67931,53.49685],[-113.67791,53.4964],[-113.67666,53.49593],[-113.67542,53.4955],[-113.67288,53.49471],[-113.66925,53.49402],[-113.66758,53.49382],[-113.66576,53.49374],[-113.66413,53.49375],[-113.66413,53.49186],[-113.66239,53.49099],[-113.66237,53.49046],[-113.66225,53.48685],[-113.66224,53.48657],[-113.6621,53.4839],[-113.66201,53.48323],[-113.66182,53.48187],[-113.66411,53.48027],[-113.66434,53.48026],[-113.66434,53.47884],[-113.66918,53.478],[-113.67151,53.47764],[-113.67397,53.4773],[-113.6747,53.47717],[-113.67481,53.47741],[-113.67487,53.47752],[-113.6749,53.47764],[-113.67492,53.47776],[-113.67492,53.47788],[-113.67491,53.478],[-113.67488,53.47812],[-113.67484,53.47824],[-113.67478,53.47836],[-113.6747,53.47847],[-113.67461,53.47858],[-113.67445,53.47882],[-113.67439,53.47892],[-113.67434,53.47902],[-113.67431,53.47912],[-113.6743,53.47922],[-113.6743,53.47933],[-113.67432,53.47943],[-113.67448,53.47942],[-113.67448,53.47944],[-113.67664,53.47944]]]]}},{"type":"Feature","properties":{"name":"RIVER VALLEY CAMERON"},"geometry":{"type":"MultiPolygon","coordinates":[[[[-113.6154,53.46498],[-113.61935,53.46604],[-113.62496,53.46727],[-113.62455,53.46795],[-113.62734,53.46856],[-113.62753,53.46856],[-113.62753,53.46863],[-113.62854,53.46863],[-113.62904,53.46874],[-113.62604,53.46874],[-113.62569,53.46874],[-113.62554,53.4689],[-113.62549,53.46897],[-113.62539,53.46913],[-113.62533,53.46922],[-113.62523,53.46927],[-113.6249,53.46945],[-113.6249,53.46956],[-113.62483,53.4696],[-113.62469,53.4696],[-113.62431,53.46969],[-113.62437,53.46981],[-113.62423,53.46995],[-113.62394,53.46993],[-113.62385,53.4699],[-113.62353,53.46998],[-113.62392,53.47029],[-113.62415,53.47058],[-113.62436,53.47083],[-113.62463,53.47104],[-113.62472,53.47131],[-113.62509,53.47178],[-113.62487,53.47249],[-113.62479,53.47261],[-113.62478,53.47278],[-113.62457,53.47292],[-113.62444,53.47296],[-113.62385,53.47348],[-113.62347,53.47379],[-113.62349,53.47386],[-113.62362,53.47395],[-113.62404,53.4739],[-113.62411,53.47395],[-113.62515,53.4737],[-113.62552,53.47357],[-113.62612,53.47322],[-113.62653,53.47312],[-113.62671,53.47288],[-113.62687,53.47278],[-113.62707,53.47279],[-113.62745,53.47248],[-113.62754,53.47233],[-113.62765,53.47214],[-113.62805,53.47222],[-113.62826,53.47226],[-113.62833,53.47222],[-113.62861,53.47222],[-113.62882,53.47207],[-113.62894,53.47198],[-113.62905,53.47188],[-113.62919,53.47173],[-113.62929,53.47172],[-113.62956,53.47185],[-113.62971,53.47186],[-113.62977,53.47184],[-113.62992,53.47159],[-113.63003,53.47138],[-113.63034,53.47122],[-113.63056,53.47125],[-113.6306,53.47131],[-113.6305,53.47152],[-113.6307,53.47182],[-113.63103,53.47183],[-113.63119,53.47184],[-113.63136,53.47171],[-113.63166,53.47169],[-113.63195,53.47179],[-113.63255,53.4718],[-113.63354,53.47185],[-113.63429,53.4715],[-113.63467,53.47114],[-113.63513,53.47071],[-113.63531,53.47054],[-113.63558,53.47046],[-113.6358,53.47026],[-113.63638,53.46985],[-113.63664,53.46996],[-113.63649,53.47018],[-113.63601,53.47055],[-113.63566,53.47074],[-113.63507,53.47142],[-113.63509,53.47159],[-113.63459,53.47184],[-113.63425,53.472],[-113.63381,53.47222],[-113.63288,53.47232],[-113.63239,53.47234],[-113.63209,53.47246],[-113.63176,53.47239],[-113.63164,53.47247],[-113.63096,53.47255],[-113.63068,53.47256],[-113.6304,53.4725],[-113.62974,53.4725],[-113.62982,53.47266],[-113.62941,53.47291],[-113.62908,53.47292],[-113.62885,53.47287],[-113.62844,53.47322],[-113.62894,53.47344],[-113.62888,53.47355],[-113.6287,53.47361],[-113.62782,53.47362],[-113.62785,53.47378],[-113.62743,53.47394],[-113.62761,53.47404],[-113.62752,53.47435],[-113.62743,53.47439],[-113.62704,53.47439],[-113.62713,53.47476],[-113.62706,53.47481],[-113.62651,53.47485],[-113.62631,53.47469],[-113.62594,53.47485],[-113.62566,53.47512],[-113.62513,53.47509],[-113.62481,53.47522],[-113.62479,53.4753],[-113.62515,53.47548],[-113.62546,53.47564],[-113.62557,53.47563],[-113.6258,53.47573],[-113.62577,53.47587],[-113.62592,53.4759],[-113.62592,53.476],[-113.62594,53.47624],[-113.62572,53.4763],[-113.62574,53.4764],[-113.62623,53.47646],[-113.62641,53.47695],[-113.62661,53.47701],[-113.62662,53.47707],[-113.6268,53.47708],[-113.62712,53.47738],[-113.62696,53.47764],[-113.62684,53.47769],[-113.62701,53.47782],[-113.62739,53.47788],[-113.62776,53.47814],[-113.62793,53.47818],[-113.62789,53.47834],[-113.62771,53.47842],[-113.62792,53.47876],[-113.62838,53.479],[-113.62835,53.47913],[-113.62824,53.47917],[-113.62829,53.47919],[-113.62829,53.47931],[-113.62858,53.47952],[-113.62958,53.47925],[-113.62979,53.47924],[-113.62991,53.47936],[-113.63007,53.4794],[-113.63026,53.47952],[-113.63025,53.47935],[-113.63046,53.47918],[-113.63068,53.47915],[-113.63086,53.47917],[-113.6311,53.47899],[-113.63107,53.47886],[-113.63112,53.47879],[-113.63139,53.47867],[-113.63152,53.47867],[-113.63154,53.4786],[-113.6318,53.47849],[-113.63193,53.47851],[-113.63196,53.47842],[-113.63205,53.47838],[-113.63217,53.47817],[-113.63227,53.47813],[-113.63251,53.47812],[-113.63258,53.47784],[-113.63287,53.47779],[-113.63309,53.47764],[-113.63303,53.47741],[-113.63329,53.47727],[-113.63359,53.47723],[-113.63375,53.47729],[-113.63401,53.47732],[-113.63411,53.47719],[-113.63414,53.47706],[-113.63412,53.47684],[-113.63435,53.47679],[-113.6348,53.47684],[-113.63505,53.47695],[-113.63511,53.47702],[-113.63536,53.4769],[-113.63577,53.47692],[-113.63617,53.47698],[-113.63651,53.47692],[-113.6366,53.47685],[-113.6369,53.4768],[-113.63719,53.47668],[-113.63719,53.47658],[-113.63738,53.47648],[-113.63788,53.47652],[-113.63799,53.47631],[-113.63823,53.47615],[-113.63824,53.47611],[-113.6382,53.47606],[-113.63797,53.47599],[-113.63783,53.47578],[-113.63967,53.47578],[-113.63967,53.47463],[-113.63997,53.47442],[-113.63997,53.47578],[-113.64044,53.47578],[-113.64042,53.47569],[-113.64102,53.47485],[-113.64116,53.47401],[-113.64186,53.47276],[-113.64115,53.47266],[-113.64122,53.47248],[-113.64144,53.47251],[-113.64225,53.47263],[-113.643,53.47265],[-113.64337,53.47249],[-113.64383,53.47247],[-113.64405,53.47217],[-113.6445,53.47195],[-113.64489,53.4717],[-113.64529,53.47194],[-113.64739,53.47291],[-113.64712,53.47338],[-113.64769,53.47363],[-113.6478,53.47352],[-113.64808,53.4737],[-113.64826,53.47378],[-113.64796,53.47433],[-113.64692,53.47414],[-113.64616,53.47416],[-113.64581,53.47426],[-113.6457,53.47435],[-113.64559,53.47432],[-113.64513,53.47445],[-113.64475,53.47447],[-113.64435,53.47445],[-113.64431,53.47448],[-113.64423,53.4746],[-113.64447,53.47472],[-113.64446,53.47493],[-113.64418,53.47515],[-113.64383,53.47529],[-113.6438,53.4754],[-113.6437,53.47548],[-113.64372,53.47551],[-113.64379,53.47572],[-113.64337,53.47581],[-113.64286,53.47592],[-113.64256,53.47594],[-113.64236,53.47599],[-113.64237,53.4761],[-113.64235,53.47622],[-113.64242,53.4764],[-113.64242,53.4765],[-113.64249,53.47653],[-113.64266,53.47656],[-113.64272,53.47656],[-113.64318,53.47659],[-113.64363,53.47656],[-113.64417,53.47653],[-113.64472,53.47641],[-113.64514,53.47641],[-113.64548,53.47646],[-113.6457,53.47652],[-113.64626,53.47678],[-113.64618,53.47692],[-113.64553,53.4769],[-113.64526,53.47693],[-113.64495,53.47708],[-113.64483,53.47714],[-113.64471,53.4772],[-113.64423,53.47743],[-113.64416,53.47747],[-113.6439,53.47755],[-113.6434,53.47765],[-113.64297,53.47769],[-113.6424,53.47759],[-113.64221,53.4776],[-113.64177,53.4776],[-113.64123,53.47744],[-113.64092,53.47736],[-113.64086,53.47736],[-113.64076,53.47749],[-113.6406,53.47765],[-113.64059,53.47776],[-113.64042,53.47781],[-113.64036,53.47795],[-113.6403,53.478],[-113.64037,53.47805],[-113.64082,53.47813],[-113.64115,53.47825],[-113.64117,53.47838],[-113.64142,53.4784],[-113.64191,53.47885],[-113.64209,53.47907],[-113.64215,53.47922],[-113.64229,53.47938],[-113.64252,53.47964],[-113.64267,53.47988],[-113.64277,53.48027],[-113.64281,53.48043],[-113.64283,53.48045],[-113.64256,53.48055],[-113.64207,53.48003],[-113.6411,53.47935],[-113.64066,53.47915],[-113.63967,53.47821],[-113.63967,53.47857],[-113.63831,53.47869],[-113.63786,53.47873],[-113.63787,53.47924],[-113.63474,53.47926],[-113.63334,53.48021],[-113.63274,53.48063],[-113.63434,53.48083],[-113.63554,53.48098],[-113.63692,53.48115],[-113.63761,53.48124],[-113.63899,53.48141],[-113.63968,53.48149],[-113.63968,53.48206],[-113.63918,53.48201],[-113.63874,53.48205],[-113.63845,53.482],[-113.63825,53.48201],[-113.63639,53.48197],[-113.63607,53.48201],[-113.63552,53.48202],[-113.63531,53.48197],[-113.63529,53.48201],[-113.63365,53.48167],[-113.63297,53.48144],[-113.63278,53.48138],[-113.63223,53.48101],[-113.63129,53.48101],[-113.63149,53.48026],[-113.62959,53.48074],[-113.62759,53.4804],[-113.62609,53.48013],[-113.62588,53.47985],[-113.62534,53.47925],[-113.62481,53.47878],[-113.6237,53.4781],[-113.62264,53.47759],[-113.62149,53.47707],[-113.62052,53.47673],[-113.61891,53.47624],[-113.61745,53.47585],[-113.61656,53.4756],[-113.61504,53.47525],[-113.61281,53.47468],[-113.61064,53.47413],[-113.60961,53.47381],[-113.60886,53.47345],[-113.60801,53.47295],[-113.60663,53.47189],[-113.60616,53.47141],[-113.60574,53.47075],[-113.6054,53.47014],[-113.60522,53.46925],[-113.60521,53.46859],[-113.60532,53.46794],[-113.6056,53.46708],[-113.60623,53.46613],[-113.6073,53.46496],[-113.60823,53.46415],[-113.60997,53.46295],[-113.61048,53.46265],[-113.61168,53.46328],[-113.61437,53.4647],[-113.6151,53.4649],[-113.6151,53.4658],[-113.6154,53.46585],[-113.6154,53.46498]],[[-113.62527,53.46863],[-113.62187,53.46863],[-113.62203,53.46876],[-113.62209,53.46887],[-113.62227,53.46895],[-113.62237,53.46904],[-113.6226,53.46913],[-113.62266,53.4692],[-113.62299,53.46922],[-113.62328,53.46929],[-113.62351,53.46925],[-113.62374,53.46915],[-113.62391,53.46915],[-113.62414,53.4692],[-113.62424,53.46914],[-113.62443,53.46913],[-113.62483,53.46901],[-113.62507,53.46881],[-113.62521,53.46868],[-113.62527,53.46863]]]]}},{"type":"Feature","properties":{"name":"ELLERSLIE INDUSTRIAL"},"geometry":{"type":"MultiPolygon","coordinates":[[[[-113.47957,53.40547],[-113.47498,53.40547],[-113.47458,53.40547],[-113.47458,53.40538],[-113.47365,53.40538],[-113.47364,53.40118],[-113.47364,53.39964],[-113.47364,53.39594],[-113.47363,53.39576],[-113.47955,53.39575],[-113.49197,53.39572],[-113.49252,53.39572],[-113.49407,53.39573],[-113.50714,53.39576],[-113.50893,53.39576],[-113.50311,53.40538],[-113.50005,53.41009],[-113.4975,53.41011],[-113.495,53.41365],[-113.49439,53.41494],[-113.49399,53.41627],[-113.49386,53.41748],[-113.49331,53.43224],[-113.49235,53.43224],[-113.49172,53.43224],[-113.48297,53.43224],[-113.48297,53.43225],[-113.48251,53.43224],[-113.46989,53.43225],[-113.46895,53.43225],[-113.46807,53.43225],[-113.46738,53.43225],[-113.46773,53.43186],[-113.46837,53.43131],[-113.46919,53.43079],[-113.46994,53.43038],[-113.47124,53.42972],[-113.47182,53.42937],[-113.47238,53.42894],[-113.47279,53.4285],[-113.4732,53.42797],[-113.4735,53.42738],[-113.47367,53.42627],[-113.47377,53.42494],[-113.47378,53.42455],[-113.47392,53.42402],[-113.47429,53.42331],[-113.47484,53.4226],[-113.47555,53.42178],[-113.47737,53.41997],[-113.47895,53.41843],[-113.48009,53.41712],[-113.48121,53.41555],[-113.48208,53.41395],[-113.48269,53.41255],[-113.48312,53.4113],[-113.48334,53.41012],[-113.47957,53.41025],[-113.47957,53.40818],[-113.47957,53.40547]]]]}},{"type":"Feature","properties":{"name":"ANTHONY HENDAY LAKE DISTRICT"},"geometry":{"type":"MultiPolygon","coordinates":[[[[-113.47111,53.64551],[-113.47608,53.64572],[-113.47967,53.64566],[-113.47967,53.64557],[-113.48393,53.64549],[-113.48777,53.6433],[-113.49143,53.6433],[-113.49193,53.6433],[-113.49189,53.65055],[-113.49132,53.65055],[-113.48807,53.65054],[-113.47723,53.65054],[-113.46734,53.65053],[-113.44282,53.65051],[-113.44283,53.64667],[-113.44284,53.64327],[-113.44331,53.64327],[-113.4433,53.64385],[-113.44464,53.64505],[-113.44468,53.6451],[-113.44472,53.64515],[-113.44477,53.64519],[-113.44482,53.64524],[-113.44488,53.64528],[-113.44494,53.64531],[-113.44501,53.64535],[-113.44509,53.64538],[-113.44516,53.64541],[-113.44524,53.64543],[-113.44531,53.64545],[-113.44539,53.64546],[-113.44546,53.64547],[-113.44554,53.64548],[-113.44561,53.64548],[-113.44569,53.64549],[-113.45206,53.64553],[-113.45693,53.64548],[-113.46248,53.64542],[-113.46447,53.64513],[-113.46457,53.64511],[-113.46467,53.64509],[-113.46476,53.64506],[-113.46485,53.64503],[-113.46493,53.64499],[-113.465,53.64495],[-113.46507,53.6449],[-113.46514,53.64485],[-113.46519,53.6448],[-113.46524,53.64475],[-113.46527,53.64469],[-113.4653,53.64463],[-113.46532,53.64457],[-113.46533,53.64451],[-113.46546,53.64329],[-113.46927,53.64329],[-113.46936,53.64444],[-113.46938,53.64454],[-113.46941,53.64464],[-113.46946,53.64474],[-113.46952,53.64484],[-113.46959,53.64493],[-113.46968,53.64502],[-113.46979,53.6451],[-113.4699,53.64517],[-113.47002,53.64524],[-113.47016,53.6453],[-113.4703,53.64536],[-113.47045,53.64541],[-113.47061,53.64545],[-113.47078,53.64548],[-113.47094,53.6455],[-113.47111,53.64551]]]]}},{"type":"Feature","properties":{"name":"MARQUIS"},"geometry":{"type":"MultiPolygon","coordinates":[[[[-113.35663,53.65307],[-113.35663,53.65406],[-113.35854,53.65405],[-113.35662,53.65559],[-113.35662,53.65583],[-113.35882,53.65404],[-113.35976,53.65404],[-113.35976,53.65769],[-113.36277,53.65766],[-113.36277,53.65539],[-113.36616,53.65744],[-113.36679,53.65803],[-113.35441,53.66268],[-113.35239,53.66359],[-113.34428,53.66877],[-113.34422,53.66732],[-113.34425,53.66578],[-113.34424,53.6596],[-113.34429,53.65775],[-113.34354,53.65774],[-113.33607,53.65774],[-113.3321,53.65769],[-113.32005,53.65768],[-113.30788,53.65765],[-113.29549,53.65761],[-113.28673,53.65764],[-113.28704,53.65736],[-113.28753,53.65666],[-113.28805,53.65563],[-113.28783,53.65503],[-113.28789,53.65442],[-113.28787,53.65424],[-113.28919,53.65423],[-113.28954,53.65376],[-113.29087,53.65235],[-113.29156,53.6515],[-113.29181,53.65106],[-113.29284,53.65069],[-113.29383,53.65065],[-113.2953,53.65101],[-113.2953,53.6503],[-113.2956,53.6503],[-113.30781,53.65033],[-113.30783,53.64311],[-113.30779,53.64076],[-113.30782,53.64076],[-113.30784,53.64076],[-113.30785,53.64076],[-113.3079,53.63831],[-113.30798,53.6383],[-113.30805,53.6383],[-113.30812,53.63829],[-113.30822,53.63828],[-113.30833,53.63827],[-113.30838,53.63826],[-113.30847,53.63825],[-113.30851,53.63825],[-113.30855,53.63825],[-113.30862,53.63824],[-113.30874,53.63823],[-113.30885,53.63822],[-113.30891,53.63822],[-113.30902,53.63821],[-113.30907,53.6382],[-113.30912,53.6382],[-113.30919,53.63819],[-113.30929,53.63819],[-113.30939,53.63818],[-113.3095,53.63817],[-113.30962,53.63816],[-113.30965,53.63816],[-113.3097,53.63816],[-113.30977,53.63815],[-113.30981,53.63814],[-113.30983,53.63814],[-113.30985,53.63814],[-113.30993,53.63814],[-113.31002,53.63814],[-113.31011,53.63814],[-113.31016,53.63814],[-113.31021,53.63813],[-113.31025,53.63813],[-113.31031,53.63813],[-113.31049,53.63811],[-113.31076,53.63809],[-113.31085,53.63808],[-113.31086,53.63808],[-113.31088,53.63808],[-113.31092,53.63807],[-113.31094,53.63807],[-113.31104,53.63805],[-113.31106,53.63804],[-113.3111,53.63803],[-113.31112,53.63803],[-113.31114,53.63803],[-113.31126,53.63801],[-113.31139,53.638],[-113.31164,53.63797],[-113.31177,53.63795],[-113.31184,53.63795],[-113.3119,53.63794],[-113.31193,53.63794],[-113.31195,53.63794],[-113.31199,53.63794],[-113.31205,53.63794],[-113.31208,53.63794],[-113.31211,53.63794],[-113.31222,53.63793],[-113.31229,53.63793],[-113.31234,53.63792],[-113.3125,53.63791],[-113.31265,53.6379],[-113.31296,53.63787],[-113.31302,53.63787],[-113.31312,53.63786],[-113.31317,53.63786],[-113.31322,53.63786],[-113.31331,53.63785],[-113.31337,53.63784],[-113.31342,53.63784],[-113.3135,53.63783],[-113.31357,53.63782],[-113.31368,53.6378],[-113.31384,53.63778],[-113.314,53.63775],[-113.31427,53.63771],[-113.31436,53.6377],[-113.31444,53.63769],[-113.3146,53.63766],[-113.31466,53.63766],[-113.31474,53.63765],[-113.31486,53.63763],[-113.31492,53.63762],[-113.31498,53.63761],[-113.31505,53.6376],[-113.3151,53.63759],[-113.31518,53.63757],[-113.31526,53.63755],[-113.31539,53.63752],[-113.31545,53.63751],[-113.31552,53.63749],[-113.31571,53.63744],[-113.31578,53.63743],[-113.31588,53.6374],[-113.31593,53.63739],[-113.31598,53.63738],[-113.31604,53.63736],[-113.31614,53.63734],[-113.31623,53.63732],[-113.31648,53.63725],[-113.31664,53.63721],[-113.31681,53.63717],[-113.31688,53.63715],[-113.31703,53.6371],[-113.31708,53.63709],[-113.3171,53.63708],[-113.31714,53.63707],[-113.31718,53.63706],[-113.3173,53.63704],[-113.31733,53.63703],[-113.31736,53.63703],[-113.31739,53.63702],[-113.31742,53.63701],[-113.31748,53.63699],[-113.31756,53.63696],[-113.31764,53.63694],[-113.31771,53.63692],[-113.3178,53.63689],[-113.31785,53.63687],[-113.31789,53.63685],[-113.31791,53.63685],[-113.31794,53.63684],[-113.31798,53.63682],[-113.31828,53.63667],[-113.31841,53.63661],[-113.31855,53.63654],[-113.31858,53.63653],[-113.31863,53.63651],[-113.31871,53.63647],[-113.31875,53.63646],[-113.31879,53.63644],[-113.31882,53.63643],[-113.31887,53.6364],[-113.31895,53.63636],[-113.31898,53.63634],[-113.31902,53.63632],[-113.31907,53.6363],[-113.31914,53.63627],[-113.31922,53.63624],[-113.31923,53.63623],[-113.31926,53.63622],[-113.31928,53.63622],[-113.31929,53.63621],[-113.31931,53.63621],[-113.31932,53.6362],[-113.31933,53.6362],[-113.31933,53.63619],[-113.31935,53.63618],[-113.31938,53.63616],[-113.31943,53.63612],[-113.31947,53.63609],[-113.31966,53.63594],[-113.31967,53.63593],[-113.31969,53.63592],[-113.3197,53.63592],[-113.31972,53.63591],[-113.31974,53.63589],[-113.31977,53.63588],[-113.31982,53.63586],[-113.31988,53.63583],[-113.31992,53.63582],[-113.31995,53.6358],[-113.32008,53.63573],[-113.32015,53.6357],[-113.32021,53.63566],[-113.32025,53.63564],[-113.32031,53.6356],[-113.32037,53.63557],[-113.3204,53.63555],[-113.32044,53.63552],[-113.3205,53.63547],[-113.32054,53.63545],[-113.32057,53.63543],[-113.3206,53.63541],[-113.32062,53.6354],[-113.32071,53.63535],[-113.32075,53.63533],[-113.32077,53.63532],[-113.32079,53.6353],[-113.32083,53.63528],[-113.3209,53.63523],[-113.32096,53.63519],[-113.32104,53.63513],[-113.32108,53.63511],[-113.3211,53.63509],[-113.32112,53.63508],[-113.32114,53.63506],[-113.32118,53.63502],[-113.32125,53.63495],[-113.32136,53.63485],[-113.32139,53.63483],[-113.32141,53.63481],[-113.32143,53.63479],[-113.32145,53.63478],[-113.32146,53.63477],[-113.32155,53.63471],[-113.32173,53.63459],[-113.32174,53.63458],[-113.32175,53.63458],[-113.32177,53.63456],[-113.32178,53.63455],[-113.3218,53.63453],[-113.32181,53.63451],[-113.32184,53.63447],[-113.32186,53.63445],[-113.32189,53.6344],[-113.32192,53.63436],[-113.32195,53.63432],[-113.32201,53.63422],[-113.32203,53.63419],[-113.32205,53.63417],[-113.32207,53.63414],[-113.32211,53.63408],[-113.32213,53.63406],[-113.32214,53.63405],[-113.32215,53.63403],[-113.32216,53.634],[-113.32218,53.63398],[-113.3222,53.63393],[-113.32223,53.63386],[-113.32224,53.63382],[-113.32226,53.63379],[-113.32228,53.63376],[-113.32229,53.63373],[-113.32232,53.63369],[-113.32234,53.63366],[-113.32236,53.63363],[-113.32237,53.63361],[-113.32237,53.6336],[-113.32238,53.63358],[-113.32239,53.63355],[-113.3224,53.63353],[-113.3224,53.6335],[-113.32534,53.63339],[-113.32535,53.63337],[-113.33213,53.63284],[-113.33213,53.63268],[-113.33241,53.63247],[-113.33263,53.63245],[-113.33289,53.63241],[-113.33322,53.63251],[-113.33341,53.63272],[-113.33353,53.63275],[-113.33364,53.63295],[-113.33393,53.6331],[-113.33401,53.63322],[-113.33425,53.63339],[-113.3344,53.63346],[-113.33452,53.63346],[-113.33466,53.63354],[-113.33484,53.63362],[-113.33494,53.63362],[-113.335,53.63364],[-113.3351,53.63369],[-113.33543,53.63406],[-113.33578,53.63408],[-113.33585,53.63416],[-113.33647,53.63426],[-113.33665,53.63441],[-113.33684,53.6345],[-113.33714,53.63455],[-113.3375,53.6345],[-113.33762,53.63454],[-113.33791,53.63456],[-113.33811,53.63454],[-113.33841,53.63432],[-113.3385,53.63425],[-113.33858,53.63424],[-113.33877,53.63432],[-113.33905,53.6345],[-113.33936,53.63449],[-113.33948,53.63445],[-113.33952,53.6344],[-113.33976,53.63441],[-113.33999,53.63439],[-113.34024,53.63427],[-113.34028,53.63423],[-113.34046,53.63416],[-113.34049,53.63409],[-113.3406,53.63403],[-113.34072,53.63399],[-113.34082,53.63391],[-113.3409,53.63391],[-113.34103,53.63405],[-113.34128,53.63418],[-113.34142,53.63428],[-113.34178,53.63422],[-113.34205,53.6343],[-113.34224,53.63441],[-113.3427,53.6345],[-113.34291,53.63452],[-113.34316,53.63451],[-113.34339,53.63449],[-113.34378,53.63443],[-113.34433,53.63443],[-113.34433,53.63595],[-113.34449,53.63595],[-113.34485,53.63595],[-113.35504,53.63592],[-113.35565,53.63641],[-113.356,53.63668],[-113.35663,53.6364],[-113.35663,53.64315],[-113.35663,53.6504],[-113.35663,53.6522],[-113.35663,53.65307]]]]}},{"type":"Feature","properties":{"name":"CASHMAN"},"geometry":{"type":"MultiPolygon","coordinates":[[[[-113.50217,53.41038],[-113.50284,53.41038],[-113.50412,53.41038],[-113.50412,53.41041],[-113.50412,53.41244],[-113.50411,53.41797],[-113.50411,53.41838],[-113.50411,53.41892],[-113.50445,53.41917],[-113.50476,53.41925],[-113.5049,53.41935],[-113.505,53.41952],[-113.50499,53.41965],[-113.50512,53.4197],[-113.50526,53.41994],[-113.50541,53.41994],[-113.50563,53.4199],[-113.50593,53.41987],[-113.50621,53.41991],[-113.5067,53.42007],[-113.50695,53.42019],[-113.50726,53.42021],[-113.50768,53.42006],[-113.50781,53.42025],[-113.50771,53.42033],[-113.50762,53.42036],[-113.50733,53.42042],[-113.50678,53.42042],[-113.50601,53.42026],[-113.50589,53.42039],[-113.50609,53.42063],[-113.50607,53.42077],[-113.50612,53.4209],[-113.50603,53.42099],[-113.50583,53.42107],[-113.50528,53.42153],[-113.50495,53.42168],[-113.50459,53.42164],[-113.5045,53.42199],[-113.50426,53.42214],[-113.50411,53.4222],[-113.50411,53.42465],[-113.5043,53.42483],[-113.50062,53.42482],[-113.50035,53.42476],[-113.49602,53.42474],[-113.49488,53.42474],[-113.49358,53.42488],[-113.49386,53.41748],[-113.49399,53.41627],[-113.49439,53.41494],[-113.495,53.41365],[-113.4975,53.41011],[-113.50005,53.41009],[-113.50251,53.41009],[-113.50217,53.41038]]]]}},{"type":"Feature","properties":{"name":"SOUTH TERWILLEGAR"},"geometry":{"type":"MultiPolygon","coordinates":[[[[-113.59009,53.44669],[-113.58995,53.44669],[-113.58983,53.44669],[-113.58982,53.44379],[-113.58959,53.44379],[-113.58953,53.44381],[-113.58926,53.44381],[-113.58926,53.44384],[-113.58899,53.44416],[-113.58887,53.44423],[-113.58588,53.44424],[-113.58587,53.44468],[-113.58061,53.44468],[-113.57781,53.44467],[-113.57502,53.44468],[-113.57214,53.44468],[-113.57079,53.44468],[-113.56946,53.44468],[-113.56552,53.44467],[-113.56554,53.44129],[-113.56551,53.44075],[-113.56555,53.43998],[-113.56566,53.43952],[-113.56587,53.43902],[-113.56639,53.4384],[-113.56719,53.43774],[-113.56807,53.43727],[-113.56914,53.43688],[-113.57145,53.43627],[-113.57306,53.43576],[-113.57411,53.43536],[-113.57494,53.43497],[-113.57697,53.4338],[-113.58469,53.43449],[-113.58772,53.43591],[-113.58909,53.4368],[-113.58983,53.43728],[-113.5899,53.43733],[-113.59052,53.43773],[-113.59198,53.43944],[-113.59255,53.44012],[-113.59163,53.44307],[-113.5916,53.44315],[-113.59111,53.44473],[-113.59025,53.44649],[-113.59009,53.44669]]]]}},{"type":"Feature","properties":{"name":"ANTHONY HENDAY MISTATIM"},"geometry":{"type":"MultiPolygon","coordinates":[[[[-113.60537,53.61843],[-113.60538,53.61846],[-113.60455,53.61903],[-113.59901,53.61622],[-113.59223,53.61233],[-113.59312,53.61233],[-113.59439,53.61232],[-113.59537,53.61269],[-113.60117,53.61266],[-113.60176,53.61241],[-113.60279,53.61172],[-113.60274,53.60507],[-113.61287,53.60501],[-113.61364,53.60501],[-113.61475,53.605],[-113.61475,53.60495],[-113.61535,53.60494],[-113.61747,53.60397],[-113.61913,53.6031],[-113.61911,53.60138],[-113.61968,53.60047],[-113.61539,53.60012],[-113.61514,53.6001],[-113.61513,53.59957],[-113.61554,53.59957],[-113.61559,53.59938],[-113.61597,53.59941],[-113.6178,53.59947],[-113.6211,53.59949],[-113.6211,53.59939],[-113.62111,53.5984],[-113.62394,53.59793],[-113.62417,53.59801],[-113.62441,53.59808],[-113.62464,53.59815],[-113.62488,53.59823],[-113.62513,53.59829],[-113.62537,53.59836],[-113.62565,53.59843],[-113.62593,53.59849],[-113.62621,53.59855],[-113.6265,53.59861],[-113.62678,53.59867],[-113.62707,53.59872],[-113.62723,53.59874],[-113.62738,53.59877],[-113.62754,53.59879],[-113.6277,53.59881],[-113.62785,53.59883],[-113.62801,53.59885],[-113.63203,53.59934],[-113.63216,53.59936],[-113.63229,53.59938],[-113.63241,53.59939],[-113.63254,53.59941],[-113.63267,53.59943],[-113.6328,53.59945],[-113.63351,53.59958],[-113.63375,53.59965],[-113.63395,53.59969],[-113.63405,53.59972],[-113.63415,53.59975],[-113.63426,53.59977],[-113.63436,53.5998],[-113.63446,53.59983],[-113.63456,53.59986],[-113.63479,53.59993],[-113.63501,53.6],[-113.63523,53.60008],[-113.63545,53.60016],[-113.63566,53.60024],[-113.63587,53.60032],[-113.63594,53.60035],[-113.63601,53.60038],[-113.63609,53.60042],[-113.63616,53.60045],[-113.63623,53.60048],[-113.6363,53.60051],[-113.6368,53.60076],[-113.63728,53.60103],[-113.63773,53.60131],[-113.63814,53.60162],[-113.63853,53.60193],[-113.63887,53.60226],[-113.63891,53.6023],[-113.63885,53.60313],[-113.63874,53.60696],[-113.63561,53.60694],[-113.63146,53.60521],[-113.63141,53.60519],[-113.63137,53.60518],[-113.63133,53.60516],[-113.63129,53.60515],[-113.63126,53.60513],[-113.63122,53.60512],[-113.63118,53.60511],[-113.63114,53.6051],[-113.6309,53.60502],[-113.63064,53.60497],[-113.63038,53.60492],[-113.63012,53.60489],[-113.62985,53.60487],[-113.62957,53.60486],[-113.62932,53.60487],[-113.62907,53.60489],[-113.62883,53.60492],[-113.62859,53.60496],[-113.62835,53.60501],[-113.62813,53.60507],[-113.62791,53.60514],[-113.6277,53.60523],[-113.62335,53.60709],[-113.61874,53.60999],[-113.61554,53.61281],[-113.61555,53.61403],[-113.61489,53.61403],[-113.60938,53.61406],[-113.60877,53.61406],[-113.60677,53.61539],[-113.60614,53.61585],[-113.60604,53.61592],[-113.60594,53.616],[-113.60585,53.61608],[-113.60576,53.61616],[-113.60568,53.61624],[-113.6056,53.61633],[-113.60546,53.61651],[-113.60534,53.61669],[-113.60525,53.61688],[-113.60518,53.61707],[-113.60513,53.61727],[-113.60511,53.61746],[-113.60511,53.61763],[-113.60513,53.61779],[-113.60517,53.61795],[-113.60522,53.61812],[-113.60528,53.61828],[-113.60537,53.61843]]]]}},{"type":"Feature","properties":{"name":"MISTATIM INDUSTRIAL"},"geometry":{"type":"MultiPolygon","coordinates":[[[[-113.61535,53.60494],[-113.61475,53.60495],[-113.61475,53.605],[-113.61364,53.60501],[-113.61287,53.60501],[-113.60274,53.60507],[-113.60279,53.61172],[-113.60176,53.61241],[-113.60117,53.61266],[-113.59537,53.61269],[-113.59439,53.61232],[-113.59312,53.61233],[-113.59223,53.61233],[-113.5912,53.61169],[-113.58067,53.60572],[-113.58007,53.60524],[-113.5783,53.60324],[-113.57503,53.59945],[-113.57804,53.59942],[-113.57805,53.59895],[-113.57805,53.59403],[-113.57797,53.59405],[-113.57797,53.59353],[-113.57797,53.59341],[-113.57867,53.59327],[-113.578,53.59237],[-113.57786,53.59208],[-113.5778,53.59158],[-113.57774,53.59034],[-113.57779,53.58882],[-113.57794,53.5887],[-113.57796,53.58561],[-113.57811,53.5836],[-113.57827,53.58359],[-113.57835,53.58358],[-113.57851,53.58357],[-113.57859,53.58356],[-113.57884,53.58354],[-113.57908,53.58351],[-113.57933,53.58349],[-113.57958,53.58346],[-113.57983,53.58343],[-113.58008,53.5834],[-113.58021,53.58338],[-113.58034,53.58337],[-113.58047,53.58335],[-113.5806,53.58333],[-113.58073,53.58331],[-113.58086,53.5833],[-113.58099,53.58328],[-113.58113,53.58326],[-113.58127,53.58323],[-113.5814,53.58321],[-113.58154,53.58319],[-113.58167,53.58317],[-113.58199,53.58312],[-113.58231,53.58306],[-113.58263,53.583],[-113.58294,53.58294],[-113.58325,53.58288],[-113.58357,53.58281],[-113.58371,53.58278],[-113.58386,53.58275],[-113.58398,53.58272],[-113.59039,53.58127],[-113.59055,53.58124],[-113.5912,53.58109],[-113.59156,53.58104],[-113.59193,53.581],[-113.5923,53.58098],[-113.59267,53.58098],[-113.59305,53.581],[-113.59342,53.58103],[-113.59378,53.58108],[-113.59413,53.58115],[-113.59448,53.58123],[-113.59481,53.58133],[-113.59485,53.58134],[-113.5949,53.58136],[-113.59493,53.58137],[-113.59497,53.58139],[-113.59501,53.5814],[-113.59505,53.58141],[-113.59509,53.58143],[-113.59513,53.58144],[-113.60096,53.58485],[-113.61483,53.59295],[-113.61514,53.59313],[-113.61543,53.5933],[-113.61669,53.59404],[-113.61697,53.5942],[-113.62131,53.59673],[-113.62158,53.59689],[-113.62186,53.59704],[-113.62216,53.59719],[-113.62245,53.59733],[-113.62276,53.59747],[-113.62307,53.5976],[-113.62321,53.59765],[-113.62335,53.59771],[-113.6235,53.59777],[-113.62364,53.59782],[-113.62379,53.59787],[-113.62394,53.59793],[-113.62111,53.5984],[-113.6211,53.59939],[-113.6211,53.59949],[-113.6178,53.59947],[-113.61597,53.59941],[-113.61559,53.59938],[-113.61554,53.59957],[-113.61513,53.59957],[-113.61514,53.6001],[-113.61539,53.60012],[-113.61968,53.60047],[-113.61911,53.60138],[-113.61913,53.6031],[-113.61747,53.60397],[-113.61535,53.60494]]]]}},{"type":"Feature","properties":{"name":"HUDSON"},"geometry":{"type":"MultiPolygon","coordinates":[[[[-113.55966,53.60686],[-113.55966,53.607],[-113.55966,53.60714],[-113.55968,53.60727],[-113.55969,53.60741],[-113.55972,53.60755],[-113.55975,53.60768],[-113.55976,53.60773],[-113.55977,53.60778],[-113.55993,53.60776],[-113.55999,53.60796],[-113.56005,53.60812],[-113.55669,53.60809],[-113.55641,53.60807],[-113.55614,53.60803],[-113.55486,53.60783],[-113.55393,53.60773],[-113.55314,53.60767],[-113.55223,53.60764],[-113.55082,53.60763],[-113.55063,53.60762],[-113.55043,53.60761],[-113.55021,53.60759],[-113.55,53.60757],[-113.54955,53.60751],[-113.54893,53.60742],[-113.54838,53.6073],[-113.54826,53.60727],[-113.54805,53.60721],[-113.54745,53.60699],[-113.54679,53.60669],[-113.54621,53.60633],[-113.54571,53.60591],[-113.54474,53.6049],[-113.54436,53.60457],[-113.54407,53.60445],[-113.54369,53.60432],[-113.5438,53.60423],[-113.54441,53.6035],[-113.54441,53.60222],[-113.54515,53.60222],[-113.54551,53.60222],[-113.54686,53.60222],[-113.54743,53.60242],[-113.55046,53.60242],[-113.55059,53.60243],[-113.55349,53.60243],[-113.55349,53.60105],[-113.55957,53.60105],[-113.55957,53.60144],[-113.56225,53.60144],[-113.56225,53.60315],[-113.56235,53.6037],[-113.56235,53.60379],[-113.56241,53.60379],[-113.56242,53.60686],[-113.55966,53.60686]]]]}},{"type":"Feature","properties":{"name":"CY BECKER"},"geometry":{"type":"MultiPolygon","coordinates":[[[[-113.41631,53.63803],[-113.41628,53.63813],[-113.41624,53.63822],[-113.41619,53.63831],[-113.41612,53.6384],[-113.41604,53.63849],[-113.41596,53.63857],[-113.41593,53.63859],[-113.41591,53.63861],[-113.41589,53.63863],[-113.41586,53.63865],[-113.41584,53.63867],[-113.41581,53.63869],[-113.41576,53.63872],[-113.41572,53.63875],[-113.41567,53.63877],[-113.41562,53.6388],[-113.41556,53.63883],[-113.41551,53.63885],[-113.41541,53.6389],[-113.41531,53.63894],[-113.4152,53.63897],[-113.41509,53.63901],[-113.41497,53.63903],[-113.41485,53.63906],[-113.40598,53.63674],[-113.40648,53.63529],[-113.40157,53.63411],[-113.39944,53.6319],[-113.39943,53.63188],[-113.39941,53.63187],[-113.39941,53.63186],[-113.3994,53.63186],[-113.39939,53.63184],[-113.39938,53.63183],[-113.39937,53.63181],[-113.39936,53.6318],[-113.39936,53.63178],[-113.39935,53.63176],[-113.39935,53.63176],[-113.39934,53.63174],[-113.39934,53.63173],[-113.39916,53.63102],[-113.39908,53.63071],[-113.39907,53.63068],[-113.39906,53.63065],[-113.39904,53.63062],[-113.39903,53.63059],[-113.39902,53.63055],[-113.39901,53.63052],[-113.399,53.63048],[-113.39899,53.63043],[-113.39898,53.63039],[-113.39898,53.63034],[-113.39898,53.6303],[-113.39897,53.63025],[-113.39788,53.631],[-113.39754,53.63082],[-113.39816,53.62874],[-113.39714,53.62873],[-113.39647,53.62867],[-113.39762,53.62567],[-113.39976,53.62625],[-113.40109,53.62676],[-113.40184,53.62712],[-113.40255,53.6275],[-113.40331,53.62786],[-113.40416,53.62818],[-113.40573,53.62863],[-113.41019,53.62864],[-113.41019,53.62876],[-113.41019,53.63131],[-113.41261,53.63132],[-113.41323,53.63132],[-113.41636,53.63132],[-113.41636,53.63354],[-113.41636,53.63402],[-113.41697,53.63402],[-113.41803,53.63403],[-113.41818,53.63403],[-113.41818,53.63601],[-113.41677,53.63601],[-113.41631,53.63803]]]]}},{"type":"Feature","properties":{"name":"ANTHONY HENDAY RAMPART"},"geometry":{"type":"MultiPolygon","coordinates":[[[[-113.59742,53.62191],[-113.59733,53.62198],[-113.59723,53.62204],[-113.5971,53.62213],[-113.597,53.6222],[-113.59687,53.62228],[-113.59674,53.62237],[-113.59665,53.62242],[-113.59654,53.62249],[-113.59641,53.62258],[-113.59628,53.62266],[-113.59615,53.62275],[-113.59608,53.62279],[-113.59594,53.62288],[-113.59587,53.62292],[-113.59574,53.62301],[-113.59561,53.62308],[-113.59549,53.62316],[-113.59537,53.62323],[-113.59528,53.62329],[-113.59516,53.62336],[-113.59504,53.62343],[-113.5949,53.62352],[-113.59479,53.62358],[-113.59466,53.62366],[-113.59454,53.62373],[-113.59441,53.62381],[-113.59431,53.62387],[-113.59418,53.62394],[-113.59407,53.62401],[-113.59396,53.62407],[-113.59381,53.62415],[-113.59371,53.62421],[-113.59357,53.62429],[-113.59347,53.62434],[-113.59337,53.6244],[-113.59326,53.62446],[-113.59312,53.62453],[-113.59298,53.62461],[-113.59286,53.62468],[-113.59274,53.62474],[-113.59261,53.62481],[-113.59249,53.62488],[-113.59235,53.62495],[-113.59223,53.62501],[-113.59212,53.62507],[-113.59196,53.62516],[-113.59185,53.62521],[-113.5917,53.62529],[-113.59156,53.62536],[-113.59142,53.62543],[-113.5913,53.6255],[-113.59119,53.62555],[-113.59108,53.6256],[-113.59095,53.62567],[-113.59081,53.62574],[-113.5907,53.62579],[-113.59035,53.62596],[-113.59017,53.62605],[-113.59008,53.62609],[-113.58995,53.62615],[-113.58986,53.6262],[-113.58965,53.6263],[-113.58949,53.62637],[-113.58936,53.62643],[-113.5892,53.6265],[-113.58902,53.62659],[-113.58899,53.6266],[-113.58893,53.62663],[-113.58887,53.62665],[-113.58884,53.62667],[-113.58864,53.62676],[-113.58844,53.62684],[-113.58818,53.62696],[-113.58811,53.62699],[-113.58805,53.62702],[-113.58794,53.62706],[-113.58789,53.62709],[-113.58778,53.62713],[-113.58761,53.62721],[-113.58723,53.62737],[-113.58686,53.62752],[-113.58648,53.62768],[-113.58609,53.62783],[-113.58571,53.62798],[-113.58532,53.62813],[-113.5835,53.62884],[-113.58282,53.62884],[-113.58165,53.62929],[-113.58146,53.62936],[-113.58128,53.62944],[-113.5811,53.62953],[-113.58093,53.62962],[-113.58076,53.62971],[-113.5806,53.6298],[-113.58015,53.63009],[-113.57975,53.6304],[-113.57939,53.63073],[-113.5791,53.63107],[-113.57885,53.63144],[-113.57867,53.63181],[-113.57865,53.63187],[-113.57863,53.63193],[-113.57861,53.63198],[-113.57859,53.63204],[-113.57857,53.6321],[-113.57856,53.63216],[-113.57815,53.63216],[-113.57758,53.63216],[-113.57681,53.63216],[-113.57671,53.63197],[-113.5767,53.63196],[-113.57669,53.63195],[-113.57668,53.63192],[-113.57666,53.6319],[-113.57663,53.63187],[-113.57661,53.63185],[-113.57658,53.63183],[-113.57655,53.6318],[-113.5765,53.63177],[-113.57645,53.63174],[-113.5764,53.63172],[-113.57634,53.6317],[-113.57628,53.63168],[-113.57621,53.63166],[-113.57614,53.63165],[-113.57608,53.63164],[-113.57505,53.63151],[-113.57462,53.63147],[-113.57419,53.63146],[-113.57375,53.63146],[-113.57332,53.63149],[-113.57289,53.63153],[-113.57247,53.6316],[-113.57206,53.63169],[-113.57166,53.6318],[-113.56795,53.63298],[-113.56567,53.63381],[-113.56567,53.63423],[-113.56521,53.63436],[-113.56003,53.63577],[-113.55315,53.63806],[-113.55156,53.6433],[-113.54687,53.6433],[-113.54692,53.6434],[-113.54271,53.64358],[-113.54271,53.6433],[-113.54135,53.6433],[-113.5412,53.6433],[-113.5412,53.64052],[-113.54118,53.63605],[-113.54135,53.63605],[-113.54743,53.63605],[-113.55154,53.63454],[-113.55351,53.63371],[-113.56025,53.6316],[-113.56326,53.62882],[-113.56336,53.62873],[-113.56346,53.62864],[-113.56522,53.62778],[-113.56522,53.62873],[-113.56582,53.62873],[-113.56583,53.6275],[-113.56598,53.62741],[-113.57087,53.62503],[-113.57502,53.62301],[-113.58095,53.62265],[-113.58182,53.6226],[-113.585,53.6214],[-113.58723,53.62056],[-113.58861,53.6197],[-113.58962,53.61879],[-113.59031,53.61783],[-113.5907,53.61685],[-113.59072,53.6123],[-113.5912,53.61169],[-113.59223,53.61233],[-113.59901,53.61622],[-113.60455,53.61903],[-113.60429,53.6192],[-113.60314,53.6186],[-113.60283,53.61844],[-113.60283,53.61911],[-113.60198,53.62052],[-113.59818,53.6214],[-113.59742,53.62191]]]]}},{"type":"Feature","properties":{"name":"GOODRIDGE CORNERS"},"geometry":{"type":"MultiPolygon","coordinates":[[[[-113.54271,53.64358],[-113.54692,53.6434],[-113.54687,53.6433],[-113.55156,53.6433],[-113.55315,53.63806],[-113.56003,53.63577],[-113.56521,53.63436],[-113.56567,53.63423],[-113.56566,53.63606],[-113.56566,53.63716],[-113.56565,53.6429],[-113.56563,53.64794],[-113.56562,53.65056],[-113.54134,53.65055],[-113.52455,53.65055],[-113.5225,53.64827],[-113.53633,53.64383],[-113.54105,53.64365],[-113.54117,53.64365],[-113.5412,53.6433],[-113.54135,53.6433],[-113.54271,53.6433],[-113.54271,53.64358]]]]}},{"type":"Feature","properties":{"name":"MCCONACHIE AREA"},"geometry":{"type":"MultiPolygon","coordinates":[[[[-113.43507,53.64421],[-113.43029,53.64297],[-113.42586,53.64187],[-113.4258,53.64185],[-113.42573,53.64184],[-113.42566,53.64182],[-113.42559,53.6418],[-113.42552,53.64178],[-113.42545,53.64176],[-113.42539,53.64174],[-113.42532,53.64172],[-113.42526,53.6417],[-113.42519,53.64168],[-113.42513,53.64165],[-113.42508,53.64164],[-113.42503,53.64162],[-113.42498,53.6416],[-113.42493,53.64158],[-113.42488,53.64156],[-113.42483,53.64154],[-113.42477,53.64152],[-113.42471,53.6415],[-113.42465,53.64147],[-113.4246,53.64145],[-113.42454,53.64143],[-113.42448,53.6414],[-113.4242,53.64127],[-113.42393,53.64112],[-113.42367,53.64097],[-113.42343,53.64081],[-113.4232,53.64064],[-113.42299,53.64046],[-113.4229,53.64038],[-113.42282,53.6403],[-113.42274,53.64022],[-113.42266,53.64014],[-113.42258,53.64005],[-113.42251,53.63997],[-113.42198,53.6393],[-113.4212,53.63905],[-113.41988,53.63739],[-113.41972,53.63601],[-113.41833,53.63601],[-113.41818,53.63601],[-113.41818,53.63403],[-113.41803,53.63403],[-113.41697,53.63402],[-113.41636,53.63402],[-113.41636,53.63354],[-113.41636,53.63132],[-113.41323,53.63132],[-113.41261,53.63132],[-113.41019,53.63131],[-113.41019,53.62876],[-113.41019,53.62864],[-113.41196,53.62864],[-113.41819,53.62867],[-113.43074,53.62864],[-113.44144,53.62865],[-113.4416,53.6287],[-113.4429,53.6287],[-113.44287,53.63603],[-113.44275,53.63839],[-113.44272,53.63899],[-113.44268,53.63954],[-113.44263,53.6398],[-113.44241,53.64077],[-113.44242,53.64078],[-113.44244,53.64079],[-113.44245,53.6408],[-113.44245,53.64082],[-113.44243,53.64091],[-113.4424,53.64102],[-113.44236,53.64115],[-113.44229,53.64131],[-113.44222,53.64144],[-113.44182,53.64208],[-113.44118,53.64306],[-113.44105,53.64327],[-113.43907,53.64327],[-113.43888,53.64343],[-113.43866,53.64359],[-113.43842,53.64373],[-113.43815,53.64386],[-113.43788,53.64398],[-113.43758,53.64408],[-113.43605,53.64419],[-113.43596,53.64422],[-113.43586,53.64424],[-113.43577,53.64425],[-113.43567,53.64426],[-113.43557,53.64427],[-113.43546,53.64427],[-113.43536,53.64426],[-113.43527,53.64425],[-113.43517,53.64423],[-113.43507,53.64421]]]]}},{"type":"Feature","properties":{"name":"CRYSTALLINA NERA EAST"},"geometry":{"type":"MultiPolygon","coordinates":[[[[-113.44569,53.64549],[-113.44561,53.64548],[-113.44554,53.64548],[-113.44546,53.64547],[-113.44539,53.64546],[-113.44531,53.64545],[-113.44524,53.64543],[-113.44516,53.64541],[-113.44509,53.64538],[-113.44501,53.64535],[-113.44494,53.64531],[-113.44488,53.64528],[-113.44482,53.64524],[-113.44477,53.64519],[-113.44472,53.64515],[-113.44468,53.6451],[-113.44464,53.64505],[-113.4433,53.64385],[-113.44331,53.64327],[-113.44105,53.64327],[-113.44118,53.64306],[-113.44182,53.64208],[-113.44222,53.64144],[-113.44229,53.64131],[-113.44236,53.64115],[-113.4424,53.64102],[-113.44243,53.64091],[-113.44245,53.64082],[-113.44245,53.6408],[-113.44244,53.64079],[-113.44242,53.64078],[-113.44241,53.64077],[-113.44263,53.6398],[-113.44268,53.63954],[-113.44272,53.63899],[-113.44275,53.63839],[-113.44287,53.63603],[-113.44327,53.63604],[-113.44441,53.63604],[-113.44552,53.63604],[-113.449,53.63604],[-113.44946,53.63604],[-113.45511,53.63604],[-113.45511,53.64328],[-113.4551,53.6455],[-113.45206,53.64553],[-113.44569,53.64549]]]]}},{"type":"Feature","properties":{"name":"PEMBINA"},"geometry":{"type":"MultiPolygon","coordinates":[[[[-113.54369,53.60432],[-113.54326,53.60422],[-113.54275,53.60416],[-113.5413,53.60417],[-113.54126,53.6023],[-113.54124,53.60213],[-113.54126,53.60098],[-113.54121,53.60092],[-113.54116,53.59941],[-113.54734,53.59944],[-113.54888,53.59944],[-113.54975,53.59945],[-113.5506,53.59945],[-113.55119,53.59945],[-113.55349,53.59945],[-113.55499,53.59946],[-113.55893,53.59947],[-113.56043,53.59948],[-113.56193,53.59948],[-113.56242,53.59947],[-113.56505,53.59944],[-113.56519,53.59953],[-113.56519,53.59962],[-113.56521,53.60693],[-113.56506,53.60693],[-113.56506,53.60689],[-113.56412,53.6069],[-113.56395,53.60684],[-113.56259,53.60684],[-113.56242,53.60686],[-113.56241,53.60379],[-113.56235,53.60379],[-113.56235,53.6037],[-113.56225,53.60315],[-113.56225,53.60144],[-113.55957,53.60144],[-113.55957,53.60105],[-113.55349,53.60105],[-113.55349,53.60243],[-113.55059,53.60243],[-113.55046,53.60242],[-113.54743,53.60242],[-113.54686,53.60222],[-113.54551,53.60222],[-113.54515,53.60222],[-113.54441,53.60222],[-113.54441,53.6035],[-113.5438,53.60423],[-113.54369,53.60432]]]]}},{"type":"Feature","properties":{"name":"RURAL NORTH EAST HORSE HILL"},"geometry":{"type":"MultiPolygon","coordinates":[[[[-113.34429,53.65775],[-113.34424,53.6596],[-113.34425,53.66578],[-113.34422,53.66732],[-113.34428,53.66877],[-113.32318,53.68248],[-113.31988,53.68463],[-113.31819,53.68572],[-113.31649,53.68683],[-113.30668,53.69323],[-113.30483,53.69436],[-113.29532,53.69893],[-113.29542,53.68671],[-113.29551,53.67942],[-113.29551,53.67699],[-113.2955,53.67455],[-113.29673,53.67455],[-113.29693,53.67369],[-113.29697,53.67364],[-113.29792,53.67211],[-113.30049,53.67211],[-113.30049,53.67203],[-113.30152,53.66495],[-113.30771,53.66498],[-113.30778,53.65774],[-113.30788,53.65765],[-113.32005,53.65768],[-113.3321,53.65769],[-113.33607,53.65774],[-113.34354,53.65774],[-113.34429,53.65775]]],[[[-113.37187,53.63138],[-113.37109,53.63186],[-113.37033,53.63231],[-113.373,53.63232],[-113.37476,53.63232],[-113.37603,53.63157],[-113.37986,53.63306],[-113.38075,53.63341],[-113.38119,53.63354],[-113.38121,53.63354],[-113.3812,53.63428],[-113.383,53.63428],[-113.38511,53.6351],[-113.38538,53.63544],[-113.38363,53.63594],[-113.38415,53.63595],[-113.38548,53.63557],[-113.38943,53.64048],[-113.38982,53.6414],[-113.39084,53.64141],[-113.39152,53.64141],[-113.39082,53.64322],[-113.39014,53.64322],[-113.38124,53.64317],[-113.38123,53.65041],[-113.36909,53.65036],[-113.36893,53.65036],[-113.36893,53.65725],[-113.36765,53.65771],[-113.36679,53.65803],[-113.36616,53.65744],[-113.36277,53.65539],[-113.36277,53.65766],[-113.35976,53.65769],[-113.35976,53.65404],[-113.35882,53.65404],[-113.35662,53.65583],[-113.35662,53.65559],[-113.35854,53.65405],[-113.35663,53.65406],[-113.35663,53.6522],[-113.35663,53.6504],[-113.35663,53.64315],[-113.35663,53.6364],[-113.356,53.63668],[-113.35565,53.63641],[-113.35504,53.63593],[-113.3549,53.63582],[-113.35638,53.63516],[-113.35659,53.63507],[-113.35663,53.6351],[-113.35663,53.63538],[-113.35664,53.63537],[-113.35668,53.63535],[-113.35675,53.63532],[-113.35679,53.6353],[-113.35686,53.63527],[-113.35708,53.63543],[-113.35712,53.63541],[-113.35719,53.63538],[-113.35729,53.63533],[-113.35749,53.63523],[-113.35769,53.63513],[-113.35788,53.63502],[-113.35808,53.63492],[-113.35826,53.6348],[-113.35845,53.63469],[-113.35801,53.63445],[-113.36721,53.62873],[-113.36804,53.62873],[-113.36819,53.62863],[-113.36893,53.62864],[-113.37088,53.62864],[-113.37092,53.62873],[-113.37161,53.62985],[-113.37293,53.63036],[-113.37287,53.63046],[-113.37281,53.63055],[-113.37274,53.63064],[-113.37267,53.63073],[-113.37259,53.63082],[-113.3725,53.63091],[-113.37244,53.63096],[-113.37238,53.63102],[-113.37232,53.63107],[-113.37226,53.63112],[-113.37219,53.63117],[-113.37212,53.63122],[-113.37208,53.63125],[-113.37204,53.63128],[-113.372,53.6313],[-113.37196,53.63133],[-113.37192,53.63136],[-113.37187,53.63138]]]]}},{"type":"Feature","properties":{"name":"ANTHONY HENDAY HORSE HILL"},"geometry":{"type":"MultiPolygon","coordinates":[[[[-113.37981,53.63304],[-113.37603,53.63157],[-113.37476,53.63232],[-113.373,53.63232],[-113.37033,53.63231],[-113.37109,53.63186],[-113.37187,53.63138],[-113.37192,53.63136],[-113.37196,53.63133],[-113.372,53.6313],[-113.37204,53.63128],[-113.37208,53.63125],[-113.37212,53.63122],[-113.37219,53.63117],[-113.37226,53.63112],[-113.37232,53.63107],[-113.37238,53.63102],[-113.37244,53.63096],[-113.3725,53.63091],[-113.37259,53.63082],[-113.37267,53.63073],[-113.37274,53.63064],[-113.37281,53.63055],[-113.37287,53.63046],[-113.37293,53.63036],[-113.37161,53.62985],[-113.37092,53.62873],[-113.37088,53.62864],[-113.36893,53.62864],[-113.36819,53.62863],[-113.36879,53.62826],[-113.36909,53.62807],[-113.37403,53.625],[-113.37428,53.62524],[-113.38011,53.62629],[-113.3798,53.62664],[-113.38009,53.6267],[-113.38006,53.62843],[-113.38018,53.6285],[-113.3802,53.62864],[-113.38125,53.62864],[-113.38125,53.62881],[-113.38125,53.62907],[-113.38405,53.63057],[-113.38754,53.63199],[-113.38786,53.63211],[-113.38819,53.63221],[-113.38854,53.63229],[-113.3889,53.63234],[-113.38927,53.63238],[-113.38965,53.6324],[-113.39002,53.63239],[-113.39039,53.63237],[-113.39076,53.63232],[-113.39112,53.63226],[-113.3922,53.63202],[-113.39318,53.63131],[-113.39319,53.62865],[-113.39358,53.62865],[-113.39647,53.62867],[-113.39152,53.64141],[-113.39084,53.64141],[-113.38982,53.6414],[-113.38943,53.64048],[-113.38548,53.63557],[-113.38415,53.63595],[-113.38363,53.63594],[-113.38538,53.63544],[-113.38511,53.6351],[-113.383,53.63428],[-113.3812,53.63428],[-113.38121,53.63354],[-113.38119,53.63354],[-113.38075,53.63341],[-113.37981,53.63304]]]]}},{"type":"Feature","properties":{"name":"CHAPPELLE AREA"},"geometry":{"type":"MultiPolygon","coordinates":[[[[-113.56521,53.40314],[-113.56523,53.40314],[-113.56524,53.39968],[-113.56524,53.39959],[-113.56417,53.39919],[-113.56432,53.39908],[-113.56451,53.39894],[-113.56472,53.39875],[-113.56491,53.39856],[-113.56505,53.3984],[-113.56517,53.39823],[-113.56529,53.39803],[-113.56536,53.39788],[-113.56543,53.39771],[-113.56548,53.39755],[-113.56552,53.3974],[-113.56553,53.39731],[-113.56554,53.39719],[-113.56555,53.39708],[-113.56555,53.39705],[-113.56554,53.39701],[-113.56546,53.39665],[-113.56545,53.39659],[-113.56544,53.39652],[-113.56541,53.39587],[-113.56538,53.39569],[-113.56555,53.39569],[-113.59025,53.39567],[-113.60241,53.39566],[-113.60241,53.39561],[-113.60445,53.39562],[-113.60445,53.39541],[-113.60848,53.3954],[-113.60848,53.39561],[-113.60848,53.39588],[-113.60845,53.4031],[-113.60563,53.4031],[-113.60237,53.40311],[-113.60237,53.40353],[-113.60234,53.41033],[-113.59017,53.41035],[-113.57769,53.41039],[-113.56553,53.41043],[-113.56523,53.41043],[-113.55313,53.41039],[-113.55313,53.40596],[-113.55313,53.40495],[-113.55313,53.40314],[-113.55721,53.40314],[-113.56044,53.40314],[-113.56521,53.40314]]]]}},{"type":"Feature","properties":{"name":"CARLTON"},"geometry":{"type":"MultiPolygon","coordinates":[[[[-113.55352,53.62296],[-113.55352,53.62137],[-113.55352,53.62128],[-113.55352,53.61953],[-113.55351,53.61477],[-113.55351,53.6146],[-113.55705,53.6146],[-113.56009,53.61458],[-113.56524,53.61457],[-113.56524,53.61594],[-113.56509,53.61599],[-113.56508,53.62138],[-113.56523,53.62138],[-113.56522,53.62778],[-113.56346,53.62864],[-113.56336,53.62873],[-113.55943,53.62872],[-113.55351,53.62872],[-113.55351,53.62659],[-113.55352,53.62636],[-113.55352,53.62592],[-113.55352,53.62402],[-113.55352,53.62296]]]]}},{"type":"Feature","properties":{"name":"KERNOHAN"},"geometry":{"type":"MultiPolygon","coordinates":[[[[-113.38192,53.58676],[-113.38211,53.58676],[-113.38275,53.58674],[-113.38358,53.58704],[-113.38464,53.58658],[-113.38469,53.58659],[-113.38516,53.58764],[-113.38568,53.58934],[-113.38588,53.59029],[-113.38612,53.59167],[-113.38613,53.59328],[-113.38614,53.59565],[-113.38612,53.59681],[-113.38613,53.59965],[-113.38314,53.59963],[-113.37934,53.59967],[-113.37853,53.59971],[-113.37735,53.5998],[-113.37678,53.59986],[-113.37637,53.59995],[-113.37601,53.60006],[-113.37549,53.60029],[-113.37509,53.60008],[-113.37461,53.59988],[-113.37419,53.5998],[-113.3744,53.59968],[-113.37449,53.5995],[-113.3745,53.59945],[-113.37465,53.59945],[-113.37473,53.59941],[-113.37464,53.59925],[-113.37482,53.5991],[-113.37504,53.59905],[-113.37521,53.599],[-113.3753,53.5989],[-113.37535,53.59873],[-113.37516,53.59868],[-113.37512,53.59854],[-113.37525,53.59836],[-113.37523,53.59821],[-113.37534,53.59809],[-113.37553,53.59794],[-113.3756,53.59781],[-113.37585,53.59764],[-113.37586,53.59752],[-113.37574,53.5974],[-113.37573,53.59727],[-113.3758,53.59712],[-113.37593,53.59696],[-113.37617,53.59673],[-113.37629,53.59665],[-113.37617,53.59652],[-113.37602,53.5964],[-113.37599,53.59623],[-113.37617,53.59617],[-113.37625,53.59609],[-113.37656,53.59609],[-113.37657,53.59566],[-113.37659,53.59506],[-113.37662,53.59483],[-113.37681,53.59403],[-113.37665,53.59401],[-113.37658,53.59389],[-113.37654,53.59373],[-113.37654,53.59365],[-113.37666,53.59343],[-113.37667,53.59294],[-113.37677,53.59285],[-113.37691,53.59274],[-113.3777,53.59251],[-113.37826,53.59266],[-113.37997,53.59349],[-113.38111,53.59352],[-113.38135,53.59335],[-113.38196,53.59353],[-113.38245,53.59358],[-113.38266,53.59325],[-113.38219,53.59323],[-113.38178,53.59314],[-113.3814,53.59298],[-113.38101,53.59288],[-113.38072,53.59305],[-113.38035,53.59276],[-113.37978,53.59269],[-113.37965,53.59235],[-113.37928,53.59216],[-113.37807,53.59162],[-113.37743,53.59157],[-113.3766,53.59173],[-113.37675,53.59047],[-113.37675,53.58965],[-113.37641,53.58735],[-113.37665,53.58704],[-113.37727,53.58681],[-113.37774,53.5871],[-113.37767,53.5876],[-113.37833,53.58751],[-113.37856,53.58649],[-113.37935,53.58606],[-113.37991,53.58592],[-113.3809,53.58649],[-113.38105,53.58657],[-113.38129,53.58658],[-113.38151,53.58662],[-113.38172,53.58667],[-113.38192,53.58676]]]]}},{"type":"Feature","properties":{"name":"ANTHONY HENDAY SOUTH EAST"},"geometry":{"type":"MultiPolygon","coordinates":[[[[-113.34467,53.44876],[-113.34465,53.44875],[-113.34463,53.44875],[-113.34462,53.44875],[-113.34459,53.44874],[-113.34459,53.44844],[-113.34467,53.44846],[-113.34467,53.44802],[-113.34459,53.44802],[-113.3446,53.44157],[-113.34777,53.44151],[-113.35538,53.44022],[-113.35925,53.43941],[-113.36207,53.4381],[-113.36303,53.43635],[-113.36733,53.43571],[-113.3675,53.4335],[-113.35673,53.43352],[-113.35673,53.43217],[-113.36914,53.43215],[-113.38128,53.43215],[-113.39371,53.43214],[-113.41785,53.43223],[-113.41793,53.43223],[-113.41838,53.43223],[-113.42015,53.43223],[-113.42297,53.43224],[-113.43002,53.43224],[-113.44257,53.43225],[-113.44288,53.43225],[-113.44295,53.43225],[-113.44428,53.43225],[-113.44893,53.43225],[-113.455,53.43225],[-113.46677,53.43225],[-113.46751,53.43225],[-113.46895,53.43225],[-113.46989,53.43225],[-113.48251,53.43224],[-113.48297,53.43225],[-113.48297,53.43224],[-113.49172,53.43224],[-113.49235,53.43224],[-113.4928,53.43224],[-113.49251,53.43946],[-113.49206,53.43946],[-113.46835,53.43949],[-113.46812,53.43949],[-113.46789,53.43949],[-113.46767,53.43949],[-113.46542,53.43949],[-113.46037,53.43949],[-113.45501,53.43949],[-113.44951,53.43823],[-113.44915,53.43833],[-113.44885,53.43808],[-113.44839,53.43797],[-113.44814,53.43791],[-113.44762,53.43779],[-113.44422,53.43779],[-113.44306,53.43817],[-113.44288,53.43823],[-113.44284,53.43824],[-113.44258,53.43833],[-113.44258,53.43805],[-113.4419,53.43826],[-113.44018,53.43945],[-113.43972,53.43948],[-113.43823,53.43948],[-113.43752,53.4391],[-113.43694,53.43897],[-113.43667,53.43864],[-113.43569,53.43811],[-113.43393,53.43778],[-113.42345,53.43777],[-113.42317,53.43782],[-113.42294,53.43787],[-113.42139,53.4382],[-113.42035,53.43867],[-113.41969,53.43912],[-113.41925,53.43942],[-113.41922,53.43946],[-113.41839,53.43946],[-113.41801,53.43946],[-113.41801,53.4393],[-113.41794,53.4393],[-113.41794,53.43912],[-113.4156,53.43911],[-113.4156,53.43815],[-113.41353,53.43775],[-113.40934,53.43774],[-113.40882,53.43773],[-113.40587,53.43773],[-113.40495,53.43773],[-113.3988,53.43771],[-113.39693,53.43812],[-113.39545,53.43893],[-113.39505,53.4394],[-113.39372,53.43939],[-113.3922,53.43939],[-113.39216,53.43907],[-113.39215,53.43904],[-113.39215,53.43901],[-113.39214,53.43898],[-113.39213,53.43896],[-113.39213,53.43893],[-113.39212,53.4389],[-113.39211,53.43887],[-113.3921,53.43884],[-113.39209,53.43882],[-113.39208,53.4388],[-113.39207,53.43877],[-113.39206,53.43876],[-113.39205,53.43873],[-113.39203,53.43871],[-113.39202,53.43868],[-113.392,53.43865],[-113.39199,53.43863],[-113.39197,53.4386],[-113.39195,53.43857],[-113.39194,53.43856],[-113.39192,53.43853],[-113.39191,53.43852],[-113.39189,53.4385],[-113.39187,53.43847],[-113.39184,53.43845],[-113.39182,53.43842],[-113.39179,53.4384],[-113.39177,53.43837],[-113.39176,53.43836],[-113.39173,53.43834],[-113.3917,53.43831],[-113.39169,53.4383],[-113.39166,53.43828],[-113.39163,53.43825],[-113.3916,53.43823],[-113.39159,53.43822],[-113.39156,53.4382],[-113.39153,53.43818],[-113.39149,53.43816],[-113.39148,53.43815],[-113.39145,53.43812],[-113.39143,53.43811],[-113.3914,53.43809],[-113.39136,53.43807],[-113.39133,53.43806],[-113.39129,53.43804],[-113.39125,53.43802],[-113.39124,53.43801],[-113.3912,53.43799],[-113.39116,53.43797],[-113.39112,53.43796],[-113.39108,53.43794],[-113.39106,53.43793],[-113.39102,53.43792],[-113.39098,53.4379],[-113.39096,53.43789],[-113.39092,53.43788],[-113.3909,53.43787],[-113.39086,53.43786],[-113.39082,53.43784],[-113.39078,53.43783],[-113.39073,53.43782],[-113.39069,53.4378],[-113.39065,53.43779],[-113.39063,53.43779],[-113.39058,53.43777],[-113.39054,53.43776],[-113.39049,53.43775],[-113.39047,53.43775],[-113.39043,53.43774],[-113.39038,53.43773],[-113.39033,53.43772],[-113.39029,53.43771],[-113.39024,53.43771],[-113.39022,53.4377],[-113.39017,53.4377],[-113.39013,53.43769],[-113.3901,53.43769],[-113.39008,53.43769],[-113.39003,53.43768],[-113.38998,53.43768],[-113.38994,53.43767],[-113.38989,53.43767],[-113.38987,53.43767],[-113.38984,53.43767],[-113.38979,53.43766],[-113.38976,53.43766],[-113.38972,53.43766],[-113.38968,53.43766],[-113.38621,53.4376],[-113.38455,53.43757],[-113.38263,53.43769],[-113.38236,53.43773],[-113.38231,53.4394],[-113.38128,53.4394],[-113.38128,53.43785],[-113.38036,53.43796],[-113.37609,53.43867],[-113.37374,53.43924],[-113.37058,53.44116],[-113.36744,53.44183],[-113.36081,53.44409],[-113.36074,53.44421],[-113.35672,53.4463],[-113.34833,53.45066],[-113.3473,53.45094],[-113.3475,53.45154],[-113.34657,53.45389],[-113.34459,53.45389],[-113.34459,53.44885],[-113.34467,53.44885],[-113.34467,53.44876]]]]}},{"type":"Feature","properties":{"name":"ASTER"},"geometry":{"type":"MultiPolygon","coordinates":[[[[-113.34503,53.46184],[-113.3447,53.46184],[-113.34468,53.46044],[-113.34468,53.4604],[-113.34468,53.46033],[-113.34468,53.46028],[-113.34467,53.4602],[-113.34467,53.46011],[-113.34466,53.46005],[-113.34465,53.45994],[-113.34464,53.45986],[-113.34463,53.4598],[-113.34462,53.45971],[-113.3446,53.45962],[-113.34459,53.45957],[-113.34458,53.45949],[-113.34455,53.45936],[-113.34454,53.4593],[-113.34453,53.45924],[-113.34452,53.45917],[-113.3445,53.45902],[-113.34449,53.45897],[-113.34448,53.45893],[-113.34448,53.4589],[-113.34446,53.45884],[-113.34444,53.45875],[-113.34443,53.45871],[-113.34442,53.45866],[-113.34441,53.45861],[-113.3444,53.45856],[-113.3444,53.45852],[-113.34439,53.45848],[-113.34438,53.45841],[-113.34438,53.45836],[-113.34438,53.45833],[-113.34438,53.45827],[-113.34438,53.45822],[-113.34437,53.45817],[-113.34437,53.45813],[-113.34437,53.45805],[-113.34436,53.45794],[-113.34436,53.45788],[-113.34435,53.45783],[-113.34434,53.45774],[-113.3443,53.45745],[-113.34429,53.45738],[-113.34429,53.45732],[-113.34429,53.45728],[-113.34428,53.45722],[-113.34428,53.45715],[-113.34428,53.457],[-113.34428,53.45689],[-113.34428,53.45655],[-113.34428,53.45407],[-113.34428,53.45389],[-113.34657,53.45389],[-113.3475,53.45154],[-113.3473,53.45094],[-113.34833,53.45066],[-113.35672,53.4463],[-113.36074,53.44421],[-113.36081,53.44409],[-113.36744,53.44183],[-113.36914,53.44147],[-113.36915,53.44303],[-113.36901,53.45037],[-113.36901,53.45399],[-113.35672,53.45398],[-113.3567,53.45876],[-113.35669,53.46181],[-113.34932,53.46183],[-113.34894,53.46128],[-113.34845,53.46128],[-113.34883,53.46183],[-113.34503,53.46184]]]]}},{"type":"Feature","properties":{"name":"BELMONT"},"geometry":{"type":"MultiPolygon","coordinates":[[[[-113.38516,53.58764],[-113.38469,53.58659],[-113.38602,53.58678],[-113.38605,53.58715],[-113.38683,53.58793],[-113.38689,53.58838],[-113.38733,53.58862],[-113.38802,53.5888],[-113.38907,53.58852],[-113.38936,53.58841],[-113.38972,53.5883],[-113.38996,53.58793],[-113.39034,53.58801],[-113.3903,53.58847],[-113.39082,53.58864],[-113.39139,53.58868],[-113.39238,53.58867],[-113.39256,53.58839],[-113.39316,53.58846],[-113.39331,53.58868],[-113.39412,53.58835],[-113.39411,53.58872],[-113.39465,53.58935],[-113.39527,53.58973],[-113.39565,53.58956],[-113.39559,53.58924],[-113.39671,53.58909],[-113.39753,53.58874],[-113.3981,53.58879],[-113.39861,53.58863],[-113.39942,53.58894],[-113.40016,53.58904],[-113.40027,53.58928],[-113.40061,53.58931],[-113.40056,53.58974],[-113.40075,53.58995],[-113.40096,53.59045],[-113.40127,53.59075],[-113.40196,53.59096],[-113.40257,53.59086],[-113.40282,53.59091],[-113.40278,53.59144],[-113.40268,53.59258],[-113.40248,53.59477],[-113.40236,53.59618],[-113.40241,53.59687],[-113.40258,53.59751],[-113.40283,53.59814],[-113.40021,53.59856],[-113.3962,53.5992],[-113.39371,53.59947],[-113.39057,53.59964],[-113.38913,53.59966],[-113.38613,53.59965],[-113.38612,53.59681],[-113.38614,53.59565],[-113.38613,53.59328],[-113.38612,53.59167],[-113.38588,53.59029],[-113.38568,53.58934],[-113.38516,53.58764]]]]}},{"type":"Feature","properties":{"name":"WINDERMERE AREA"},"geometry":{"type":"MultiPolygon","coordinates":[[[[-113.63943,53.41027],[-113.62698,53.41029],[-113.61483,53.4103],[-113.61465,53.4103],[-113.61454,53.39565],[-113.61484,53.39565],[-113.63947,53.3956],[-113.6465,53.39569],[-113.64645,53.39576],[-113.64643,53.39578],[-113.64642,53.39581],[-113.64642,53.39583],[-113.64641,53.39586],[-113.6464,53.39589],[-113.64639,53.39591],[-113.64637,53.39594],[-113.64635,53.39597],[-113.6463,53.39608],[-113.64628,53.39612],[-113.64625,53.39617],[-113.64624,53.39619],[-113.64623,53.39622],[-113.64622,53.39627],[-113.64621,53.39629],[-113.64621,53.39633],[-113.6462,53.39637],[-113.64619,53.39643],[-113.64619,53.3965],[-113.64619,53.39654],[-113.64619,53.39658],[-113.64618,53.39661],[-113.64619,53.39665],[-113.64619,53.39668],[-113.64619,53.39673],[-113.6462,53.39677],[-113.6462,53.3968],[-113.64622,53.39685],[-113.64623,53.39689],[-113.64624,53.39692],[-113.64625,53.39699],[-113.64627,53.39712],[-113.64627,53.39714],[-113.64627,53.39716],[-113.64628,53.39718],[-113.64629,53.39721],[-113.64632,53.39727],[-113.6464,53.39746],[-113.64641,53.39748],[-113.64642,53.39751],[-113.64643,53.39755],[-113.64645,53.39761],[-113.64646,53.39764],[-113.64648,53.39769],[-113.6465,53.39771],[-113.64652,53.39775],[-113.64653,53.39777],[-113.64654,53.3978],[-113.64661,53.39795],[-113.64664,53.39804],[-113.64666,53.39808],[-113.64669,53.39814],[-113.64671,53.39818],[-113.64676,53.39825],[-113.64681,53.39834],[-113.64683,53.39836],[-113.64687,53.39842],[-113.64689,53.39844],[-113.6469,53.39847],[-113.64691,53.3985],[-113.64691,53.39854],[-113.64692,53.39863],[-113.64692,53.39868],[-113.64693,53.39871],[-113.64694,53.39874],[-113.64695,53.39876],[-113.64696,53.39878],[-113.64702,53.39888],[-113.64707,53.39897],[-113.64715,53.3991],[-113.64717,53.39914],[-113.64719,53.39917],[-113.64721,53.39921],[-113.64724,53.39927],[-113.64724,53.39929],[-113.64726,53.39934],[-113.64728,53.39938],[-113.6473,53.39944],[-113.64733,53.3995],[-113.64736,53.39956],[-113.64738,53.3996],[-113.64739,53.39962],[-113.64741,53.39966],[-113.64743,53.3997],[-113.64744,53.39972],[-113.64745,53.39974],[-113.64747,53.39977],[-113.6475,53.39982],[-113.64752,53.39984],[-113.64753,53.39986],[-113.64755,53.39989],[-113.64756,53.39992],[-113.64757,53.39995],[-113.64758,53.39998],[-113.6476,53.40003],[-113.64761,53.40009],[-113.64761,53.40012],[-113.64761,53.40014],[-113.64762,53.40016],[-113.64763,53.4002],[-113.6477,53.40034],[-113.6477,53.40036],[-113.64772,53.4004],[-113.64773,53.40043],[-113.64774,53.40047],[-113.64778,53.4006],[-113.6478,53.40066],[-113.64782,53.40069],[-113.64783,53.40072],[-113.64785,53.40077],[-113.64787,53.40079],[-113.64792,53.40086],[-113.64793,53.40088],[-113.64795,53.40092],[-113.64797,53.40096],[-113.64799,53.401],[-113.64801,53.40105],[-113.64804,53.40112],[-113.64805,53.40115],[-113.64807,53.40119],[-113.6481,53.40124],[-113.64812,53.40129],[-113.64815,53.40134],[-113.64816,53.40136],[-113.64817,53.40139],[-113.64818,53.40142],[-113.64819,53.40145],[-113.64821,53.4015],[-113.64822,53.40158],[-113.64823,53.40162],[-113.64824,53.40166],[-113.64826,53.40172],[-113.64828,53.40175],[-113.64829,53.40178],[-113.6483,53.40182],[-113.64833,53.40187],[-113.64835,53.40192],[-113.64841,53.40206],[-113.64844,53.40212],[-113.64846,53.40216],[-113.64848,53.40219],[-113.6485,53.40224],[-113.64853,53.40229],[-113.64855,53.40233],[-113.64859,53.40239],[-113.64863,53.40245],[-113.64869,53.40254],[-113.64871,53.40258],[-113.64873,53.40261],[-113.64877,53.40266],[-113.6488,53.40271],[-113.64888,53.40284],[-113.64897,53.40296],[-113.64898,53.40299],[-113.64901,53.40303],[-113.64902,53.40306],[-113.64904,53.4031],[-113.64906,53.40314],[-113.64742,53.40312],[-113.648,53.40446],[-113.64868,53.40555],[-113.64941,53.40629],[-113.65015,53.40702],[-113.65132,53.40798],[-113.65257,53.40884],[-113.65388,53.40962],[-113.65472,53.41043],[-113.65204,53.41039],[-113.652,53.41038],[-113.63943,53.41027]]]]}},{"type":"Feature","properties":{"name":"GRANVILLE"},"geometry":{"type":"MultiPolygon","coordinates":[[[[-113.68894,53.4976],[-113.68911,53.49768],[-113.68912,53.5049],[-113.68913,53.51213],[-113.68876,53.51223],[-113.6776,53.51222],[-113.67761,53.51097],[-113.6774,53.51019],[-113.67703,53.50967],[-113.67646,53.50917],[-113.67667,53.50904],[-113.67667,53.49769],[-113.67666,53.49593],[-113.67791,53.4964],[-113.67931,53.49685],[-113.68057,53.49716],[-113.68184,53.4974],[-113.68337,53.49759],[-113.68894,53.4976]]]]}},{"type":"Feature","properties":{"name":"WEDGEWOOD HEIGHTS"},"geometry":{"type":"MultiPolygon","coordinates":[[[[-113.65139,53.47496],[-113.65139,53.47569],[-113.65139,53.47577],[-113.65139,53.4758],[-113.65139,53.47593],[-113.65139,53.4776],[-113.6514,53.48031],[-113.65186,53.48142],[-113.65186,53.48189],[-113.64971,53.48314],[-113.64901,53.4835],[-113.6483,53.48379],[-113.64692,53.48422],[-113.64578,53.48451],[-113.64567,53.48392],[-113.64549,53.4835],[-113.64523,53.48314],[-113.64451,53.4824],[-113.64412,53.48199],[-113.64399,53.48204],[-113.64347,53.48216],[-113.64286,53.48189],[-113.64194,53.48172],[-113.6412,53.48181],[-113.63998,53.48175],[-113.63998,53.48153],[-113.63998,53.48063],[-113.63967,53.48057],[-113.63968,53.48149],[-113.63899,53.48141],[-113.63761,53.48124],[-113.63692,53.48115],[-113.63554,53.48098],[-113.63434,53.48083],[-113.63274,53.48063],[-113.63334,53.48021],[-113.63474,53.47926],[-113.63787,53.47924],[-113.63786,53.47873],[-113.63831,53.47869],[-113.63967,53.47857],[-113.63967,53.47821],[-113.64066,53.47915],[-113.6411,53.47935],[-113.64207,53.48003],[-113.64256,53.48055],[-113.64283,53.48045],[-113.64281,53.48043],[-113.64277,53.48027],[-113.64267,53.47988],[-113.64252,53.47964],[-113.64229,53.47938],[-113.64215,53.47922],[-113.64209,53.47907],[-113.64191,53.47885],[-113.64142,53.4784],[-113.64117,53.47838],[-113.64115,53.47825],[-113.64082,53.47813],[-113.64037,53.47805],[-113.6403,53.478],[-113.64036,53.47795],[-113.64042,53.47781],[-113.64059,53.47776],[-113.6406,53.47765],[-113.64076,53.47749],[-113.64086,53.47736],[-113.64092,53.47736],[-113.64123,53.47744],[-113.64177,53.4776],[-113.64221,53.4776],[-113.6424,53.47759],[-113.64297,53.47769],[-113.6434,53.47765],[-113.6439,53.47755],[-113.64416,53.47747],[-113.64423,53.47743],[-113.64471,53.4772],[-113.64483,53.47714],[-113.64495,53.47708],[-113.64526,53.47693],[-113.64553,53.4769],[-113.64618,53.47692],[-113.64626,53.47678],[-113.6457,53.47652],[-113.64548,53.47646],[-113.64514,53.47641],[-113.64472,53.47641],[-113.64417,53.47653],[-113.64363,53.47656],[-113.64318,53.47659],[-113.64272,53.47656],[-113.64266,53.47656],[-113.64249,53.47653],[-113.64242,53.4765],[-113.64242,53.4764],[-113.64235,53.47622],[-113.64237,53.4761],[-113.64236,53.47599],[-113.64256,53.47594],[-113.64286,53.47592],[-113.64337,53.47581],[-113.64379,53.47572],[-113.64372,53.47551],[-113.6437,53.47548],[-113.6438,53.4754],[-113.64383,53.47529],[-113.64418,53.47515],[-113.64446,53.47493],[-113.64447,53.47472],[-113.64423,53.4746],[-113.64431,53.47448],[-113.64435,53.47445],[-113.64475,53.47447],[-113.64513,53.47445],[-113.64559,53.47432],[-113.6457,53.47435],[-113.64581,53.47426],[-113.64616,53.47416],[-113.64692,53.47414],[-113.64796,53.47433],[-113.64826,53.47378],[-113.64808,53.4737],[-113.6478,53.47352],[-113.64769,53.47363],[-113.64712,53.47338],[-113.64739,53.47291],[-113.6499,53.47408],[-113.65139,53.47496]]]]}},{"type":"Feature","properties":{"name":"CLOVERDALE"},"geometry":{"type":"MultiPolygon","coordinates":[[[[-113.47155,53.53287],[-113.47171,53.53291],[-113.47236,53.53268],[-113.47245,53.53275],[-113.47254,53.53281],[-113.47261,53.53277],[-113.47274,53.53264],[-113.47295,53.53231],[-113.47441,53.53276],[-113.47581,53.53297],[-113.47758,53.53307],[-113.47925,53.53294],[-113.48056,53.53297],[-113.48145,53.5332],[-113.48216,53.53364],[-113.48261,53.53423],[-113.48311,53.53576],[-113.48349,53.53627],[-113.48422,53.53708],[-113.48445,53.5372],[-113.48485,53.5373],[-113.48529,53.53745],[-113.48569,53.53758],[-113.48696,53.538],[-113.48659,53.53831],[-113.48534,53.53906],[-113.48443,53.53952],[-113.48356,53.53973],[-113.48166,53.54003],[-113.48033,53.54011],[-113.47837,53.5402],[-113.47612,53.54025],[-113.47484,53.54021],[-113.4728,53.54007],[-113.47146,53.53996],[-113.47004,53.53979],[-113.46841,53.53957],[-113.46703,53.53945],[-113.4657,53.53955],[-113.46445,53.53983],[-113.46392,53.54005],[-113.46329,53.54042],[-113.46284,53.54077],[-113.46248,53.54119],[-113.46238,53.5414],[-113.46117,53.54132],[-113.45899,53.54132],[-113.45899,53.54122],[-113.45899,53.54114],[-113.45942,53.54101],[-113.4601,53.54048],[-113.46081,53.53987],[-113.46314,53.53872],[-113.46328,53.53863],[-113.46285,53.53862],[-113.46244,53.53861],[-113.46203,53.53858],[-113.46146,53.53848],[-113.46096,53.53839],[-113.46032,53.53827],[-113.45616,53.53752],[-113.45587,53.5359],[-113.45586,53.53569],[-113.45587,53.53545],[-113.45745,53.53577],[-113.45895,53.53607],[-113.45859,53.5367],[-113.45858,53.53683],[-113.45869,53.53695],[-113.45886,53.53703],[-113.45989,53.53723],[-113.46058,53.5373],[-113.4612,53.53733],[-113.46158,53.53733],[-113.46221,53.5373],[-113.46253,53.53727],[-113.46311,53.53718],[-113.46373,53.53706],[-113.46391,53.53698],[-113.46399,53.5369],[-113.46402,53.53682],[-113.46401,53.53672],[-113.46359,53.53608],[-113.46408,53.5359],[-113.46737,53.53457],[-113.4688,53.53398],[-113.47155,53.53287]]]]}},{"type":"Feature","properties":{"name":"RIVER VALLEY GOLD BAR"},"geometry":{"type":"MultiPolygon","coordinates":[[[[-113.4388,53.5536],[-113.43785,53.55395],[-113.438,53.55438],[-113.43824,53.55502],[-113.43839,53.55536],[-113.43858,53.5557],[-113.43647,53.55646],[-113.43488,53.55715],[-113.43347,53.55786],[-113.42988,53.55975],[-113.42645,53.56153],[-113.42548,53.56196],[-113.42355,53.56256],[-113.42146,53.56303],[-113.4192,53.56328],[-113.41755,53.56339],[-113.41543,53.56336],[-113.41379,53.56324],[-113.41217,53.56299],[-113.41035,53.56252],[-113.40788,53.56168],[-113.40672,53.5612],[-113.40536,53.56058],[-113.40417,53.55993],[-113.40323,53.55924],[-113.40219,53.55841],[-113.40145,53.55763],[-113.40147,53.55609],[-113.40148,53.5547],[-113.4015,53.55236],[-113.40157,53.54185],[-113.40157,53.54136],[-113.40158,53.54117],[-113.41138,53.54115],[-113.41138,53.54138],[-113.41138,53.54223],[-113.41135,53.54225],[-113.41132,53.54226],[-113.40924,53.54349],[-113.40924,53.54287],[-113.40752,53.54287],[-113.40739,53.54391],[-113.40744,53.54391],[-113.40718,53.54612],[-113.40717,53.54785],[-113.40639,53.54784],[-113.40596,53.54833],[-113.40497,53.54947],[-113.40464,53.55212],[-113.40459,53.55214],[-113.40457,53.55234],[-113.40516,53.55254],[-113.40526,53.55251],[-113.40539,53.55245],[-113.40544,53.55252],[-113.4055,53.55259],[-113.40557,53.55264],[-113.4057,53.55271],[-113.40584,53.55277],[-113.40577,53.55284],[-113.40566,53.55296],[-113.40602,53.55323],[-113.40805,53.55332],[-113.40805,53.55296],[-113.40805,53.55286],[-113.40807,53.55286],[-113.40814,53.55284],[-113.40821,53.55282],[-113.40827,53.5528],[-113.40834,53.55277],[-113.4084,53.55274],[-113.40845,53.55271],[-113.4085,53.55267],[-113.40854,53.55264],[-113.40858,53.5526],[-113.40862,53.55256],[-113.40865,53.55251],[-113.40867,53.55247],[-113.40868,53.55242],[-113.4087,53.55238],[-113.4087,53.55233],[-113.4087,53.55229],[-113.40855,53.55103],[-113.40921,53.55103],[-113.4092,53.55244],[-113.41061,53.55244],[-113.41061,53.55289],[-113.4143,53.55289],[-113.41474,53.55297],[-113.41484,53.55308],[-113.41478,53.55323],[-113.41475,53.55339],[-113.41474,53.55367],[-113.4147,53.55366],[-113.41083,53.55354],[-113.41008,53.55351],[-113.40923,53.55373],[-113.40808,53.55456],[-113.40803,53.55532],[-113.40799,53.55536],[-113.40797,53.5556],[-113.409,53.5556],[-113.40976,53.55667],[-113.40998,53.55697],[-113.41005,53.55705],[-113.41018,53.55717],[-113.41033,53.55729],[-113.41051,53.55739],[-113.41069,53.55749],[-113.41194,53.55805],[-113.41184,53.55812],[-113.41152,53.55838],[-113.41268,53.55891],[-113.41273,53.55892],[-113.41768,53.55892],[-113.41772,53.55895],[-113.41823,53.55895],[-113.41838,53.55895],[-113.41838,53.5586],[-113.41852,53.5585],[-113.42311,53.55851],[-113.42311,53.55904],[-113.42311,53.55949],[-113.42312,53.5596],[-113.42316,53.5597],[-113.42324,53.55979],[-113.42334,53.55987],[-113.42342,53.55992],[-113.42351,53.55996],[-113.42361,53.55999],[-113.42372,53.56002],[-113.42383,53.56004],[-113.42394,53.56005],[-113.42406,53.56005],[-113.42417,53.56004],[-113.42432,53.56003],[-113.42465,53.56],[-113.42497,53.55996],[-113.42529,53.55991],[-113.42561,53.55985],[-113.42592,53.55979],[-113.42622,53.55971],[-113.42652,53.55963],[-113.42681,53.55954],[-113.42709,53.55944],[-113.4273,53.55936],[-113.4275,53.55929],[-113.42771,53.5592],[-113.42791,53.5591],[-113.42813,53.559],[-113.42833,53.55889],[-113.42854,53.55877],[-113.42872,53.55864],[-113.42879,53.55859],[-113.42885,53.55854],[-113.4289,53.55848],[-113.42894,53.55842],[-113.42896,53.55835],[-113.42898,53.55829],[-113.42898,53.55822],[-113.42897,53.55815],[-113.42896,53.5581],[-113.42893,53.55804],[-113.4289,53.55798],[-113.42886,53.55793],[-113.42881,53.55788],[-113.42875,53.55783],[-113.42868,53.55779],[-113.42861,53.55775],[-113.42853,53.55771],[-113.42845,53.55768],[-113.42836,53.55765],[-113.42826,53.55763],[-113.42817,53.55761],[-113.42807,53.5576],[-113.42797,53.55759],[-113.42787,53.55759],[-113.42719,53.55759],[-113.4272,53.55708],[-113.42857,53.55704],[-113.42914,53.55702],[-113.42956,53.557],[-113.42996,53.55696],[-113.43029,53.55691],[-113.43066,53.55682],[-113.43101,53.55672],[-113.43134,53.55661],[-113.43171,53.55644],[-113.43201,53.55626],[-113.43233,53.55604],[-113.43299,53.55551],[-113.4345,53.55434],[-113.43465,53.55421],[-113.4348,53.55408],[-113.43493,53.55395],[-113.43507,53.55382],[-113.43519,53.55367],[-113.43529,53.55354],[-113.43538,53.55339],[-113.43548,53.55324],[-113.43555,53.55309],[-113.43562,53.55294],[-113.43568,53.55279],[-113.43573,53.55264],[-113.43577,53.55249],[-113.43581,53.55234],[-113.43582,53.55217],[-113.43579,53.55151],[-113.43584,53.54932],[-113.43652,53.54845],[-113.43664,53.54808],[-113.43664,53.54743],[-113.43665,53.54687],[-113.43663,53.54675],[-113.43659,53.54662],[-113.43654,53.54651],[-113.43646,53.54639],[-113.43636,53.54628],[-113.43622,53.54617],[-113.43609,53.54609],[-113.43425,53.54506],[-113.43249,53.54405],[-113.43145,53.5436],[-113.43112,53.54349],[-113.43084,53.5434],[-113.43053,53.54332],[-113.4303,53.54327],[-113.42996,53.54321],[-113.42935,53.54313],[-113.42935,53.54232],[-113.43005,53.54233],[-113.43005,53.5423],[-113.4301,53.5423],[-113.43091,53.5423],[-113.43091,53.54146],[-113.4309,53.54119],[-113.43229,53.54119],[-113.43229,53.54251],[-113.43225,53.54266],[-113.43225,53.54305],[-113.43451,53.54305],[-113.43451,53.54391],[-113.43523,53.54413],[-113.43547,53.54422],[-113.43619,53.54472],[-113.43619,53.54481],[-113.43619,53.54508],[-113.43727,53.5452],[-113.43795,53.54516],[-113.43912,53.54568],[-113.43978,53.54583],[-113.43994,53.54577],[-113.44006,53.54583],[-113.44026,53.54597],[-113.44041,53.54615],[-113.44052,53.54621],[-113.44046,53.54631],[-113.44061,53.54665],[-113.44112,53.54664],[-113.44199,53.54662],[-113.44252,53.54624],[-113.44274,53.54608],[-113.44296,53.5459],[-113.44313,53.54568],[-113.44329,53.54538],[-113.44334,53.54495],[-113.44332,53.54378],[-113.44385,53.54377],[-113.44456,53.54377],[-113.44456,53.5436],[-113.44532,53.5436],[-113.44532,53.54321],[-113.44532,53.54311],[-113.44645,53.54312],[-113.44645,53.54212],[-113.44714,53.54212],[-113.44714,53.54171],[-113.4472,53.54168],[-113.44771,53.54168],[-113.44771,53.54131],[-113.44773,53.54122],[-113.4493,53.54122],[-113.4493,53.54177],[-113.44856,53.54177],[-113.44817,53.54185],[-113.44817,53.54254],[-113.44847,53.54254],[-113.44788,53.5429],[-113.44788,53.54312],[-113.44788,53.54327],[-113.44773,53.54328],[-113.44715,53.54333],[-113.44689,53.54337],[-113.44666,53.54344],[-113.44646,53.54354],[-113.44631,53.54364],[-113.44615,53.54379],[-113.44615,53.54414],[-113.44583,53.5442],[-113.44542,53.54433],[-113.44505,53.54449],[-113.44482,53.54464],[-113.44465,53.54484],[-113.44458,53.545],[-113.44442,53.545],[-113.44384,53.545],[-113.44383,53.54512],[-113.44374,53.54512],[-113.44374,53.54624],[-113.44374,53.54632],[-113.44317,53.54632],[-113.443,53.54644],[-113.443,53.54735],[-113.44257,53.54735],[-113.44121,53.54808],[-113.44116,53.54815],[-113.44029,53.54814],[-113.44068,53.54842],[-113.44095,53.54872],[-113.44099,53.54884],[-113.44117,53.54896],[-113.44168,53.54921],[-113.44168,53.54934],[-113.44153,53.54934],[-113.44153,53.54957],[-113.44008,53.54975],[-113.44008,53.55014],[-113.43947,53.55014],[-113.43938,53.55019],[-113.43937,53.55199],[-113.43922,53.55284],[-113.43879,53.55332],[-113.43877,53.55335],[-113.43876,53.55337],[-113.43874,53.55339],[-113.43874,53.55342],[-113.43873,53.55344],[-113.43873,53.55347],[-113.43874,53.55349],[-113.43874,53.55351],[-113.43875,53.55354],[-113.43877,53.55356],[-113.43878,53.55358],[-113.4388,53.5536]]]]}},{"type":"Feature","properties":{"name":"EASTGATE BUSINESS PARK"},"geometry":{"type":"MultiPolygon","coordinates":[[[[-113.39409,53.52666],[-113.41103,53.52673],[-113.41497,53.52673],[-113.41866,53.52675],[-113.41862,53.53035],[-113.41858,53.53395],[-113.41855,53.53745],[-113.41855,53.54118],[-113.41491,53.54114],[-113.40158,53.54117],[-113.40157,53.54136],[-113.40101,53.54136],[-113.39401,53.54136],[-113.39404,53.54075],[-113.39408,53.53774],[-113.3941,53.53616],[-113.39413,53.53391],[-113.39413,53.53381],[-113.39411,53.53029],[-113.39409,53.5303],[-113.39408,53.52994],[-113.39411,53.52993],[-113.39409,53.52681],[-113.39409,53.52666]]]]}},{"type":"Feature","properties":{"name":"JAMIESON PLACE"},"geometry":{"type":"MultiPolygon","coordinates":[[[[-113.6512,53.48227],[-113.65186,53.48189],[-113.65186,53.4825],[-113.65411,53.48194],[-113.65566,53.48391],[-113.65562,53.48476],[-113.65551,53.48732],[-113.65463,53.49046],[-113.65445,53.49046],[-113.65445,53.49079],[-113.65317,53.49318],[-113.65258,53.49344],[-113.6521,53.49344],[-113.6521,53.49504],[-113.65135,53.49512],[-113.64839,53.49544],[-113.64611,53.49552],[-113.64017,53.49553],[-113.64017,53.49413],[-113.64016,53.49217],[-113.64027,53.49171],[-113.64044,53.49125],[-113.64071,53.49071],[-113.6409,53.49045],[-113.64111,53.49018],[-113.64135,53.48992],[-113.64163,53.48968],[-113.64319,53.4885],[-113.64353,53.4882],[-113.64382,53.4879],[-113.64408,53.48756],[-113.64555,53.48518],[-113.64578,53.48451],[-113.64692,53.48422],[-113.6483,53.48379],[-113.64901,53.4835],[-113.64971,53.48314],[-113.6512,53.48227]]]]}}]}